--
-- Script was generated by Devart dbForge Data Generator for SQL Server, Version 4.2.76.0
-- Product Home Page: http://www.devart.com/dbforge/sql/data-generator/
-- Script date 24.06.2020 12:56:38
-- Target server version: 15.00.2000
-- Target connection string: Data Source=DESKTOP-DK84REG\MSSQLSERVER01;Encrypt=False;Initial Catalog=PaymentData;Integrated Security=True;User ID=DESKTOP-DK84REG\sas
--



SET LANGUAGE 'Russian'
SET DATEFORMAT ymd
SET ARITHABORT, ANSI_PADDING, ANSI_WARNINGS, CONCAT_NULL_YIELDS_NULL, QUOTED_IDENTIFIER, ANSI_NULLS, NOCOUNT ON
SET NUMERIC_ROUNDABORT, IMPLICIT_TRANSACTIONS, XACT_ABORT OFF
GO

--
-- Backing up database PaymentData
--
--
-- Create backup folder
--
IF OBJECT_ID('xp_create_subdir') IS NOT NULL
  EXEC xp_create_subdir N'D:\Program Files\MSSQL15.MSSQLSERVER01\MSSQL\Backup'
--
-- Backup database to the file with the name: <database_name>_<yyyy>_<mm>_<dd>_<hh>_<mi>.bak
--
DECLARE @db_name SYSNAME
SET @db_name = N'PaymentData'

DECLARE @filepath NVARCHAR(4000)
SET @filepath =
/*define base part*/ N'D:\Program Files\MSSQL15.MSSQLSERVER01\MSSQL\Backup\' + @db_name + '_' +
/*append date*/ REPLACE(CONVERT(NVARCHAR(10), GETDATE(), 102), '.', '_') + '_' +
/*append time*/ REPLACE(CONVERT(NVARCHAR(5), GETDATE(), 108), ':', '_') + '.bak'

DECLARE @SQL NVARCHAR(MAX)
SET @SQL = 
    N'BACKUP DATABASE ' + QUOTENAME(@db_name) + ' TO DISK = @filepath WITH INIT' + 
      CASE WHEN EXISTS(
                SELECT value
                FROM sys.configurations
                WHERE name = 'backup compression default'
          )
        THEN ', COMPRESSION'
        ELSE ''
      END

EXEC sys.sp_executesql @SQL, N'@filepath NVARCHAR(4000)', @filepath = @filepath
GO

USE PaymentData
GO

IF DB_NAME() <> N'PaymentData' SET NOEXEC ON
GO

--
-- Disabling DML triggers for dbo.PaymentParticipant
--
DISABLE TRIGGER ALL ON dbo.PaymentParticipant
GO

--
-- Disabling DML triggers for dbo.Project
--
DISABLE TRIGGER ALL ON dbo.Project
GO

--
-- Disabling DML triggers for dbo.Payment
--
DISABLE TRIGGER ALL ON dbo.Payment
GO
--
-- Delete data from the table 'dbo.Supplier'
--
TRUNCATE TABLE dbo.Supplier
GO
--
-- Delete data from the table 'dbo.Payment'
--
TRUNCATE TABLE dbo.Payment
GO
--
-- Delete data from the table 'dbo.Cashbox'
--
TRUNCATE TABLE dbo.Cashbox
GO
--
-- Delete data from the table 'dbo.Bank'
--
TRUNCATE TABLE dbo.Bank
GO
--
-- Delete data from the table 'dbo.Project'
--
DELETE dbo.Project
GO
--
-- Delete data from the table 'dbo.Employee'
--
DELETE dbo.Employee
GO
--
-- Delete data from the table 'dbo.Client'
--
DELETE dbo.Client
GO
--
-- Delete data from the table 'dbo.PaymentParticipant'
--
DELETE dbo.PaymentParticipant
GO

--
-- Inserting data into table dbo.PaymentParticipant
--
INSERT dbo.PaymentParticipant(Oid, Balance, Name, OptimisticLockField, GCRecord, ObjectType, ActiveFrom, InactiveFrom, BankDetails, Balance2, Balance3) VALUES ('699acaa2-66da-563a-1702-ce5da15ac776', 16, N'LNQKQ9781P', -254926217, -1432851621, -463293378, '2007-06-16 00:21:12.980', '2007-07-24 21:34:58.040', N'LHJTV9979R', 39, 47)
INSERT dbo.PaymentParticipant(Oid, Balance, Name, OptimisticLockField, GCRecord, ObjectType, ActiveFrom, InactiveFrom, BankDetails, Balance2, Balance3) VALUES ('2f1172a9-1b5d-6fc4-777e-3e3b283cabde', 1, N'TZPBX7161K', -31, -1030416957, -1501329100, '2005-02-03 02:55:46.700', '2004-03-15 06:03:47.840', N'ELJHG5815K', 62, 37)
INSERT dbo.PaymentParticipant(Oid, Balance, Name, OptimisticLockField, GCRecord, ObjectType, ActiveFrom, InactiveFrom, BankDetails, Balance2, Balance3) VALUES ('2f8a5a0d-54fa-587b-5676-66508ad02725', 82, N'TXKKN1483R', -997859113, -1794334035, 67, '2010-02-21 06:29:55.610', '2003-02-24 18:12:02.310', N'HCECO1958L', 75, 6)
INSERT dbo.PaymentParticipant(Oid, Balance, Name, OptimisticLockField, GCRecord, ObjectType, ActiveFrom, InactiveFrom, BankDetails, Balance2, Balance3) VALUES ('6f0fc907-5bf7-6e28-ef96-94965a4eaa62', 60, N'NSTFD3526N', 460, NULL, -940489305, '1994-11-05 09:44:24.020', NULL, NULL, NULL, 15)
INSERT dbo.PaymentParticipant(Oid, Balance, Name, OptimisticLockField, GCRecord, ObjectType, ActiveFrom, InactiveFrom, BankDetails, Balance2, Balance3) VALUES ('5984fdaa-1e0e-68c7-3e2b-e89ea5388e0b', 60, N'GZSHY7839I', 9312, -1925050876, -1163814149, '1990-11-13 03:37:40.070', '2005-10-05 01:56:36.660', N'JAGFN5826P', 81, 77)
INSERT dbo.PaymentParticipant(Oid, Balance, Name, OptimisticLockField, GCRecord, ObjectType, ActiveFrom, InactiveFrom, BankDetails, Balance2, Balance3) VALUES ('7e919581-5fd4-1caf-5776-66508ad02725', 8, N'CCLCL4513W', -1906251446, -997713899, -865590283, '1997-11-22 13:43:41.460', '1970-12-29 18:56:45.940', N'CFWHM7349L', 72, 68)
INSERT dbo.PaymentParticipant(Oid, Balance, Name, OptimisticLockField, GCRecord, ObjectType, ActiveFrom, InactiveFrom, BankDetails, Balance2, Balance3) VALUES ('5ebb6116-1627-3f70-0602-eefebbd653b8', 38, N'AKHTL2179M', 87, -1765423586, -8, '2004-08-24 21:02:33.780', '2003-10-10 17:59:32.150', N'WWRGY8818J', 9, 50)
INSERT dbo.PaymentParticipant(Oid, Balance, Name, OptimisticLockField, GCRecord, ObjectType, ActiveFrom, InactiveFrom, BankDetails, Balance2, Balance3) VALUES ('3a6dba26-6960-6953-d74b-16e575b61049', 82, N'LRCPD1125U', 3851, -1157183679, -1541817106, '1979-05-13 21:11:17.280', '2009-03-14 23:03:01.230', N'FRSCH4392I', 47, 38)
INSERT dbo.PaymentParticipant(Oid, Balance, Name, OptimisticLockField, GCRecord, ObjectType, ActiveFrom, InactiveFrom, BankDetails, Balance2, Balance3) VALUES ('751604f5-1e51-6d47-3f2b-e89ea5388e0b', 80, N'ABYLL1214R', -883264385, 79, -2036831691, '1971-10-03 23:04:13.400', '2010-02-04 23:25:23.320', N'OPGJT1785J', 7, 3)
INSERT dbo.PaymentParticipant(Oid, Balance, Name, OptimisticLockField, GCRecord, ObjectType, ActiveFrom, InactiveFrom, BankDetails, Balance2, Balance3) VALUES ('5f0a8444-3de1-3f02-eeb6-6f4dd73eba9e', 53, N'BAJTD1582L', -583307337, 87, -361358126, '2008-12-13 11:48:51.780', '2006-09-08 09:24:22.630', N'MRLCS2367H', 8, 63)
INSERT dbo.PaymentParticipant(Oid, Balance, Name, OptimisticLockField, GCRecord, ObjectType, ActiveFrom, InactiveFrom, BankDetails, Balance2, Balance3) VALUES ('4abdf3c0-7507-7423-304d-4c0f86f26090', 43, N'FFFLN7464X', 5348, -1377813044, -1764359293, '1992-10-07 19:18:32.090', '1988-11-25 08:52:51.310', N'ZUQBH4439H', 87, 21)
INSERT dbo.PaymentParticipant(Oid, Balance, Name, OptimisticLockField, GCRecord, ObjectType, ActiveFrom, InactiveFrom, BankDetails, Balance2, Balance3) VALUES ('228bfc03-38db-4741-f096-94965a4eaa62', 77, N'GZZPK5323C', -780117874, -98, 9, '2017-07-09 20:37:45.540', '1987-08-28 05:55:55.890', N'KENPT5778P', 39, 57)
INSERT dbo.PaymentParticipant(Oid, Balance, Name, OptimisticLockField, GCRecord, ObjectType, ActiveFrom, InactiveFrom, BankDetails, Balance2, Balance3) VALUES ('26c1e1f8-3a26-53fe-5876-66508ad02725', 58, N'PBTGK5391F', 7742, -8177, -298, '2009-09-28 23:45:54.110', '1988-09-11 14:52:36.120', N'INKTI4845G', 24, 16)
INSERT dbo.PaymentParticipant(Oid, Balance, Name, OptimisticLockField, GCRecord, ObjectType, ActiveFrom, InactiveFrom, BankDetails, Balance2, Balance3) VALUES ('49bdab11-1115-7150-d84b-16e575b61049', 71, N'UHXGY3651W', -395294466, 0, -1309034076, '1974-09-14 20:02:24.010', '1981-08-24 18:43:11.120', N'SUPFD2762E', 25, 70)
INSERT dbo.PaymentParticipant(Oid, Balance, Name, OptimisticLockField, GCRecord, ObjectType, ActiveFrom, InactiveFrom, BankDetails, Balance2, Balance3) VALUES ('397bc919-4888-5ab2-402b-e89ea5388e0b', 1, N'WQZCT1663Z', 710, -1120600405, -1406400249, '2001-04-11 08:08:17.160', '1997-07-02 08:56:25.080', N'BASLE6622Y', 27, 48)
INSERT dbo.PaymentParticipant(Oid, Balance, Name, OptimisticLockField, GCRecord, ObjectType, ActiveFrom, InactiveFrom, BankDetails, Balance2, Balance3) VALUES ('24fee4c1-709c-79d6-1802-ce5da15ac776', 99, N'JMFKY1615I', -1682896328, -231, -1937522438, '1999-09-19 06:20:56.330', '2010-03-04 19:34:54.500', N'DOPGF7312X', 10, 24)
INSERT dbo.PaymentParticipant(Oid, Balance, Name, OptimisticLockField, GCRecord, ObjectType, ActiveFrom, InactiveFrom, BankDetails, Balance2, Balance3) VALUES ('244bd1b5-7428-4b87-0702-eefebbd653b8', 21, N'TDNAV1118M', -837065396, -269, -788164678, '2020-01-15 00:03:13.600', '1985-02-09 06:52:58.460', N'AESPC1546G', 69, 22)
INSERT dbo.PaymentParticipant(Oid, Balance, Name, OptimisticLockField, GCRecord, ObjectType, ActiveFrom, InactiveFrom, BankDetails, Balance2, Balance3) VALUES ('6c4c1f9b-1644-2620-5976-66508ad02725', 16, N'FGYFK7131B', -2064525449, -1487623419, -1806017762, '1998-08-18 14:17:56.480', '2019-08-19 06:28:05.710', N'SWULZ8471V', 53, 6)
INSERT dbo.PaymentParticipant(Oid, Balance, Name, OptimisticLockField, GCRecord, ObjectType, ActiveFrom, InactiveFrom, BankDetails, Balance2, Balance3) VALUES ('481c748b-2a85-2a28-efb6-6f4dd73eba9e', 9, N'CPOGW8574Z', -1957096286, -1728225444, 61, '1976-02-20 09:56:28.710', '1982-10-26 21:56:39.070', N'WTXCP2443I', 21, 67)
INSERT dbo.PaymentParticipant(Oid, Balance, Name, OptimisticLockField, GCRecord, ObjectType, ActiveFrom, InactiveFrom, BankDetails, Balance2, Balance3) VALUES ('1e3453a2-3ef5-5f70-8dc9-bcec0cd444f8', 63, N'BRFJC4523Z', 9, NULL, -1214754137, '2018-12-29 04:52:01.020', NULL, NULL, NULL, 26)
INSERT dbo.PaymentParticipant(Oid, Balance, Name, OptimisticLockField, GCRecord, ObjectType, ActiveFrom, InactiveFrom, BankDetails, Balance2, Balance3) VALUES ('499200b3-46a5-60a7-f196-94965a4eaa62', 33, N'TBEKY5243Z', -1883059763, -560, NULL, '1978-01-14 06:35:00.730', '2000-04-18 19:19:22.820', N'SYPCC7594Y', 17, NULL)
INSERT dbo.PaymentParticipant(Oid, Balance, Name, OptimisticLockField, GCRecord, ObjectType, ActiveFrom, InactiveFrom, BankDetails, Balance2, Balance3) VALUES ('14735d5d-67ff-5dad-412b-e89ea5388e0b', 50, N'PSYLZ5529F', -919675575, -499394584, -713630034, '1995-09-25 05:50:12.730', '1992-12-14 10:51:47.820', N'ZRUFW2361G', 26, 76)
INSERT dbo.PaymentParticipant(Oid, Balance, Name, OptimisticLockField, GCRecord, ObjectType, ActiveFrom, InactiveFrom, BankDetails, Balance2, Balance3) VALUES ('1b3166b4-1301-5956-5a76-66508ad02725', 6, N'LGVJH8593Y', -36, -68, -261, '1998-11-13 03:17:00.060', '2015-03-27 11:48:35.050', N'ZMHHV9544U', 9, 24)
INSERT dbo.PaymentParticipant(Oid, Balance, Name, OptimisticLockField, GCRecord, ObjectType, ActiveFrom, InactiveFrom, BankDetails, Balance2, Balance3) VALUES ('5aa02579-73ed-23cd-314d-4c0f86f26090', 62, N'QYUFG4318K', -568575712, 33, -290433946, '1998-05-18 00:52:17.450', '1978-08-15 17:23:59.540', N'ROQGF3993Q', 72, 52)
INSERT dbo.PaymentParticipant(Oid, Balance, Name, OptimisticLockField, GCRecord, ObjectType, ActiveFrom, InactiveFrom, BankDetails, Balance2, Balance3) VALUES ('3f22df3a-3b15-3b5a-787e-3e3b283cabde', 8, N'DUKKQ8752Z', -719083019, -838133017, NULL, '1976-05-28 13:27:18.110', '2013-06-17 01:23:04.310', N'XUQPN2174V', 10, NULL)
INSERT dbo.PaymentParticipant(Oid, Balance, Name, OptimisticLockField, GCRecord, ObjectType, ActiveFrom, InactiveFrom, BankDetails, Balance2, Balance3) VALUES ('669afd3f-720a-6e34-1902-ce5da15ac776', NULL, NULL, NULL, -2024878791, -282393077, NULL, '1989-06-21 22:17:36.390', N'RYXAH8298S', 48, 24)
INSERT dbo.PaymentParticipant(Oid, Balance, Name, OptimisticLockField, GCRecord, ObjectType, ActiveFrom, InactiveFrom, BankDetails, Balance2, Balance3) VALUES ('5f00c41b-39dc-51ee-0802-eefebbd653b8', 72, N'UULCJ7636Y', -2005, -2089407047, -52579373, '2005-10-24 08:11:13.020', '2011-12-26 20:14:15.690', N'TSRHG6592Q', 88, 4)
INSERT dbo.PaymentParticipant(Oid, Balance, Name, OptimisticLockField, GCRecord, ObjectType, ActiveFrom, InactiveFrom, BankDetails, Balance2, Balance3) VALUES ('336d8f99-255d-646e-f0b6-6f4dd73eba9e', NULL, NULL, NULL, -371, -1047813450, NULL, '1973-10-12 05:29:56.140', N'HJWLG5738J', 8, 98)
INSERT dbo.PaymentParticipant(Oid, Balance, Name, OptimisticLockField, GCRecord, ObjectType, ActiveFrom, InactiveFrom, BankDetails, Balance2, Balance3) VALUES ('66a18612-296a-25b0-d94b-16e575b61049', 4, N'MMWGN7162C', -1246720837, -1960726208, -44349581, '2008-07-10 22:38:07.920', '1983-09-01 12:33:15.990', N'DXUGI3698P', 9, 70)
INSERT dbo.PaymentParticipant(Oid, Balance, Name, OptimisticLockField, GCRecord, ObjectType, ActiveFrom, InactiveFrom, BankDetails, Balance2, Balance3) VALUES ('7a311573-456f-56e3-0902-eefebbd653b8', 66, N'RORCI3739E', -7, -164353808, -1614371650, '1971-12-31 16:27:52.520', '2001-07-22 06:18:24.050', N'ETSCC2585O', 48, 8)
INSERT dbo.PaymentParticipant(Oid, Balance, Name, OptimisticLockField, GCRecord, ObjectType, ActiveFrom, InactiveFrom, BankDetails, Balance2, Balance3) VALUES ('1a361dba-2edd-6ebd-324d-4c0f86f26090', 33, N'WODGO3283T', -2018875483, 7, -404426929, '2003-06-16 09:00:33.030', '2004-03-16 18:04:41.860', N'LLTJC2768P', 75, 83)
INSERT dbo.PaymentParticipant(Oid, Balance, Name, OptimisticLockField, GCRecord, ObjectType, ActiveFrom, InactiveFrom, BankDetails, Balance2, Balance3) VALUES ('36ce1756-1d21-7373-f1b6-6f4dd73eba9e', 6, N'LFUKZ3721C', -1437852687, 751, -478389713, '2013-05-27 09:20:18.210', '1978-05-13 09:21:17.540', N'VVECX6839T', 1, 24)
INSERT dbo.PaymentParticipant(Oid, Balance, Name, OptimisticLockField, GCRecord, ObjectType, ActiveFrom, InactiveFrom, BankDetails, Balance2, Balance3) VALUES ('284445b2-65be-4f66-422b-e89ea5388e0b', 62, N'GNXAU6726K', -1833416339, -890363848, -337335572, '1988-01-13 16:29:05.910', '1999-02-19 07:43:53.980', N'TFMBG1123N', 63, 25)
INSERT dbo.PaymentParticipant(Oid, Balance, Name, OptimisticLockField, GCRecord, ObjectType, ActiveFrom, InactiveFrom, BankDetails, Balance2, Balance3) VALUES ('4f7021f5-7800-11be-0a02-eefebbd653b8', 40, N'HRLHJ6584N', -779472370, -53701857, -3329, '1976-02-01 09:32:47.740', '2015-09-25 20:28:11.530', N'EZEPM1515J', 27, 52)
INSERT dbo.PaymentParticipant(Oid, Balance, Name, OptimisticLockField, GCRecord, ObjectType, ActiveFrom, InactiveFrom, BankDetails, Balance2, Balance3) VALUES ('43624c49-472d-4810-f296-94965a4eaa62', 74, N'ABETE6349T', -92204209, -1769301196, -585691371, '1983-11-16 10:23:45.860', '1995-04-14 08:03:56.560', N'WVBTO5449D', 57, 48)
INSERT dbo.PaymentParticipant(Oid, Balance, Name, OptimisticLockField, GCRecord, ObjectType, ActiveFrom, InactiveFrom, BankDetails, Balance2, Balance3) VALUES ('36460dcf-323b-1391-8ec9-bcec0cd444f8', 59, N'HNCJT1733T', -1989361277, -1052188259, -643386522, '1984-10-06 12:56:07.530', '1994-09-13 18:28:13.900', N'MQGGJ8615T', 63, 74)
INSERT dbo.PaymentParticipant(Oid, Balance, Name, OptimisticLockField, GCRecord, ObjectType, ActiveFrom, InactiveFrom, BankDetails, Balance2, Balance3) VALUES ('69619ef2-1249-20fa-797e-3e3b283cabde', 51, N'UUZPU9959P', -911597340, -326886560, -1713443516, '2007-12-16 12:18:53.270', '2017-03-03 01:40:56.810', N'IVVAC6719Z', 39, 26)
INSERT dbo.PaymentParticipant(Oid, Balance, Name, OptimisticLockField, GCRecord, ObjectType, ActiveFrom, InactiveFrom, BankDetails, Balance2, Balance3) VALUES ('61e25755-3de1-1adf-8fc9-bcec0cd444f8', 40, N'PWETI7579I', -5701, -335207885, NULL, '1989-06-10 03:11:17.990', '2016-05-12 10:17:51.490', N'VFGCI6694Q', 60, NULL)
INSERT dbo.PaymentParticipant(Oid, Balance, Name, OptimisticLockField, GCRecord, ObjectType, ActiveFrom, InactiveFrom, BankDetails, Balance2, Balance3) VALUES ('1259a17c-69e8-7a1c-da4b-16e575b61049', 61, N'CYBGN3568Y', -1239403114, -807249409, -1277036079, '1979-10-12 20:15:56.720', '1998-06-16 11:39:53.160', N'DRHKF9924O', 71, 39)
INSERT dbo.PaymentParticipant(Oid, Balance, Name, OptimisticLockField, GCRecord, ObjectType, ActiveFrom, InactiveFrom, BankDetails, Balance2, Balance3) VALUES ('7959e1dd-2e0b-4306-7a7e-3e3b283cabde', 24, N'DUMBN9791Q', -1345648479, -674764348, -137745753, '1994-12-12 09:32:43.770', '1998-08-06 02:24:03.300', N'PDLPT8315U', 18, 27)
INSERT dbo.PaymentParticipant(Oid, Balance, Name, OptimisticLockField, GCRecord, ObjectType, ActiveFrom, InactiveFrom, BankDetails, Balance2, Balance3) VALUES ('36a4260a-7f6c-2ec6-f2b6-6f4dd73eba9e', 5, N'DPQPN5615P', 8, NULL, -1806418232, '1978-02-15 03:08:53.350', NULL, NULL, NULL, 39)
INSERT dbo.PaymentParticipant(Oid, Balance, Name, OptimisticLockField, GCRecord, ObjectType, ActiveFrom, InactiveFrom, BankDetails, Balance2, Balance3) VALUES ('5e306560-6b07-2cdf-5b76-66508ad02725', 53, N'EOVTY6373H', -1238043340, -497018496, -363070903, '2011-07-27 09:56:48.040', '2006-05-14 09:03:32.770', N'QHJKR3925U', 65, 76)
INSERT dbo.PaymentParticipant(Oid, Balance, Name, OptimisticLockField, GCRecord, ObjectType, ActiveFrom, InactiveFrom, BankDetails, Balance2, Balance3) VALUES ('1a591774-4565-7236-90c9-bcec0cd444f8', 65, N'NKNPR8358E', -5, -534726462, -2120990603, '1991-06-28 06:50:17.490', '1972-06-15 02:00:31.680', N'CXLBV2333T', 23, 97)
INSERT dbo.PaymentParticipant(Oid, Balance, Name, OptimisticLockField, GCRecord, ObjectType, ActiveFrom, InactiveFrom, BankDetails, Balance2, Balance3) VALUES ('66b0e9ee-53c2-4a98-432b-e89ea5388e0b', 46, N'CPUTN6236L', -59129593, -1089280074, -444359426, '2010-10-13 04:17:24.540', '1983-12-01 04:26:24.050', N'OFMPP2289S', 35, 62)
INSERT dbo.PaymentParticipant(Oid, Balance, Name, OptimisticLockField, GCRecord, ObjectType, ActiveFrom, InactiveFrom, BankDetails, Balance2, Balance3) VALUES ('51d8cc33-7be1-161f-f396-94965a4eaa62', 22, N'ZMTTI6653N', -1804208909, 6532, 7, '1998-03-25 18:33:23.320', '1992-12-09 23:22:42.910', N'QZYLH7629H', 38, 58)
INSERT dbo.PaymentParticipant(Oid, Balance, Name, OptimisticLockField, GCRecord, ObjectType, ActiveFrom, InactiveFrom, BankDetails, Balance2, Balance3) VALUES ('1257615f-5ea8-6cd9-0b02-eefebbd653b8', NULL, NULL, NULL, 1, NULL, NULL, '2015-02-17 09:46:11.250', N'QDPCB3515N', 26, NULL)
INSERT dbo.PaymentParticipant(Oid, Balance, Name, OptimisticLockField, GCRecord, ObjectType, ActiveFrom, InactiveFrom, BankDetails, Balance2, Balance3) VALUES ('37e456ed-14a3-6717-f3b6-6f4dd73eba9e', 16, N'DYDPX1799Y', -751, -102410662, -2054508932, '2016-04-12 23:57:19.580', '1973-07-29 20:38:51.620', N'EHHGE9116U', 62, 91)
INSERT dbo.PaymentParticipant(Oid, Balance, Name, OptimisticLockField, GCRecord, ObjectType, ActiveFrom, InactiveFrom, BankDetails, Balance2, Balance3) VALUES ('202cad24-4598-16cf-1a02-ce5da15ac776', 25, N'BSTLX8919Q', -898, NULL, -913965177, '1984-07-01 17:24:08.910', NULL, NULL, NULL, 89)
INSERT dbo.PaymentParticipant(Oid, Balance, Name, OptimisticLockField, GCRecord, ObjectType, ActiveFrom, InactiveFrom, BankDetails, Balance2, Balance3) VALUES ('58fc185f-1925-3117-334d-4c0f86f26090', 97, N'LCJPG4553R', 69, -1640056529, NULL, '2017-07-24 06:38:14.960', '1990-04-21 01:53:55.050', N'BDHLS1339B', 87, NULL)
INSERT dbo.PaymentParticipant(Oid, Balance, Name, OptimisticLockField, GCRecord, ObjectType, ActiveFrom, InactiveFrom, BankDetails, Balance2, Balance3) VALUES ('2dc6dc0b-307b-3bde-5c76-66508ad02725', 68, N'AWNTW1499Y', -5, -1726512000, -164238798, '2014-11-21 15:01:29.980', '2000-09-23 22:03:46.280', N'ANDFC1942B', 68, 59)
GO

--
-- Inserting data into table dbo.Client
--
INSERT dbo.Client(Oid, FirstName, SecondName, Phone) VALUES ('2dc6dc0b-307b-3bde-5c76-66508ad02725', N'Elwood', N'Coleman', N'(877) 128-5657')
INSERT dbo.Client(Oid, FirstName, SecondName, Phone) VALUES ('66b0e9ee-53c2-4a98-432b-e89ea5388e0b', NULL, N'Fife', NULL)
INSERT dbo.Client(Oid, FirstName, SecondName, Phone) VALUES ('7e919581-5fd4-1caf-5776-66508ad02725', N'Lindsey', N'Severson', N'(615) 958-2687')
INSERT dbo.Client(Oid, FirstName, SecondName, Phone) VALUES ('699acaa2-66da-563a-1702-ce5da15ac776', N'Deedra', N'Turney', N'(904) 187-6158')
INSERT dbo.Client(Oid, FirstName, SecondName, Phone) VALUES ('1259a17c-69e8-7a1c-da4b-16e575b61049', N'Rayford', N'Mattox', N'(389) 664-8463')
INSERT dbo.Client(Oid, FirstName, SecondName, Phone) VALUES ('4f7021f5-7800-11be-0a02-eefebbd653b8', N'Sonny', N'Seward', N'(224) 768-0727')
INSERT dbo.Client(Oid, FirstName, SecondName, Phone) VALUES ('36ce1756-1d21-7373-f1b6-6f4dd73eba9e', N'Hope', N'Turpin', N'(434) 643-2196')
INSERT dbo.Client(Oid, FirstName, SecondName, Phone) VALUES ('37e456ed-14a3-6717-f3b6-6f4dd73eba9e', N'Chandra', N'Kelsey', N'(339) 239-5458')
INSERT dbo.Client(Oid, FirstName, SecondName, Phone) VALUES ('5ebb6116-1627-3f70-0602-eefebbd653b8', N'Charolette', N'Mattson', N'(402) 533-4967')
INSERT dbo.Client(Oid, FirstName, SecondName, Phone) VALUES ('49bdab11-1115-7150-d84b-16e575b61049', N'Kim', N'Overby', N'(326) 891-3864')
INSERT dbo.Client(Oid, FirstName, SecondName, Phone) VALUES ('51d8cc33-7be1-161f-f396-94965a4eaa62', N'Randolph', N'Rushing', N'(685) 825-8109')
INSERT dbo.Client(Oid, FirstName, SecondName, Phone) VALUES ('7959e1dd-2e0b-4306-7a7e-3e3b283cabde', N'Jonah', N'Cosgrove', N'(791) 539-4168')
INSERT dbo.Client(Oid, FirstName, SecondName, Phone) VALUES ('202cad24-4598-16cf-1a02-ce5da15ac776', N'Adah', N'Bohn', N'(266) 681-8929')
INSERT dbo.Client(Oid, FirstName, SecondName, Phone) VALUES ('5f00c41b-39dc-51ee-0802-eefebbd653b8', N'Bernard', N'Kelso', N'(892) 490-6962')
INSERT dbo.Client(Oid, FirstName, SecondName, Phone) VALUES ('1257615f-5ea8-6cd9-0b02-eefebbd653b8', N'Antonia', N'Mauldin', N'(883) 613-5067')
INSERT dbo.Client(Oid, FirstName, SecondName, Phone) VALUES ('43624c49-472d-4810-f296-94965a4eaa62', N'Jean', N'Overstreet', N'(284) 669-3516')
INSERT dbo.Client(Oid, FirstName, SecondName, Phone) VALUES ('2f1172a9-1b5d-6fc4-777e-3e3b283cabde', NULL, N'Russ', NULL)
INSERT dbo.Client(Oid, FirstName, SecondName, Phone) VALUES ('36a4260a-7f6c-2ec6-f2b6-6f4dd73eba9e', N'Vincenzo', N'Coles', N'(596) 640-1634')
INSERT dbo.Client(Oid, FirstName, SecondName, Phone) VALUES ('1e3453a2-3ef5-5f70-8dc9-bcec0cd444f8', N'Isaac', N'Sewell', N'(229) 509-0022')
INSERT dbo.Client(Oid, FirstName, SecondName, Phone) VALUES ('36460dcf-323b-1391-8ec9-bcec0cd444f8', N'Terry', N'Tuttle', N'(905) 230-0670')
INSERT dbo.Client(Oid, FirstName, SecondName, Phone) VALUES ('3a6dba26-6960-6953-d74b-16e575b61049', NULL, N'Sexton', NULL)
INSERT dbo.Client(Oid, FirstName, SecondName, Phone) VALUES ('284445b2-65be-4f66-422b-e89ea5388e0b', N'Gerry', N'Tyler', N'(726) 780-7028')
INSERT dbo.Client(Oid, FirstName, SecondName, Phone) VALUES ('2f8a5a0d-54fa-587b-5676-66508ad02725', N'Bernardina', N'Boisvert', N'(323) 129-1050')
INSERT dbo.Client(Oid, FirstName, SecondName, Phone) VALUES ('751604f5-1e51-6d47-3f2b-e89ea5388e0b', N'Kent', N'Kemp', N'(709) 214-4070')
INSERT dbo.Client(Oid, FirstName, SecondName, Phone) VALUES ('6f0fc907-5bf7-6e28-ef96-94965a4eaa62', N'Adolph', N'Maupin', N'(906) 068-8306')
INSERT dbo.Client(Oid, FirstName, SecondName, Phone) VALUES ('58fc185f-1925-3117-334d-4c0f86f26090', N'Leif', N'Coley', N'(190) 627-1641')
INSERT dbo.Client(Oid, FirstName, SecondName, Phone) VALUES ('397bc919-4888-5ab2-402b-e89ea5388e0b', N'Adan', N'Kemper', N'(175) 057-8554')
INSERT dbo.Client(Oid, FirstName, SecondName, Phone) VALUES ('5f0a8444-3de1-3f02-eeb6-6f4dd73eba9e', N'Kathey', N'Overton', N'(889) 518-4429')
INSERT dbo.Client(Oid, FirstName, SecondName, Phone) VALUES ('336d8f99-255d-646e-f0b6-6f4dd73eba9e', N'Felisa', N'Figueroa', N'(173) 393-4530')
INSERT dbo.Client(Oid, FirstName, SecondName, Phone) VALUES ('1b3166b4-1301-5956-5a76-66508ad02725', N'Rachele', N'Costa', N'(642) 688-5246')
INSERT dbo.Client(Oid, FirstName, SecondName, Phone) VALUES ('5e306560-6b07-2cdf-5b76-66508ad02725', N'Adaline', N'Seymore', N'(531) 501-8295')
INSERT dbo.Client(Oid, FirstName, SecondName, Phone) VALUES ('69619ef2-1249-20fa-797e-3e3b283cabde', N'Maynard', N'Russell', N'(547) 074-8716')
INSERT dbo.Client(Oid, FirstName, SecondName, Phone) VALUES ('5984fdaa-1e0e-68c7-3e2b-e89ea5388e0b', N'Dwain', N'Owen', N'(559) 287-6791')
INSERT dbo.Client(Oid, FirstName, SecondName, Phone) VALUES ('4abdf3c0-7507-7423-304d-4c0f86f26090', N'Karine', N'Boland', N'(831) 860-1449')
INSERT dbo.Client(Oid, FirstName, SecondName, Phone) VALUES ('499200b3-46a5-60a7-f196-94965a4eaa62', N'Cordell', N'Tyner', N'(117) 729-0477')
INSERT dbo.Client(Oid, FirstName, SecondName, Phone) VALUES ('1a591774-4565-7236-90c9-bcec0cd444f8', N'Chana', N'Finch', N'(159) 534-8146')
INSERT dbo.Client(Oid, FirstName, SecondName, Phone) VALUES ('66a18612-296a-25b0-d94b-16e575b61049', N'Kelsi', N'Seymour', N'(512) 822-2246')
INSERT dbo.Client(Oid, FirstName, SecondName, Phone) VALUES ('24fee4c1-709c-79d6-1802-ce5da15ac776', N'Lester', N'Costello', N'(723) 868-2413')
INSERT dbo.Client(Oid, FirstName, SecondName, Phone) VALUES ('5aa02579-73ed-23cd-314d-4c0f86f26090', N'Adria', N'Collado', N'(106) 109-6937')
INSERT dbo.Client(Oid, FirstName, SecondName, Phone) VALUES ('14735d5d-67ff-5dad-412b-e89ea5388e0b', N'David', N'Tyree', N'(843) 443-5571')
INSERT dbo.Client(Oid, FirstName, SecondName, Phone) VALUES ('7a311573-456f-56e3-0902-eefebbd653b8', N'Ferne', N'Russo', N'(286) 642-2495')
INSERT dbo.Client(Oid, FirstName, SecondName, Phone) VALUES ('3f22df3a-3b15-3b5a-787e-3e3b283cabde', N'Kent', N'Maurer', N'(464) 427-2112')
INSERT dbo.Client(Oid, FirstName, SecondName, Phone) VALUES ('61e25755-3de1-1adf-8fc9-bcec0cd444f8', N'Kizzy', N'Kendall', N'(682) 404-3526')
INSERT dbo.Client(Oid, FirstName, SecondName, Phone) VALUES ('1a361dba-2edd-6ebd-324d-4c0f86f26090', N'Alanna', N'Mauro', N'(155) 159-0140')
INSERT dbo.Client(Oid, FirstName, SecondName, Phone) VALUES ('244bd1b5-7428-4b87-0702-eefebbd653b8', N'Reatha', N'Owens', N'(248) 158-1877')
INSERT dbo.Client(Oid, FirstName, SecondName, Phone) VALUES ('669afd3f-720a-6e34-1902-ce5da15ac776', N'Theron', N'Rust', N'(648) 376-0672')
INSERT dbo.Client(Oid, FirstName, SecondName, Phone) VALUES ('228bfc03-38db-4741-f096-94965a4eaa62', N'Jodee', N'Shackelford', N'(890) 191-4526')
INSERT dbo.Client(Oid, FirstName, SecondName, Phone) VALUES ('6c4c1f9b-1644-2620-5976-66508ad02725', N'Raven', N'Fincher', N'(103) 512-5221')
INSERT dbo.Client(Oid, FirstName, SecondName, Phone) VALUES ('26c1e1f8-3a26-53fe-5876-66508ad02725', N'Ronda', N'Tyson', N'(312) 593-2034')
INSERT dbo.Client(Oid, FirstName, SecondName, Phone) VALUES ('481c748b-2a85-2a28-efb6-6f4dd73eba9e', N'Cody', N'Bolden', N'(298) 926-2969')
GO

--
-- Inserting data into table dbo.Employee
--
INSERT dbo.Employee(Oid, BusyUntil, SecondName, Stuff, HourPrice, Patronymic, PlanfixId, Head, PlanfixMoneyRequestTask) VALUES ('43624c49-472d-4810-f296-94965a4eaa62', '1979-09-21 11:03:13.630', N'Sousa', -391015816, 1999, N'1ZP9U3B3F', 1, '1e3453a2-3ef5-5f70-8dc9-bcec0cd444f8', N'3')
INSERT dbo.Employee(Oid, BusyUntil, SecondName, Stuff, HourPrice, Patronymic, PlanfixId, Head, PlanfixMoneyRequestTask) VALUES ('2dc6dc0b-307b-3bde-5c76-66508ad02725', '2007-07-25 01:16:27.740', N'Welker', -616262821, 1903, N'1R8JR9K8X09X0623723033L629L3W63C26G8ZY369VZ66VZSF0012P5MI037QU262BR63R3H', 2, '36ce1756-1d21-7373-f1b6-6f4dd73eba9e', N'863S39')
INSERT dbo.Employee(Oid, BusyUntil, SecondName, Stuff, HourPrice, Patronymic, PlanfixId, Head, PlanfixMoneyRequestTask) VALUES ('1257615f-5ea8-6cd9-0b02-eefebbd653b8', '1970-07-02 22:14:55.010', N'Douglass', -4122, 115, N'OK2XVQX1ULF345708Y6658CO6U02S7FKB6C5F0BH77H4A9G3MI6HJGZ539A01JDEW8N7T954', 3, NULL, NULL)
INSERT dbo.Employee(Oid, BusyUntil, SecondName, Stuff, HourPrice, Patronymic, PlanfixId, Head, PlanfixMoneyRequestTask) VALUES ('14735d5d-67ff-5dad-412b-e89ea5388e0b', NULL, N'Pittman', NULL, NULL, NULL, 4, '284445b2-65be-4f66-422b-e89ea5388e0b', N'1K2M6M018K73F7S')
INSERT dbo.Employee(Oid, BusyUntil, SecondName, Stuff, HourPrice, Patronymic, PlanfixId, Head, PlanfixMoneyRequestTask) VALUES ('5984fdaa-1e0e-68c7-3e2b-e89ea5388e0b', '1982-01-01 18:52:18.330', N'Godwin', 6717, 756, N'7YLLXP58E3R4778', 5, '5f00c41b-39dc-51ee-0802-eefebbd653b8', N'36L121G02H0RIE2')
INSERT dbo.Employee(Oid, BusyUntil, SecondName, Stuff, HourPrice, Patronymic, PlanfixId, Head, PlanfixMoneyRequestTask) VALUES ('4abdf3c0-7507-7423-304d-4c0f86f26090', '1983-11-02 11:35:32.330', N'Loveless', -1845662322, 1030, N'89Y4W', 6, '1e3453a2-3ef5-5f70-8dc9-bcec0cd444f8', N'70901I03W')
INSERT dbo.Employee(Oid, BusyUntil, SecondName, Stuff, HourPrice, Patronymic, PlanfixId, Head, PlanfixMoneyRequestTask) VALUES ('5aa02579-73ed-23cd-314d-4c0f86f26090', '1974-11-22 14:53:25.010', N'South', -358640399, 586, N'8CQL9', 7, '14735d5d-67ff-5dad-412b-e89ea5388e0b', N'T705H0T18O998')
INSERT dbo.Employee(Oid, BusyUntil, SecondName, Stuff, HourPrice, Patronymic, PlanfixId, Head, PlanfixMoneyRequestTask) VALUES ('58fc185f-1925-3117-334d-4c0f86f26090', '1981-06-09 14:54:57.050', N'Bobbitt', -1879078749, 1642, N'6D02RRCDE142QX9YL52JLZS6314LV6E4QX5W4484NN87378859PA23EEN8WZTL46190FE12908KWD52051I03H5YAQUAG76SJNUG', 8, '699acaa2-66da-563a-1702-ce5da15ac776', N'465K8Y93FG6EG391H6PPAOY2UOX1GP80VCA')
INSERT dbo.Employee(Oid, BusyUntil, SecondName, Stuff, HourPrice, Patronymic, PlanfixId, Head, PlanfixMoneyRequestTask) VALUES ('244bd1b5-7428-4b87-0702-eefebbd653b8', '1989-12-05 16:26:46.960', N'Dove', -1450989276, 1282, N'BBUN8IQ68MV3', 9, '397bc919-4888-5ab2-402b-e89ea5388e0b', N'8CP063')
INSERT dbo.Employee(Oid, BusyUntil, SecondName, Stuff, HourPrice, Patronymic, PlanfixId, Head, PlanfixMoneyRequestTask) VALUES ('228bfc03-38db-4741-f096-94965a4eaa62', '2014-04-27 01:36:27.790', N'Mena', -468759293, 883, N'17', 10, '336d8f99-255d-646e-f0b6-6f4dd73eba9e', N'HA')
INSERT dbo.Employee(Oid, BusyUntil, SecondName, Stuff, HourPrice, Patronymic, PlanfixId, Head, PlanfixMoneyRequestTask) VALUES ('6c4c1f9b-1644-2620-5976-66508ad02725', '2017-04-28 06:57:29.910', N'Pitts', -804943989, 1646, N'24ER2Q186LR5709LM55H2WP96AK37BZ4JA9R7ZH789FU8SK8856MVT87P485ETQSN9UT2A3J4U6P34L26N14JG9L9883935PZK32', 11, '481c748b-2a85-2a28-efb6-6f4dd73eba9e', N'09VS')
INSERT dbo.Employee(Oid, BusyUntil, SecondName, Stuff, HourPrice, Patronymic, PlanfixId, Head, PlanfixMoneyRequestTask) VALUES ('7a311573-456f-56e3-0902-eefebbd653b8', '1976-06-03 05:13:05.570', N'Cohn', -1627396220, 186, N'0NKEM744V6B0V885FX1LA18TE50T70ZF695LQX3QM', 12, '1a361dba-2edd-6ebd-324d-4c0f86f26090', N'O6T89K3HX')
INSERT dbo.Employee(Oid, BusyUntil, SecondName, Stuff, HourPrice, Patronymic, PlanfixId, Head, PlanfixMoneyRequestTask) VALUES ('7e919581-5fd4-1caf-5776-66508ad02725', NULL, N'Weller', NULL, NULL, NULL, 13, '4abdf3c0-7507-7423-304d-4c0f86f26090', N'1')
INSERT dbo.Employee(Oid, BusyUntil, SecondName, Stuff, HourPrice, Patronymic, PlanfixId, Head, PlanfixMoneyRequestTask) VALUES ('36a4260a-7f6c-2ec6-f2b6-6f4dd73eba9e', '1986-09-10 12:51:53.130', N'Bobo', -61, 601, N'I6RB786GI637415Y62LZU21T3CNWW4509KXJLURV35964HFV8Y', 14, '669afd3f-720a-6e34-1902-ce5da15ac776', N'NH')
INSERT dbo.Employee(Oid, BusyUntil, SecondName, Stuff, HourPrice, Patronymic, PlanfixId, Head, PlanfixMoneyRequestTask) VALUES ('699acaa2-66da-563a-1702-ce5da15ac776', '2009-02-06 14:37:50.610', N'Southard', -394673047, 435, N'77E4803J725Q8Y4', 15, '69619ef2-1249-20fa-797e-3e3b283cabde', N'14Y65V5TWJA65X74PI3EX6LAER979Y3E5VTEWLVOR1K')
INSERT dbo.Employee(Oid, BusyUntil, SecondName, Stuff, HourPrice, Patronymic, PlanfixId, Head, PlanfixMoneyRequestTask) VALUES ('37e456ed-14a3-6717-f3b6-6f4dd73eba9e', '2000-08-30 10:34:54.440', N'Wellman', -2037364754, 1872, N'PYPLT', 16, '3f22df3a-3b15-3b5a-787e-3e3b283cabde', N'6QA9P5GW5217L8EFC9H9K5GD9711H5V')
INSERT dbo.Employee(Oid, BusyUntil, SecondName, Stuff, HourPrice, Patronymic, PlanfixId, Head, PlanfixMoneyRequestTask) VALUES ('3f22df3a-3b15-3b5a-787e-3e3b283cabde', '2006-10-06 15:13:21.980', N'Coker', -1074134761, 821, N'20QXSA2N91IZ1WHTQ6FXC020A69683I603J56950662CCBG6DM7XT78SY1JYT4V2BR0TQELVEOLG97CZU8FE6CF71NJ81YEQ9EB8', 17, '4f7021f5-7800-11be-0a02-eefebbd653b8', N'L1D574022TRK41')
INSERT dbo.Employee(Oid, BusyUntil, SecondName, Stuff, HourPrice, Patronymic, PlanfixId, Head, PlanfixMoneyRequestTask) VALUES ('36460dcf-323b-1391-8ec9-bcec0cd444f8', '1978-01-07 07:53:44.380', N'Southerland', 0, 830, N'WQO66M2T', 18, NULL, NULL)
INSERT dbo.Employee(Oid, BusyUntil, SecondName, Stuff, HourPrice, Patronymic, PlanfixId, Head, PlanfixMoneyRequestTask) VALUES ('5ebb6116-1627-3f70-0602-eefebbd653b8', NULL, N'Wells', NULL, NULL, NULL, 19, NULL, NULL)
INSERT dbo.Employee(Oid, BusyUntil, SecondName, Stuff, HourPrice, Patronymic, PlanfixId, Head, PlanfixMoneyRequestTask) VALUES ('5e306560-6b07-2cdf-5b76-66508ad02725', '1995-02-21 00:18:33.280', N'Southern', -364797519, 555, N'04E19ZV3L4H6Q901UC059508K109YHK', 20, NULL, NULL)
INSERT dbo.Employee(Oid, BusyUntil, SecondName, Stuff, HourPrice, Patronymic, PlanfixId, Head, PlanfixMoneyRequestTask) VALUES ('51d8cc33-7be1-161f-f396-94965a4eaa62', '2010-09-19 13:31:36.060', N'Menard', -1574211406, 445, N'6RLHZ93120OSD932K29RHRXIM0DR0BTXU8PG', 21, '43624c49-472d-4810-f296-94965a4eaa62', N'FH6DZKNSMT4MZ4P6')
INSERT dbo.Employee(Oid, BusyUntil, SecondName, Stuff, HourPrice, Patronymic, PlanfixId, Head, PlanfixMoneyRequestTask) VALUES ('69619ef2-1249-20fa-797e-3e3b283cabde', '2011-01-09 16:53:29.840', N'Bock', -1415257097, 947, N'6HDID1L7ZM8632S106M6769F34A5HOD64P50M5VDF4JG', 22, '5aa02579-73ed-23cd-314d-4c0f86f26090', N'6')
INSERT dbo.Employee(Oid, BusyUntil, SecondName, Stuff, HourPrice, Patronymic, PlanfixId, Head, PlanfixMoneyRequestTask) VALUES ('1a361dba-2edd-6ebd-324d-4c0f86f26090', '2015-10-30 22:36:59.770', N'Colbert', -1712426144, 693, N'C', 23, '49bdab11-1115-7150-d84b-16e575b61049', N'9ZE1PAH476MIAI279N18T37SN8GR25BKKBM039U2FE02467RST3H899O1315VVZ5068FHAPRRJ683')
INSERT dbo.Employee(Oid, BusyUntil, SecondName, Stuff, HourPrice, Patronymic, PlanfixId, Head, PlanfixMoneyRequestTask) VALUES ('2f1172a9-1b5d-6fc4-777e-3e3b283cabde', '1985-11-17 02:20:21.610', N'Hurst', -571079991, 214, N'306MA3RLDX9TX52535RJ1C', 24, '51d8cc33-7be1-161f-f396-94965a4eaa62', N'6ZN1941L3902652K04J1615P5C7IRVCR877')
INSERT dbo.Employee(Oid, BusyUntil, SecondName, Stuff, HourPrice, Patronymic, PlanfixId, Head, PlanfixMoneyRequestTask) VALUES ('1a591774-4565-7236-90c9-bcec0cd444f8', '1996-09-12 22:54:14.140', N'Place', -185405645, 1316, N'1K14', 25, NULL, NULL)
INSERT dbo.Employee(Oid, BusyUntil, SecondName, Stuff, HourPrice, Patronymic, PlanfixId, Head, PlanfixMoneyRequestTask) VALUES ('3a6dba26-6960-6953-d74b-16e575b61049', '2011-08-22 04:49:12.850', N'Lovell', 8, 1637, N'LMECNSCJ253Y67M8I48336FB8YKNHIYJ3MW17O1KDY5221LX8ZHH3', 26, '26c1e1f8-3a26-53fe-5876-66508ad02725', N'02YGQC1W')
INSERT dbo.Employee(Oid, BusyUntil, SecondName, Stuff, HourPrice, Patronymic, PlanfixId, Head, PlanfixMoneyRequestTask) VALUES ('202cad24-4598-16cf-1a02-ce5da15ac776', '2001-08-20 21:01:56.990', N'Goebel', -845483662, 725, N'QARB0BHQ3F7P1M3Q6Y4L3N1530453420O8RH15XEQ2899LTKD38I2C1L0K4R016H205', 27, '4f7021f5-7800-11be-0a02-eefebbd653b8', N'K25PK5MBW8M79VM1F43TL')
INSERT dbo.Employee(Oid, BusyUntil, SecondName, Stuff, HourPrice, Patronymic, PlanfixId, Head, PlanfixMoneyRequestTask) VALUES ('2f8a5a0d-54fa-587b-5676-66508ad02725', '2005-03-11 18:44:07.800', N'Boehm', -799855023, 1603, N'982', 28, '481c748b-2a85-2a28-efb6-6f4dd73eba9e', N'VH324C97V21702QY1EV56FMS449YZ2SLTC2N52X742NZC94YM3E2A')
INSERT dbo.Employee(Oid, BusyUntil, SecondName, Stuff, HourPrice, Patronymic, PlanfixId, Head, PlanfixMoneyRequestTask) VALUES ('669afd3f-720a-6e34-1902-ce5da15ac776', '1999-01-20 17:51:44.510', N'Welsh', -1003131416, 1528, N'8FRO7HDG757LA69YUFD3B058UM09728676K158B', 29, '49bdab11-1115-7150-d84b-16e575b61049', N'7RGMOS5H402JX3B5DQ4I0B')
INSERT dbo.Employee(Oid, BusyUntil, SecondName, Stuff, HourPrice, Patronymic, PlanfixId, Head, PlanfixMoneyRequestTask) VALUES ('26c1e1f8-3a26-53fe-5876-66508ad02725', '2018-08-06 10:37:05.520', N'Hurt', 6415, 334, N'AGCL6Z', 30, '36ce1756-1d21-7373-f1b6-6f4dd73eba9e', N'38G3RP9775UVB5G76H9G4IV5FX')
INSERT dbo.Employee(Oid, BusyUntil, SecondName, Stuff, HourPrice, Patronymic, PlanfixId, Head, PlanfixMoneyRequestTask) VALUES ('481c748b-2a85-2a28-efb6-6f4dd73eba9e', '2017-06-15 10:26:30.820', N'Mendenhall', 20, 862, N'ZG8WX56HQOZEN51XC1I258R3KFT1W3E1070D56M322V1', 31, '49bdab11-1115-7150-d84b-16e575b61049', N'8H98L2E574KFLIXOF6BCXM')
INSERT dbo.Employee(Oid, BusyUntil, SecondName, Stuff, HourPrice, Patronymic, PlanfixId, Head, PlanfixMoneyRequestTask) VALUES ('49bdab11-1115-7150-d84b-16e575b61049', '1972-01-21 18:44:30.590', N'Souza', -6309, 630, N'REUG4DT64IQ5XFN9A9', 32, '5ebb6116-1627-3f70-0602-eefebbd653b8', N'N7PIQY0V51D0B175BZ927RL8JL8GNYUBQT516')
INSERT dbo.Employee(Oid, BusyUntil, SecondName, Stuff, HourPrice, Patronymic, PlanfixId, Head, PlanfixMoneyRequestTask) VALUES ('1e3453a2-3ef5-5f70-8dc9-bcec0cd444f8', '1985-08-16 17:10:48.570', N'Wendt', -1626863389, 741, N'1F6', 33, '5f00c41b-39dc-51ee-0802-eefebbd653b8', N'MGZ7MX2MSFI9TFGT83QP93KY5YJH76DJ85KQFC07')
INSERT dbo.Employee(Oid, BusyUntil, SecondName, Stuff, HourPrice, Patronymic, PlanfixId, Head, PlanfixMoneyRequestTask) VALUES ('61e25755-3de1-1adf-8fc9-bcec0cd444f8', '2003-11-13 10:27:05.950', N'Colburn', 972, 704, N'X4V978CS9O7PEI45D6V677W0HBO3Q5TO5U3G7MASL', 34, '481c748b-2a85-2a28-efb6-6f4dd73eba9e', N'630636CYOJD0B')
INSERT dbo.Employee(Oid, BusyUntil, SecondName, Stuff, HourPrice, Patronymic, PlanfixId, Head, PlanfixMoneyRequestTask) VALUES ('751604f5-1e51-6d47-3f2b-e89ea5388e0b', '1986-10-13 11:23:04.700', N'Bogan', -2062346695, 1199, N'3P0R5O8G', 35, '1a591774-4565-7236-90c9-bcec0cd444f8', NULL)
INSERT dbo.Employee(Oid, BusyUntil, SecondName, Stuff, HourPrice, Patronymic, PlanfixId, Head, PlanfixMoneyRequestTask) VALUES ('6f0fc907-5bf7-6e28-ef96-94965a4eaa62', '2008-10-22 19:55:41.620', N'Dover', -1138535064, 311, N'9QU9N0884', 36, '397bc919-4888-5ab2-402b-e89ea5388e0b', N'PML2L5B8CO622W0T4MLCP02NM45KG21P4M33J06P09274MVU82IE94P82D71WKKE9024')
INSERT dbo.Employee(Oid, BusyUntil, SecondName, Stuff, HourPrice, Patronymic, PlanfixId, Head, PlanfixMoneyRequestTask) VALUES ('36ce1756-1d21-7373-f1b6-6f4dd73eba9e', '1988-03-29 19:11:37.030', N'Colby', -251910699, 468, N'8487LZO2O54TBM40189A0S0643EC5OK4W8P8O8B0V', 37, '14735d5d-67ff-5dad-412b-e89ea5388e0b', N'25O143MNU5D6A6DA26JEM46F5M6C3F6056NAYRJXDQ476451XC1TP0NL4Y7')
INSERT dbo.Employee(Oid, BusyUntil, SecondName, Stuff, HourPrice, Patronymic, PlanfixId, Head, PlanfixMoneyRequestTask) VALUES ('5f00c41b-39dc-51ee-0802-eefebbd653b8', NULL, N'Plante', NULL, NULL, NULL, 38, '36ce1756-1d21-7373-f1b6-6f4dd73eba9e', NULL)
INSERT dbo.Employee(Oid, BusyUntil, SecondName, Stuff, HourPrice, Patronymic, PlanfixId, Head, PlanfixMoneyRequestTask) VALUES ('284445b2-65be-4f66-422b-e89ea5388e0b', '2004-06-17 05:14:14.090', N'Goetz', -1608832123, 1378, N'357YW9VR55J5F7340787V6JIXGK', 39, '2f1172a9-1b5d-6fc4-777e-3e3b283cabde', NULL)
INSERT dbo.Employee(Oid, BusyUntil, SecondName, Stuff, HourPrice, Patronymic, PlanfixId, Head, PlanfixMoneyRequestTask) VALUES ('5f0a8444-3de1-3f02-eeb6-6f4dd73eba9e', '2017-04-05 05:09:59.730', N'Boggs', -1463838595, 763, N'V41922DH9GQ1E7MY2Z626HGP7B7IO595FEQ4Z47N70Z9S9K7CNKVXT1', 40, '66b0e9ee-53c2-4a98-432b-e89ea5388e0b', N'OW2U14HC427YDY2186TI9Y718MQAKNH881JAYF6Q92')
INSERT dbo.Employee(Oid, BusyUntil, SecondName, Stuff, HourPrice, Patronymic, PlanfixId, Head, PlanfixMoneyRequestTask) VALUES ('336d8f99-255d-646e-f0b6-6f4dd73eba9e', '1985-08-02 05:48:56.520', N'Cole', -1579804064, 579, N'8G470Q9B55U8P22T00F7', 41, '499200b3-46a5-60a7-f196-94965a4eaa62', N'3EWEF87YYRRUS')
INSERT dbo.Employee(Oid, BusyUntil, SecondName, Stuff, HourPrice, Patronymic, PlanfixId, Head, PlanfixMoneyRequestTask) VALUES ('397bc919-4888-5ab2-402b-e89ea5388e0b', '1999-12-08 13:13:50.350', N'Bohannon', -7023, 1904, N'6', 42, '499200b3-46a5-60a7-f196-94965a4eaa62', N'K7B5H68H38P7E611Y')
INSERT dbo.Employee(Oid, BusyUntil, SecondName, Stuff, HourPrice, Patronymic, PlanfixId, Head, PlanfixMoneyRequestTask) VALUES ('66b0e9ee-53c2-4a98-432b-e89ea5388e0b', '2011-03-16 02:41:49.440', N'Mendez', -175614216, 1290, N'WDB32340Y3Y89792D8184I97V0096I2BNN34917HCB8K77FEI4X18GEAJ5R08', 43, '1a591774-4565-7236-90c9-bcec0cd444f8', NULL)
INSERT dbo.Employee(Oid, BusyUntil, SecondName, Stuff, HourPrice, Patronymic, PlanfixId, Head, PlanfixMoneyRequestTask) VALUES ('499200b3-46a5-60a7-f196-94965a4eaa62', '1986-11-14 23:15:27.920', N'Sowell', -220, 728, N'76418Z649R1H88227JFZWBI1T5EU3T85Z6LCH8MZF294709QF9QIOD5F47Z34V8965LEKDW556D3VK3D6NRXZKAS95I', 44, '7959e1dd-2e0b-4306-7a7e-3e3b283cabde', NULL)
INSERT dbo.Employee(Oid, BusyUntil, SecondName, Stuff, HourPrice, Patronymic, PlanfixId, Head, PlanfixMoneyRequestTask) VALUES ('1b3166b4-1301-5956-5a76-66508ad02725', '2014-04-12 01:37:06.810', N'Lovett', -858368929, 1072, N'WO35M8875KE319P1Z98E4JTG4O44TT497P6296BLKSC0XVPZY124YQ6O1CUX97W275W55FHMR4I68U8N7', 45, '7959e1dd-2e0b-4306-7a7e-3e3b283cabde', N'UVRX40')
INSERT dbo.Employee(Oid, BusyUntil, SecondName, Stuff, HourPrice, Patronymic, PlanfixId, Head, PlanfixMoneyRequestTask) VALUES ('66a18612-296a-25b0-d94b-16e575b61049', '1972-12-10 03:57:01.040', N'Dow', 6, 1038, N'B7ICFX1PV3YRH37S4ZN16HT67I19', 46, '26c1e1f8-3a26-53fe-5876-66508ad02725', N'12C3E9K92PT47959UD293HHXFBT12NZ4C84E9H9N1M7T57BX92ZD65042383')
INSERT dbo.Employee(Oid, BusyUntil, SecondName, Stuff, HourPrice, Patronymic, PlanfixId, Head, PlanfixMoneyRequestTask) VALUES ('24fee4c1-709c-79d6-1802-ce5da15ac776', '1972-11-11 16:23:22.360', N'Hurtado', -991454491, 386, N'JW85RNRWFF0O58F63SO1IIFOQNIBP18Q', 47, '58fc185f-1925-3117-334d-4c0f86f26090', N'M4Q23Y46Y66B3UB01DM6PL6BW7U17G7I96LWWF0B5PUP')
INSERT dbo.Employee(Oid, BusyUntil, SecondName, Stuff, HourPrice, Patronymic, PlanfixId, Head, PlanfixMoneyRequestTask) VALUES ('1259a17c-69e8-7a1c-da4b-16e575b61049', '2010-11-27 21:21:35.330', N'Loving', -5, 1759, N'0MLTE6J6A1U0RR49Z4Q0BI50', 48, '36ce1756-1d21-7373-f1b6-6f4dd73eba9e', N'N')
INSERT dbo.Employee(Oid, BusyUntil, SecondName, Stuff, HourPrice, Patronymic, PlanfixId, Head, PlanfixMoneyRequestTask) VALUES ('4f7021f5-7800-11be-0a02-eefebbd653b8', '1987-05-09 22:53:37.410', N'Platt', 4, 1008, N'1WDZ2O86E1XTC6QKAK3HX7L2M710WGJ', 49, '669afd3f-720a-6e34-1902-ce5da15ac776', N'KF101713Q0Y5942Y237G35537OWLK25')
INSERT dbo.Employee(Oid, BusyUntil, SecondName, Stuff, HourPrice, Patronymic, PlanfixId, Head, PlanfixMoneyRequestTask) VALUES ('7959e1dd-2e0b-4306-7a7e-3e3b283cabde', '1977-04-04 05:54:24.720', N'Goff', 4094, 1977, N'12QZZ93RP1', 50, '2f1172a9-1b5d-6fc4-777e-3e3b283cabde', NULL)
GO

--
-- Inserting data into table dbo.Project
--
INSERT dbo.Project(Oid, Name, Address, Client, Manager, Foreman, OptimisticLockField, GCRecord, Balance, BalanceByMaterial, BalanceByWork, PlaningStartDate, Status, FinishDate, Area, WorkPriceRate, WorkersPriceRate, RemainderTheAdvance, PlanfixWorkTask, PlanfixChangeRequestTask, UseAnalytics) VALUES ('7f9589fa-2b58-5866-1c93-373516031d8e', N'Abdul551', N'3168 Riddle Hill Lane, Denver, Colorado, 89834', '4abdf3c0-7507-7423-304d-4c0f86f26090', '5984fdaa-1e0e-68c7-3e2b-e89ea5388e0b', '202cad24-4598-16cf-1a02-ce5da15ac776', 3, -671660539, 54, 82, 6, '1982-03-24 22:33:59.880', -1849585943, '2010-01-01 00:00:00.000', -880027700, 3.92, 25271198391.82, -2057953104, N'8641HE7Z62S7Q57545C016KIV54Y2', N'J7O', 1)
INSERT dbo.Project(Oid, Name, Address, Client, Manager, Foreman, OptimisticLockField, GCRecord, Balance, BalanceByMaterial, BalanceByWork, PlaningStartDate, Status, FinishDate, Area, WorkPriceRate, WorkersPriceRate, RemainderTheAdvance, PlanfixWorkTask, PlanfixChangeRequestTask, UseAnalytics) VALUES ('28186996-5b5b-7729-455f-1885b89fc8fc', N'Lizzette466', N'1252 Monument Ave, Indianapolis, Indiana, 59078', '202cad24-4598-16cf-1a02-ce5da15ac776', '37e456ed-14a3-6717-f3b6-6f4dd73eba9e', '284445b2-65be-4f66-422b-e89ea5388e0b', -2090539160, -69, 38, 10, 86, '2005-05-11 09:52:31.750', -766581882, '2019-01-01 00:00:00.000', -1237494025, 64103232530.5, -69.54, 13, N'K', N'4', 0)
INSERT dbo.Project(Oid, Name, Address, Client, Manager, Foreman, OptimisticLockField, GCRecord, Balance, BalanceByMaterial, BalanceByWork, PlaningStartDate, Status, FinishDate, Area, WorkPriceRate, WorkersPriceRate, RemainderTheAdvance, PlanfixWorkTask, PlanfixChangeRequestTask, UseAnalytics) VALUES ('5b6e9fc7-1e70-4fd4-0448-b983316b8374', N'Alonzo2022', N'2503 Highland Ct, Austin, TX, 35237', '7a311573-456f-56e3-0902-eefebbd653b8', '36a4260a-7f6c-2ec6-f2b6-6f4dd73eba9e', '4abdf3c0-7507-7423-304d-4c0f86f26090', -1298511159, -2114556390, 63, 57, 27, '2014-08-17 07:10:04.790', -1561801187, '2019-03-04 00:00:00.000', -1503667975, 29173892612.55, -99860100174.97, -3268, N'SCNS345136HO4X18O802IHOR34696LGHWTQU6DJ4U82N2YM', N'SDQ909K', 0)
INSERT dbo.Project(Oid, Name, Address, Client, Manager, Foreman, OptimisticLockField, GCRecord, Balance, BalanceByMaterial, BalanceByWork, PlaningStartDate, Status, FinishDate, Area, WorkPriceRate, WorkersPriceRate, RemainderTheAdvance, PlanfixWorkTask, PlanfixChangeRequestTask, UseAnalytics) VALUES ('1ba4c500-5a33-4cef-3709-69a9b1bfbc32', N'Abney7', N'2602 Rushwood Lane, Calyon Bldg, Boise, ID, 73865', '36ce1756-1d21-7373-f1b6-6f4dd73eba9e', '36460dcf-323b-1391-8ec9-bcec0cd444f8', '244bd1b5-7428-4b87-0702-eefebbd653b8', -730023638, -519557971, 91, 37, 74, '2000-11-13 21:24:01.300', -84, '2020-05-10 00:00:00.000', 708, 3699820430.83, 44107316312.68, -1252141232, N'F0OUCIF96YY85EA1946947WCOW9GQHC1U4AYOX56Z1JXIPRI04A8NKIFI4YGL0KYSU', N'H24A9SH50Y2VNE6RQ8JC4BFJUJ87LELIVCO2H6ZVE7', 0)
INSERT dbo.Project(Oid, Name, Address, Client, Manager, Foreman, OptimisticLockField, GCRecord, Balance, BalanceByMaterial, BalanceByWork, PlaningStartDate, Status, FinishDate, Area, WorkPriceRate, WorkersPriceRate, RemainderTheAdvance, PlanfixWorkTask, PlanfixChangeRequestTask, UseAnalytics) VALUES ('2643c0f2-5381-7a86-1d93-373516031d8e', N'Jarrod2023', N'2654 Burwood Hwy, Baton Rouge, LA, 32867', '61e25755-3de1-1adf-8fc9-bcec0cd444f8', '481c748b-2a85-2a28-efb6-6f4dd73eba9e', '6f0fc907-5bf7-6e28-ef96-94965a4eaa62', -598152306, -7417, 76, 56, 10, '1991-01-25 15:46:42.260', -1614312267, '2013-05-25 00:00:00.000', -1048650424, -51529403425.12, -7417.03, -2045713596, N'W6D3BN', N'PZ3OYJQUHQ1G7', 1)
INSERT dbo.Project(Oid, Name, Address, Client, Manager, Foreman, OptimisticLockField, GCRecord, Balance, BalanceByMaterial, BalanceByWork, PlaningStartDate, Status, FinishDate, Area, WorkPriceRate, WorkersPriceRate, RemainderTheAdvance, PlanfixWorkTask, PlanfixChangeRequestTask, UseAnalytics) VALUES ('5c549d77-1e58-4d4e-1fbe-eaf7cc272319', N'Alisa2016', N'321 East Rock Hill Pkwy, Harrisburg, PA, 69670', '5f0a8444-3de1-3f02-eeb6-6f4dd73eba9e', '5e306560-6b07-2cdf-5b76-66508ad02725', '49bdab11-1115-7150-d84b-16e575b61049', -497829609, -660394851, 56, 20, 29, '1982-06-05 17:34:03.020', -1909791908, '2016-03-16 00:00:00.000', -1542031234, -49168562615.67, -17137678820.95, NULL, N'F9', N'355A463', 1)
INSERT dbo.Project(Oid, Name, Address, Client, Manager, Foreman, OptimisticLockField, GCRecord, Balance, BalanceByMaterial, BalanceByWork, PlaningStartDate, Status, FinishDate, Area, WorkPriceRate, WorkersPriceRate, RemainderTheAdvance, PlanfixWorkTask, PlanfixChangeRequestTask, UseAnalytics) VALUES ('31a38fa9-4c3b-4cf0-0548-b983316b8374', N'Bess1981', N'748 Riverview Avenue, Jackson, Mississippi, 77400', '699acaa2-66da-563a-1702-ce5da15ac776', '1a361dba-2edd-6ebd-324d-4c0f86f26090', '3a6dba26-6960-6953-d74b-16e575b61049', -1272245938, -44982311, 63, 67, 12, '2016-09-11 08:46:19.750', -1784893508, '2020-04-18 00:00:00.000', -2041217293, 93114806291.61, 69369317945.75, -45, N'9', N'J6613D6CXZ2H26019J961HDZW0Q', 0)
INSERT dbo.Project(Oid, Name, Address, Client, Manager, Foreman, OptimisticLockField, GCRecord, Balance, BalanceByMaterial, BalanceByWork, PlaningStartDate, Status, FinishDate, Area, WorkPriceRate, WorkersPriceRate, RemainderTheAdvance, PlanfixWorkTask, PlanfixChangeRequestTask, UseAnalytics) VALUES ('4a084a3f-5d99-1372-b433-62dd4e858bad', N'Roark982', N'1948 Fox Hill Lane, Boise, ID, 26196', '5f0a8444-3de1-3f02-eeb6-6f4dd73eba9e', '284445b2-65be-4f66-422b-e89ea5388e0b', '5f0a8444-3de1-3f02-eeb6-6f4dd73eba9e', 56, 88, 23, 16, 87, '1975-10-27 07:55:40.480', -840748626, '2015-11-30 00:00:00.000', -1427532365, 56.72, 88.88, NULL, N'N', N'016KLE', 1)
INSERT dbo.Project(Oid, Name, Address, Client, Manager, Foreman, OptimisticLockField, GCRecord, Balance, BalanceByMaterial, BalanceByWork, PlaningStartDate, Status, FinishDate, Area, WorkPriceRate, WorkersPriceRate, RemainderTheAdvance, PlanfixWorkTask, PlanfixChangeRequestTask, UseAnalytics) VALUES ('6d825400-4c66-515a-1e93-373516031d8e', N'Chadwick842', N'262 Waterview Ave, Kearns Building, Bismarck, North Dakota, 54712', '244bd1b5-7428-4b87-0702-eefebbd653b8', '2f8a5a0d-54fa-587b-5676-66508ad02725', NULL, 84, -1980233702, 64, 5, NULL, '2016-07-16 21:12:31.780', NULL, '2010-04-02 00:00:00.000', -1566134516, 84.45, 99364928440.71, -5607, N'6WEFS4', N'J35JWSI308U0R7ZI3', 1)
INSERT dbo.Project(Oid, Name, Address, Client, Manager, Foreman, OptimisticLockField, GCRecord, Balance, BalanceByMaterial, BalanceByWork, PlaningStartDate, Status, FinishDate, Area, WorkPriceRate, WorkersPriceRate, RemainderTheAdvance, PlanfixWorkTask, PlanfixChangeRequestTask, UseAnalytics) VALUES ('5a851e09-4a52-7284-0648-b983316b8374', N'Alphonso8', N'407 Woodside Lane, Macy''s Bldg, Saint Paul, MN, 36648', '69619ef2-1249-20fa-797e-3e3b283cabde', '3f22df3a-3b15-3b5a-787e-3e3b283cabde', '5984fdaa-1e0e-68c7-3e2b-e89ea5388e0b', -1979878984, -1980795195, 92, 3, 17, '1988-10-05 07:35:42.680', -1154467762, '2019-08-11 00:00:00.000', -8788, -16182978496.8, 9421800308.12, -1302707293, N'7H0C1K158CQ02Q4VOAHIC', N'P16857QFMK', 0)
INSERT dbo.Project(Oid, Name, Address, Client, Manager, Foreman, OptimisticLockField, GCRecord, Balance, BalanceByMaterial, BalanceByWork, PlaningStartDate, Status, FinishDate, Area, WorkPriceRate, WorkersPriceRate, RemainderTheAdvance, PlanfixWorkTask, PlanfixChangeRequestTask, UseAnalytics) VALUES ('1897a8f1-37fc-5c9c-3809-69a9b1bfbc32', NULL, NULL, NULL, '7e919581-5fd4-1caf-5776-66508ad02725', '36460dcf-323b-1391-8ec9-bcec0cd444f8', NULL, -759, NULL, 46, 71, NULL, -1075602905, NULL, -57131972, NULL, -759.78, -405123311, NULL, N'422X626M1RZL', NULL)
INSERT dbo.Project(Oid, Name, Address, Client, Manager, Foreman, OptimisticLockField, GCRecord, Balance, BalanceByMaterial, BalanceByWork, PlaningStartDate, Status, FinishDate, Area, WorkPriceRate, WorkersPriceRate, RemainderTheAdvance, PlanfixWorkTask, PlanfixChangeRequestTask, UseAnalytics) VALUES ('373511c0-68e6-4a3f-20be-eaf7cc272319', N'Lacresha5', N'2478 NW Rose Hill Ct, Frankfort, Kentucky, 40649', '5f0a8444-3de1-3f02-eeb6-6f4dd73eba9e', '24fee4c1-709c-79d6-1802-ce5da15ac776', '751604f5-1e51-6d47-3f2b-e89ea5388e0b', 627, -3898, 16, 3, 71, '1988-10-15 06:22:56.140', -378801612, '2010-11-02 00:00:00.000', -204892992, 627.18, -3898.13, -994262518, N'ONR2', N'F76GE62IL2EM1375N047HS', 1)
INSERT dbo.Project(Oid, Name, Address, Client, Manager, Foreman, OptimisticLockField, GCRecord, Balance, BalanceByMaterial, BalanceByWork, PlaningStartDate, Status, FinishDate, Area, WorkPriceRate, WorkersPriceRate, RemainderTheAdvance, PlanfixWorkTask, PlanfixChangeRequestTask, UseAnalytics) VALUES ('66af213e-6ed1-770c-5c32-9a0257d67b47', N'Denham1998', N'766 New Woodhurst St, Kearns Building, Trenton, New Jersey, 51607', '1e3453a2-3ef5-5f70-8dc9-bcec0cd444f8', '66a18612-296a-25b0-d94b-16e575b61049', '51d8cc33-7be1-161f-f396-94965a4eaa62', -353753083, -1394969261, 38, 72, 73, '1974-01-03 15:35:16.530', -312929865, '2014-05-06 00:00:00.000', -1768601707, -12580417802.92, 53569289604.27, 2, N'2PP92BUC5C2RDNC76CKYS3B1V21ZEWWRK', N'ZA6TJN10543L6WB', 1)
INSERT dbo.Project(Oid, Name, Address, Client, Manager, Foreman, OptimisticLockField, GCRecord, Balance, BalanceByMaterial, BalanceByWork, PlaningStartDate, Status, FinishDate, Area, WorkPriceRate, WorkersPriceRate, RemainderTheAdvance, PlanfixWorkTask, PlanfixChangeRequestTask, UseAnalytics) VALUES ('488ffd9a-7ad8-5a04-cd7e-e08e331d25c7', NULL, NULL, NULL, '751604f5-1e51-6d47-3f2b-e89ea5388e0b', '1257615f-5ea8-6cd9-0b02-eefebbd653b8', NULL, -1642925920, NULL, 75, 27, NULL, -1773952467, NULL, -2123380366, NULL, -19311099757.27, -245556106, NULL, N'NNY1NPFL', NULL)
INSERT dbo.Project(Oid, Name, Address, Client, Manager, Foreman, OptimisticLockField, GCRecord, Balance, BalanceByMaterial, BalanceByWork, PlaningStartDate, Status, FinishDate, Area, WorkPriceRate, WorkersPriceRate, RemainderTheAdvance, PlanfixWorkTask, PlanfixChangeRequestTask, UseAnalytics) VALUES ('495ff429-25fd-4337-1f93-373516031d8e', N'Antonina2029', N'763 Market Pkwy, Phoenix, AZ, 22164', '5ebb6116-1627-3f70-0602-eefebbd653b8', '6f0fc907-5bf7-6e28-ef96-94965a4eaa62', '14735d5d-67ff-5dad-412b-e89ea5388e0b', -1171149210, -5, 5, 63, 44, '1972-09-06 05:15:28.590', -1045106815, '2010-01-06 00:00:00.000', -1778631251, 32819894457.98, -5.35, NULL, N'FN16BI96P3', N'4F376I2', 1)
INSERT dbo.Project(Oid, Name, Address, Client, Manager, Foreman, OptimisticLockField, GCRecord, Balance, BalanceByMaterial, BalanceByWork, PlaningStartDate, Status, FinishDate, Area, WorkPriceRate, WorkersPriceRate, RemainderTheAdvance, PlanfixWorkTask, PlanfixChangeRequestTask, UseAnalytics) VALUES ('24c4b5df-5d2a-53c2-b533-62dd4e858bad', N'Adolph1', N'3776 East Flintwood Avenue, Madison, Wisconsin, 58797', '66b0e9ee-53c2-4a98-432b-e89ea5388e0b', NULL, '499200b3-46a5-60a7-f196-94965a4eaa62', -281018203, NULL, 31, NULL, 22, '2007-09-16 21:45:18.170', -847086039, '2020-03-31 00:00:00.000', -2034999787, -67275306788.08, NULL, -466975274, N'FQ02', NULL, 0)
INSERT dbo.Project(Oid, Name, Address, Client, Manager, Foreman, OptimisticLockField, GCRecord, Balance, BalanceByMaterial, BalanceByWork, PlaningStartDate, Status, FinishDate, Area, WorkPriceRate, WorkersPriceRate, RemainderTheAdvance, PlanfixWorkTask, PlanfixChangeRequestTask, UseAnalytics) VALUES ('12e83c52-5faa-79c9-ce7e-e08e331d25c7', N'Brandon1', N'1236 W Pine Tree Loop, Guardian Bldg, Nashville, Tennessee, 34228', '5f0a8444-3de1-3f02-eeb6-6f4dd73eba9e', '6f0fc907-5bf7-6e28-ef96-94965a4eaa62', '6f0fc907-5bf7-6e28-ef96-94965a4eaa62', -1162466197, -1739688447, 10, 11, 21, '2017-07-04 08:32:31.810', -6, '2019-06-05 00:00:00.000', -1903809897, 50210594444.2, 30826677427.01, -17767788, N'2', N'9X1D9PDIOY83X5L985ZZ2BAC0567V67VAE1C9748ZAF2G560PSY0QB6V2535OD08N473Y7X3A0', 0)
INSERT dbo.Project(Oid, Name, Address, Client, Manager, Foreman, OptimisticLockField, GCRecord, Balance, BalanceByMaterial, BalanceByWork, PlaningStartDate, Status, FinishDate, Area, WorkPriceRate, WorkersPriceRate, RemainderTheAdvance, PlanfixWorkTask, PlanfixChangeRequestTask, UseAnalytics) VALUES ('5126a884-72e7-76eb-3909-69a9b1bfbc32', NULL, NULL, NULL, '49bdab11-1115-7150-d84b-16e575b61049', '397bc919-4888-5ab2-402b-e89ea5388e0b', NULL, -362992587, NULL, 33, 18, NULL, -8, NULL, -1062171654, NULL, -35910535523.18, -1474316115, NULL, N'HY1O91', NULL)
INSERT dbo.Project(Oid, Name, Address, Client, Manager, Foreman, OptimisticLockField, GCRecord, Balance, BalanceByMaterial, BalanceByWork, PlaningStartDate, Status, FinishDate, Area, WorkPriceRate, WorkersPriceRate, RemainderTheAdvance, PlanfixWorkTask, PlanfixChangeRequestTask, UseAnalytics) VALUES ('436978f8-4c20-1760-21be-eaf7cc272319', N'Dyan121', N'67 East Rushwood Ln, Superior Building, Olympia, WA, 97251', '5f00c41b-39dc-51ee-0802-eefebbd653b8', '66b0e9ee-53c2-4a98-432b-e89ea5388e0b', '284445b2-65be-4f66-422b-e89ea5388e0b', 1055, -1546520735, 92, 83, 39, '1998-11-04 07:12:15.080', -833397025, '2010-01-09 00:00:00.000', 16, 1055.84, -11697731400.63, -1534830649, N'K91', N'4SQ49AL', 0)
INSERT dbo.Project(Oid, Name, Address, Client, Manager, Foreman, OptimisticLockField, GCRecord, Balance, BalanceByMaterial, BalanceByWork, PlaningStartDate, Status, FinishDate, Area, WorkPriceRate, WorkersPriceRate, RemainderTheAdvance, PlanfixWorkTask, PlanfixChangeRequestTask, UseAnalytics) VALUES ('1752b8ca-19e4-4cd1-757d-18b43b6e1561', N'Adah395', N'3726 Red Deepwood Highway, Equitable Bldg, Tallahassee, FL, 89597', '4abdf3c0-7507-7423-304d-4c0f86f26090', '6c4c1f9b-1644-2620-5976-66508ad02725', '669afd3f-720a-6e34-1902-ce5da15ac776', -1120074977, -486307348, 48, 25, 65, '1977-04-01 07:37:59.400', -3102, '2017-01-11 00:00:00.000', -87, 74601988137.38, 98548812442.76, -531040849, N'C7JIFK79618', N'2Z0L', 1)
INSERT dbo.Project(Oid, Name, Address, Client, Manager, Foreman, OptimisticLockField, GCRecord, Balance, BalanceByMaterial, BalanceByWork, PlaningStartDate, Status, FinishDate, Area, WorkPriceRate, WorkersPriceRate, RemainderTheAdvance, PlanfixWorkTask, PlanfixChangeRequestTask, UseAnalytics) VALUES ('47cb37df-759e-6071-3a09-69a9b1bfbc32', N'Alene2017', N'3084 SE Fox Hill Ct, Carson City, Nevada, 88147', '6c4c1f9b-1644-2620-5976-66508ad02725', '228bfc03-38db-4741-f096-94965a4eaa62', '499200b3-46a5-60a7-f196-94965a4eaa62', -410296410, -1473206558, 9, 50, 62, '2001-11-07 17:35:24.920', -91576742, '2010-03-04 00:00:00.000', 1240, -26173174541.94, 18799234543.07, -1448159059, N'90D699HF0RT', N'0HB19Y5PNZ11YW0K7', 1)
INSERT dbo.Project(Oid, Name, Address, Client, Manager, Foreman, OptimisticLockField, GCRecord, Balance, BalanceByMaterial, BalanceByWork, PlaningStartDate, Status, FinishDate, Area, WorkPriceRate, WorkersPriceRate, RemainderTheAdvance, PlanfixWorkTask, PlanfixChangeRequestTask, UseAnalytics) VALUES ('1ee39b95-6a6d-4cdf-5d32-9a0257d67b47', N'Lewis543', N'1866 Ironwood Way, Enquirer Bldg, Trenton, New Jersey, 28047', '5aa02579-73ed-23cd-314d-4c0f86f26090', '751604f5-1e51-6d47-3f2b-e89ea5388e0b', NULL, -2030953029, -1990456687, 42, 69, NULL, '1980-03-02 16:14:58.090', NULL, '2018-03-24 00:00:00.000', -940273079, -37908471010.9, 52004554034, 105, N'AIO1482C', N'027ZC4P4026MB1HBLH2H7XC18CPDZ712CPE259Y7NAKN8VQ7EFPKM1R40OD89NRY05MP25', 1)
INSERT dbo.Project(Oid, Name, Address, Client, Manager, Foreman, OptimisticLockField, GCRecord, Balance, BalanceByMaterial, BalanceByWork, PlaningStartDate, Status, FinishDate, Area, WorkPriceRate, WorkersPriceRate, RemainderTheAdvance, PlanfixWorkTask, PlanfixChangeRequestTask, UseAnalytics) VALUES ('3f74a4eb-2217-1549-0748-b983316b8374', N'Nowlin1968', N'260 Riverside Drive, Providence, RI, 26254', '36460dcf-323b-1391-8ec9-bcec0cd444f8', '336d8f99-255d-646e-f0b6-6f4dd73eba9e', '481c748b-2a85-2a28-efb6-6f4dd73eba9e', 4209, -670109476, 30, 23, 74, '1992-12-21 09:01:45.220', -933275614, '2010-11-08 00:00:00.000', -1468739851, 4209.97, -63805982127.58, -918723639, N'UYA3C154M3', N'L5V311WIA8X8Y5A09573COB19715C21LT88', 1)
INSERT dbo.Project(Oid, Name, Address, Client, Manager, Foreman, OptimisticLockField, GCRecord, Balance, BalanceByMaterial, BalanceByWork, PlaningStartDate, Status, FinishDate, Area, WorkPriceRate, WorkersPriceRate, RemainderTheAdvance, PlanfixWorkTask, PlanfixChangeRequestTask, UseAnalytics) VALUES ('27d08697-48a5-60ae-3014-9ad3d3072fe3', NULL, NULL, NULL, NULL, '49bdab11-1115-7150-d84b-16e575b61049', NULL, NULL, NULL, NULL, 59, NULL, -1577270857, NULL, -14, NULL, NULL, NULL, NULL, NULL, NULL)
INSERT dbo.Project(Oid, Name, Address, Client, Manager, Foreman, OptimisticLockField, GCRecord, Balance, BalanceByMaterial, BalanceByWork, PlaningStartDate, Status, FinishDate, Area, WorkPriceRate, WorkersPriceRate, RemainderTheAdvance, PlanfixWorkTask, PlanfixChangeRequestTask, UseAnalytics) VALUES ('1c88c2a4-1aa1-1a3e-465f-1885b89fc8fc', N'Barkley797', N'42 Social Rd, Standard Building, Albany, New York, 54385', '2f8a5a0d-54fa-587b-5676-66508ad02725', '1b3166b4-1301-5956-5a76-66508ad02725', '2dc6dc0b-307b-3bde-5c76-66508ad02725', -1578238276, -1902710108, 47, 25, 32, '1970-10-06 17:07:15.690', -767361276, '2015-08-01 00:00:00.000', 175, -97908541550.8, 41896205964.91, -1079628273, N'4X', N'OH88T85QK7PO74160OBTID1X84DG96X5SH7RDVML4', 1)
INSERT dbo.Project(Oid, Name, Address, Client, Manager, Foreman, OptimisticLockField, GCRecord, Balance, BalanceByMaterial, BalanceByWork, PlaningStartDate, Status, FinishDate, Area, WorkPriceRate, WorkersPriceRate, RemainderTheAdvance, PlanfixWorkTask, PlanfixChangeRequestTask, UseAnalytics) VALUES ('42b2fa47-5255-25d8-767d-18b43b6e1561', N'Foster1958', N'3262 Edgewood Lane, Montgomery, AL, 36482', '6f0fc907-5bf7-6e28-ef96-94965a4eaa62', '1e3453a2-3ef5-5f70-8dc9-bcec0cd444f8', '5984fdaa-1e0e-68c7-3e2b-e89ea5388e0b', -708, -202792791, 42, 34, 22, '1981-07-16 14:05:24.960', -1646873555, '2019-01-06 00:00:00.000', -529381214, -708.49, 32671972297.05, 51, N'D9550KY9ZO5714P0ABJ6', N'5Z17I5H0A', 0)
INSERT dbo.Project(Oid, Name, Address, Client, Manager, Foreman, OptimisticLockField, GCRecord, Balance, BalanceByMaterial, BalanceByWork, PlaningStartDate, Status, FinishDate, Area, WorkPriceRate, WorkersPriceRate, RemainderTheAdvance, PlanfixWorkTask, PlanfixChangeRequestTask, UseAnalytics) VALUES ('202ae9eb-75ea-4f00-3114-9ad3d3072fe3', NULL, NULL, NULL, '4f7021f5-7800-11be-0a02-eefebbd653b8', '397bc919-4888-5ab2-402b-e89ea5388e0b', NULL, -1657513162, NULL, 57, 99, NULL, -659058800, NULL, -444, NULL, 53219582579.17, -9, NULL, N'53B99OODM815CRQ254P539882H', NULL)
INSERT dbo.Project(Oid, Name, Address, Client, Manager, Foreman, OptimisticLockField, GCRecord, Balance, BalanceByMaterial, BalanceByWork, PlaningStartDate, Status, FinishDate, Area, WorkPriceRate, WorkersPriceRate, RemainderTheAdvance, PlanfixWorkTask, PlanfixChangeRequestTask, UseAnalytics) VALUES ('39e40431-57bb-7682-b633-62dd4e858bad', N'Laverne353', N'1049 NE Chapel Hill Road, Olympia, Washington, 36243', '244bd1b5-7428-4b87-0702-eefebbd653b8', '699acaa2-66da-563a-1702-ce5da15ac776', '5f0a8444-3de1-3f02-eeb6-6f4dd73eba9e', -710298885, -1832436217, 90, 54, 98, '2003-11-11 23:20:38.670', -682, '2014-04-08 00:00:00.000', -1803288673, -20902655589.95, -47197519379.68, -1154168067, N'K79D57J69XD8D9Q4W8', N'4GM84596GXNS4230VPIJ', 1)
INSERT dbo.Project(Oid, Name, Address, Client, Manager, Foreman, OptimisticLockField, GCRecord, Balance, BalanceByMaterial, BalanceByWork, PlaningStartDate, Status, FinishDate, Area, WorkPriceRate, WorkersPriceRate, RemainderTheAdvance, PlanfixWorkTask, PlanfixChangeRequestTask, UseAnalytics) VALUES ('7dbc0370-219d-568a-cf7e-e08e331d25c7', N'Andrea989', N'2285 SW Meadowview Ln, Macy''s Building, Salt Lake City, Utah, 38926', '43624c49-472d-4810-f296-94965a4eaa62', '244bd1b5-7428-4b87-0702-eefebbd653b8', '5e306560-6b07-2cdf-5b76-66508ad02725', -616330979, -618632194, 59, 64, 62, '1975-10-28 06:53:34.930', -1085285290, '2010-01-11 00:00:00.000', -752136693, -2393135830.86, -94943800889.2, -70, N'CE1EFVG077965', N'CTBO1717SLY2', 1)
INSERT dbo.Project(Oid, Name, Address, Client, Manager, Foreman, OptimisticLockField, GCRecord, Balance, BalanceByMaterial, BalanceByWork, PlaningStartDate, Status, FinishDate, Area, WorkPriceRate, WorkersPriceRate, RemainderTheAdvance, PlanfixWorkTask, PlanfixChangeRequestTask, UseAnalytics) VALUES ('2c192596-1720-528a-22be-eaf7cc272319', N'Addie62', N'323 Mountain Loop, 257 Towers Building, Hartford, CT, 90426', '51d8cc33-7be1-161f-f396-94965a4eaa62', '7959e1dd-2e0b-4306-7a7e-3e3b283cabde', '228bfc03-38db-4741-f096-94965a4eaa62', -1433476561, -2001967586, 52, 25, 13, '1981-06-06 17:53:04.090', 672, '2019-01-09 00:00:00.000', -1078400957, 62175582020.3, -3657956714.93, -1300911931, N'GSHXS78COS3B086M', N'BAXBA0654RA43T3PEH935', 0)
INSERT dbo.Project(Oid, Name, Address, Client, Manager, Foreman, OptimisticLockField, GCRecord, Balance, BalanceByMaterial, BalanceByWork, PlaningStartDate, Status, FinishDate, Area, WorkPriceRate, WorkersPriceRate, RemainderTheAdvance, PlanfixWorkTask, PlanfixChangeRequestTask, UseAnalytics) VALUES ('1d11b286-78df-2715-475f-1885b89fc8fc', N'Broderick361', N'2417 W Riverview Lane, Columbia, SC, 47432', '6f0fc907-5bf7-6e28-ef96-94965a4eaa62', '66a18612-296a-25b0-d94b-16e575b61049', '36460dcf-323b-1391-8ec9-bcec0cd444f8', -143147290, -2090886010, 27, 50, 25, '2016-05-18 02:15:53.780', 33, '2012-04-03 00:00:00.000', NULL, 73443898033.82, 66760216064.45, -58, N'0P', N'Y0', 1)
INSERT dbo.Project(Oid, Name, Address, Client, Manager, Foreman, OptimisticLockField, GCRecord, Balance, BalanceByMaterial, BalanceByWork, PlaningStartDate, Status, FinishDate, Area, WorkPriceRate, WorkersPriceRate, RemainderTheAdvance, PlanfixWorkTask, PlanfixChangeRequestTask, UseAnalytics) VALUES ('6b9b7137-3dd3-7b12-b733-62dd4e858bad', N'Albert2005', N'3325 Red Flintwood Ct, Jefferson City, MO, 93893', '4abdf3c0-7507-7423-304d-4c0f86f26090', '5e306560-6b07-2cdf-5b76-66508ad02725', '202cad24-4598-16cf-1a02-ce5da15ac776', -1721783868, -1801925090, 35, 92, 94, '2007-09-11 16:14:36.740', -1752721928, '2013-04-28 00:00:00.000', -581, -73476726896.31, 12014580455.67, -580553231, N'G9R79', N'N8FYI190Z7321309G7LADY2D317AE5B7O5MG213I86O61U0', 1)
INSERT dbo.Project(Oid, Name, Address, Client, Manager, Foreman, OptimisticLockField, GCRecord, Balance, BalanceByMaterial, BalanceByWork, PlaningStartDate, Status, FinishDate, Area, WorkPriceRate, WorkersPriceRate, RemainderTheAdvance, PlanfixWorkTask, PlanfixChangeRequestTask, UseAnalytics) VALUES ('3778fd78-672b-358c-5e32-9a0257d67b47', N'Debbie1989', N'780 SW Rock Hill Blvd, MidAmerican Building, Jefferson City, MO, 78278', '36a4260a-7f6c-2ec6-f2b6-6f4dd73eba9e', '36ce1756-1d21-7373-f1b6-6f4dd73eba9e', NULL, -1277290054, -4, 94, 24, NULL, '1994-11-03 17:27:02.560', NULL, '2012-06-17 00:00:00.000', -962, 78427503752.77, -4.8, -1096970874, N'H1408V3Y935060UG51809LIFRIT5KV0M23KNIBWUI32125H57YS8', N'FOOFGJ0O9G2AFUR6D', 1)
INSERT dbo.Project(Oid, Name, Address, Client, Manager, Foreman, OptimisticLockField, GCRecord, Balance, BalanceByMaterial, BalanceByWork, PlaningStartDate, Status, FinishDate, Area, WorkPriceRate, WorkersPriceRate, RemainderTheAdvance, PlanfixWorkTask, PlanfixChangeRequestTask, UseAnalytics) VALUES ('582165db-7775-1bec-2093-373516031d8e', N'Jacques876', N'3705 Old Fox Hill Court, Olympia, WA, 93459', '244bd1b5-7428-4b87-0702-eefebbd653b8', '5ebb6116-1627-3f70-0602-eefebbd653b8', '36460dcf-323b-1391-8ec9-bcec0cd444f8', -1335645343, -1731644245, 28, 36, 31, '1970-01-01 13:00:54.940', -1557842413, '2010-02-12 00:00:00.000', -129917365, -3556971497.2, -10521460413.95, -2103930497, N'33AUG1BE951', N'493A360', 1)
INSERT dbo.Project(Oid, Name, Address, Client, Manager, Foreman, OptimisticLockField, GCRecord, Balance, BalanceByMaterial, BalanceByWork, PlaningStartDate, Status, FinishDate, Area, WorkPriceRate, WorkersPriceRate, RemainderTheAdvance, PlanfixWorkTask, PlanfixChangeRequestTask, UseAnalytics) VALUES ('438f32b0-4d8e-4d3b-777d-18b43b6e1561', N'Jon996', N'2652 Mountain Street, Honolulu, Hawaii, 22654', '5f0a8444-3de1-3f02-eeb6-6f4dd73eba9e', '14735d5d-67ff-5dad-412b-e89ea5388e0b', NULL, -567437996, -1803029224, 3, 27, NULL, '1996-11-13 08:11:02.890', NULL, '2017-10-21 00:00:00.000', -1920931898, 80037782818.24, -10516535334.34, -5170773, N'Z4', N'1P937IFV0228M3Y09950FN1HK3KM2', 1)
INSERT dbo.Project(Oid, Name, Address, Client, Manager, Foreman, OptimisticLockField, GCRecord, Balance, BalanceByMaterial, BalanceByWork, PlaningStartDate, Status, FinishDate, Area, WorkPriceRate, WorkersPriceRate, RemainderTheAdvance, PlanfixWorkTask, PlanfixChangeRequestTask, UseAnalytics) VALUES ('78a4e9cd-56c6-20b7-3b09-69a9b1bfbc32', N'Kozlowski2024', N'975 East Front Ct, Des Moines, IA, 63493', '26c1e1f8-3a26-53fe-5876-66508ad02725', '69619ef2-1249-20fa-797e-3e3b283cabde', '6f0fc907-5bf7-6e28-ef96-94965a4eaa62', -71, -1889033855, 75, 31, 32, '1993-08-14 14:00:00.760', -330960972, '2013-08-27 00:00:00.000', NULL, -71.43, -84700894415.48, -1568079284, N'70L8PHG1', N'V2M646I14II3SN0OOCSVOAX5', 0)
INSERT dbo.Project(Oid, Name, Address, Client, Manager, Foreman, OptimisticLockField, GCRecord, Balance, BalanceByMaterial, BalanceByWork, PlaningStartDate, Status, FinishDate, Area, WorkPriceRate, WorkersPriceRate, RemainderTheAdvance, PlanfixWorkTask, PlanfixChangeRequestTask, UseAnalytics) VALUES ('167940ec-16a3-126a-d07e-e08e331d25c7', NULL, NULL, '69619ef2-1249-20fa-797e-3e3b283cabde', NULL, '481c748b-2a85-2a28-efb6-6f4dd73eba9e', NULL, NULL, NULL, NULL, 28, NULL, 9435, NULL, -4573, NULL, NULL, -438280475, NULL, NULL, NULL)
INSERT dbo.Project(Oid, Name, Address, Client, Manager, Foreman, OptimisticLockField, GCRecord, Balance, BalanceByMaterial, BalanceByWork, PlaningStartDate, Status, FinishDate, Area, WorkPriceRate, WorkersPriceRate, RemainderTheAdvance, PlanfixWorkTask, PlanfixChangeRequestTask, UseAnalytics) VALUES ('170880fb-26de-46be-23be-eaf7cc272319', N'Ayala471', N'3928 Front Blvd, Appartment 10, Topeka, Kansas, 59925', '6f0fc907-5bf7-6e28-ef96-94965a4eaa62', '4abdf3c0-7507-7423-304d-4c0f86f26090', '228bfc03-38db-4741-f096-94965a4eaa62', -1042030759, -964190752, 24, 10, 46, '2016-04-12 23:25:20.980', -3, '2019-02-15 00:00:00.000', -1238628709, -99659567905.2, -77701540316.52, -2099996075, N'S5QXRX5QG19KY3Z', N'BF00', 0)
INSERT dbo.Project(Oid, Name, Address, Client, Manager, Foreman, OptimisticLockField, GCRecord, Balance, BalanceByMaterial, BalanceByWork, PlaningStartDate, Status, FinishDate, Area, WorkPriceRate, WorkersPriceRate, RemainderTheAdvance, PlanfixWorkTask, PlanfixChangeRequestTask, UseAnalytics) VALUES ('68510dbd-7f5a-2514-5f32-9a0257d67b47', N'Charlie843', N'769 NW Brentwood Dr, Albany, NY, 95600', '43624c49-472d-4810-f296-94965a4eaa62', '51d8cc33-7be1-161f-f396-94965a4eaa62', NULL, -9438, -1097364585, 8, 8, NULL, '1991-09-13 01:24:28.100', NULL, '2010-04-09 00:00:00.000', NULL, -9438.87, 94138048231.87, 804, N'1L5V', N'1LR2DE00OH78Z29', 1)
INSERT dbo.Project(Oid, Name, Address, Client, Manager, Foreman, OptimisticLockField, GCRecord, Balance, BalanceByMaterial, BalanceByWork, PlaningStartDate, Status, FinishDate, Area, WorkPriceRate, WorkersPriceRate, RemainderTheAdvance, PlanfixWorkTask, PlanfixChangeRequestTask, UseAnalytics) VALUES ('1bda45a4-5e6a-27d2-3214-9ad3d3072fe3', N'Boss2018', N'2993 NW Woodside Hwy, 257 Towers Bldg, Columbia, SC, 90839', '24fee4c1-709c-79d6-1802-ce5da15ac776', '36ce1756-1d21-7373-f1b6-6f4dd73eba9e', '66b0e9ee-53c2-4a98-432b-e89ea5388e0b', -2016898460, -623, 7, 87, 51, '1992-08-22 15:43:50.220', -1910706148, '2014-05-02 00:00:00.000', -178289369, 83621576756.14, -623.15, -575382459, N'Z32Y026O', N'ZXOR31M4VQ7WR7C28C12', 1)
INSERT dbo.Project(Oid, Name, Address, Client, Manager, Foreman, OptimisticLockField, GCRecord, Balance, BalanceByMaterial, BalanceByWork, PlaningStartDate, Status, FinishDate, Area, WorkPriceRate, WorkersPriceRate, RemainderTheAdvance, PlanfixWorkTask, PlanfixChangeRequestTask, UseAnalytics) VALUES ('57670afb-1567-17fd-787d-18b43b6e1561', N'Cherlyn1999', N'500 SE Riddle Hill Ave, Bartlett Building, Olympia, WA, 05772', '669afd3f-720a-6e34-1902-ce5da15ac776', '5aa02579-73ed-23cd-314d-4c0f86f26090', '1259a17c-69e8-7a1c-da4b-16e575b61049', -1254014531, -1504534386, 2, 11, 24, '2016-06-13 17:45:20.390', -1723304573, '2019-03-04 00:00:00.000', NULL, 39899846855.18, 55353737028.28, -1676375238, N'GD', N'RRPZKCI3VFW', 0)
INSERT dbo.Project(Oid, Name, Address, Client, Manager, Foreman, OptimisticLockField, GCRecord, Balance, BalanceByMaterial, BalanceByWork, PlaningStartDate, Status, FinishDate, Area, WorkPriceRate, WorkersPriceRate, RemainderTheAdvance, PlanfixWorkTask, PlanfixChangeRequestTask, UseAnalytics) VALUES ('31bc6e74-7ec1-593a-6032-9a0257d67b47', N'Crittenden22', N'3838 Flintwood Street, Judge Bldg, Dover, DE, 55829', '751604f5-1e51-6d47-3f2b-e89ea5388e0b', '284445b2-65be-4f66-422b-e89ea5388e0b', '5e306560-6b07-2cdf-5b76-66508ad02725', -152321114, -328723685, 8, 2, 84, '2017-02-10 10:47:38.350', -1877968246, '2019-09-03 00:00:00.000', -1351721406, 26890227637.79, -62195130193.06, 53, N'X58XP1M9E4X3D7S31471RFYCC6H55CY3HNCLTVK79A', N'1ADR59Q2', 0)
INSERT dbo.Project(Oid, Name, Address, Client, Manager, Foreman, OptimisticLockField, GCRecord, Balance, BalanceByMaterial, BalanceByWork, PlaningStartDate, Status, FinishDate, Area, WorkPriceRate, WorkersPriceRate, RemainderTheAdvance, PlanfixWorkTask, PlanfixChangeRequestTask, UseAnalytics) VALUES ('17907d4e-7c0c-5df6-b833-62dd4e858bad', N'Reita1975', N'2842 Stonewood Ct, Penobscot Bldg, Bismarck, North Dakota, 65981', '228bfc03-38db-4741-f096-94965a4eaa62', '36a4260a-7f6c-2ec6-f2b6-6f4dd73eba9e', '202cad24-4598-16cf-1a02-ce5da15ac776', 8, -37, 54, 5, 37, '1983-07-16 11:28:45.690', -1057751127, '2010-03-01 00:00:00.000', -689378148, 8.83, -37.68, 9, N'EU7JS', N'D4', 0)
INSERT dbo.Project(Oid, Name, Address, Client, Manager, Foreman, OptimisticLockField, GCRecord, Balance, BalanceByMaterial, BalanceByWork, PlaningStartDate, Status, FinishDate, Area, WorkPriceRate, WorkersPriceRate, RemainderTheAdvance, PlanfixWorkTask, PlanfixChangeRequestTask, UseAnalytics) VALUES ('5f4ef1d4-6cef-1cfb-0848-b983316b8374', N'Isidra27', N'3527 Beachwood Ct, Keith Building, Raleigh, NC, 46725', '2f8a5a0d-54fa-587b-5676-66508ad02725', '58fc185f-1925-3117-334d-4c0f86f26090', '228bfc03-38db-4741-f096-94965a4eaa62', -71, -1966550668, 48, 45, 78, '1999-09-15 19:05:13.030', -9, '2011-02-26 00:00:00.000', NULL, -71.57, 83926982464.59, -240867754, N'89I76T0C5NKMLU9181AAZ308V4FM5O432', N'U89012A2IAO5W451YY8S2ND1M9D21G31TD6J1F4IXAY4271460Z1F33538EKO58U9M8895VCP903R8UMCZTQI06W2E20XHS', 1)
INSERT dbo.Project(Oid, Name, Address, Client, Manager, Foreman, OptimisticLockField, GCRecord, Balance, BalanceByMaterial, BalanceByWork, PlaningStartDate, Status, FinishDate, Area, WorkPriceRate, WorkersPriceRate, RemainderTheAdvance, PlanfixWorkTask, PlanfixChangeRequestTask, UseAnalytics) VALUES ('169b892d-4fb7-2a17-2193-373516031d8e', N'Hershel91', N'3030 White Waterview Parkway, Hartford, CT, 01573', '1a361dba-2edd-6ebd-324d-4c0f86f26090', '58fc185f-1925-3117-334d-4c0f86f26090', '43624c49-472d-4810-f296-94965a4eaa62', -452053907, -2007347795, 75, 72, 78, '1998-01-09 09:30:22.150', -3, '2019-03-08 00:00:00.000', -330340475, 32357743608.71, 12072964412.74, -1898936079, N'4', N'D24', 0)
INSERT dbo.Project(Oid, Name, Address, Client, Manager, Foreman, OptimisticLockField, GCRecord, Balance, BalanceByMaterial, BalanceByWork, PlaningStartDate, Status, FinishDate, Area, WorkPriceRate, WorkersPriceRate, RemainderTheAdvance, PlanfixWorkTask, PlanfixChangeRequestTask, UseAnalytics) VALUES ('6c4ebe20-31c5-1ec9-0948-b983316b8374', N'Abby2022', N'2936 Hidden Social Ln, Raleigh, NC, 84461', '36460dcf-323b-1391-8ec9-bcec0cd444f8', '37e456ed-14a3-6717-f3b6-6f4dd73eba9e', '5e306560-6b07-2cdf-5b76-66508ad02725', 0, -1446550821, 27, 9, 11, '1991-10-21 23:10:04.360', -810110848, '2010-01-03 00:00:00.000', -346488775, 0.81, -11963127704.94, -1476562283, N'D7', N'U66G776U84R6JQ7EB14S60Q9', 1)
INSERT dbo.Project(Oid, Name, Address, Client, Manager, Foreman, OptimisticLockField, GCRecord, Balance, BalanceByMaterial, BalanceByWork, PlaningStartDate, Status, FinishDate, Area, WorkPriceRate, WorkersPriceRate, RemainderTheAdvance, PlanfixWorkTask, PlanfixChangeRequestTask, UseAnalytics) VALUES ('3813ed54-50cb-5d88-485f-1885b89fc8fc', N'Torie2023', N'518 Ashwood Pkwy, Standard Building, Albany, NY, 31781', '5984fdaa-1e0e-68c7-3e2b-e89ea5388e0b', '66a18612-296a-25b0-d94b-16e575b61049', '4abdf3c0-7507-7423-304d-4c0f86f26090', -832494209, -1318982523, 41, 10, 57, '2005-12-08 04:48:03.550', -6316, '2020-12-27 00:00:00.000', -538897206, -21802699940.87, 10665599132.01, -1779862421, N'9T7PF1', N'HV942P23', 0)
INSERT dbo.Project(Oid, Name, Address, Client, Manager, Foreman, OptimisticLockField, GCRecord, Balance, BalanceByMaterial, BalanceByWork, PlaningStartDate, Status, FinishDate, Area, WorkPriceRate, WorkersPriceRate, RemainderTheAdvance, PlanfixWorkTask, PlanfixChangeRequestTask, UseAnalytics) VALUES ('1faf0e4a-4d03-3578-3314-9ad3d3072fe3', NULL, NULL, '69619ef2-1249-20fa-797e-3e3b283cabde', '43624c49-472d-4810-f296-94965a4eaa62', '26c1e1f8-3a26-53fe-5876-66508ad02725', NULL, 378, NULL, 44, 61, NULL, -4, NULL, -792563703, NULL, 378.57, -746898554, NULL, N'5308H05911994U6OL5ZN18439UPQ9ZOXHX4Q8BQ8D', NULL)
INSERT dbo.Project(Oid, Name, Address, Client, Manager, Foreman, OptimisticLockField, GCRecord, Balance, BalanceByMaterial, BalanceByWork, PlaningStartDate, Status, FinishDate, Area, WorkPriceRate, WorkersPriceRate, RemainderTheAdvance, PlanfixWorkTask, PlanfixChangeRequestTask, UseAnalytics) VALUES ('5346a8b8-32e1-6513-797d-18b43b6e1561', N'Coretta2011', N'768 Red Lake Ave, Comcast Building, Charleston, West Virginia, 20485', '61e25755-3de1-1adf-8fc9-bcec0cd444f8', NULL, '7a311573-456f-56e3-0902-eefebbd653b8', 41, -1011013647, 84, 44, 81, '1993-10-26 10:18:03.360', -183464709, '2010-05-19 00:00:00.000', -510, 41.94, 98805814080.49, -3114, N'35AN2X46HWG142QT420472OIU9CQR2HOT52Q1B76RIZ7', N'V', 1)
INSERT dbo.Project(Oid, Name, Address, Client, Manager, Foreman, OptimisticLockField, GCRecord, Balance, BalanceByMaterial, BalanceByWork, PlaningStartDate, Status, FinishDate, Area, WorkPriceRate, WorkersPriceRate, RemainderTheAdvance, PlanfixWorkTask, PlanfixChangeRequestTask, UseAnalytics) VALUES ('6b4b77f4-7e44-245e-2293-373516031d8e', NULL, NULL, '5984fdaa-1e0e-68c7-3e2b-e89ea5388e0b', NULL, '2dc6dc0b-307b-3bde-5c76-66508ad02725', NULL, 477, NULL, 48, 6, NULL, 8301, NULL, -1995432542, NULL, 477.84, -1192974425, NULL, N'H76', NULL)
GO

--
-- Inserting data into table dbo.Bank
--
INSERT dbo.Bank(Oid, AccountType) VALUES ('202cad24-4598-16cf-1a02-ce5da15ac776', 'f35c264e-9c7f-449b-ba68-f4e71f71e97e')
INSERT dbo.Bank(Oid, AccountType) VALUES ('66b0e9ee-53c2-4a98-432b-e89ea5388e0b', '2126ef07-0276-4440-b71c-c353516a0946')
INSERT dbo.Bank(Oid, AccountType) VALUES ('2dc6dc0b-307b-3bde-5c76-66508ad02725', 'a126415b-734d-4d05-bf68-f888d680c5ba')
INSERT dbo.Bank(Oid, AccountType) VALUES ('1259a17c-69e8-7a1c-da4b-16e575b61049', 'c14044c4-0d50-4bce-af32-0639f7738026')
INSERT dbo.Bank(Oid, AccountType) VALUES ('5aa02579-73ed-23cd-314d-4c0f86f26090', 'f35c264e-9c7f-449b-ba68-f4e71f71e97e')
INSERT dbo.Bank(Oid, AccountType) VALUES ('7a311573-456f-56e3-0902-eefebbd653b8', 'c14044c4-0d50-4bce-af32-0639f7738026')
INSERT dbo.Bank(Oid, AccountType) VALUES ('3f22df3a-3b15-3b5a-787e-3e3b283cabde', 'a126415b-734d-4d05-bf68-f888d680c5ba')
INSERT dbo.Bank(Oid, AccountType) VALUES ('4f7021f5-7800-11be-0a02-eefebbd653b8', '2126ef07-0276-4440-b71c-c353516a0946')
INSERT dbo.Bank(Oid, AccountType) VALUES ('1a361dba-2edd-6ebd-324d-4c0f86f26090', '2126ef07-0276-4440-b71c-c353516a0946')
INSERT dbo.Bank(Oid, AccountType) VALUES ('7959e1dd-2e0b-4306-7a7e-3e3b283cabde', 'a126415b-734d-4d05-bf68-f888d680c5ba')
INSERT dbo.Bank(Oid, AccountType) VALUES ('1257615f-5ea8-6cd9-0b02-eefebbd653b8', 'c14044c4-0d50-4bce-af32-0639f7738026')
INSERT dbo.Bank(Oid, AccountType) VALUES ('7e919581-5fd4-1caf-5776-66508ad02725', 'f35c264e-9c7f-449b-ba68-f4e71f71e97e')
INSERT dbo.Bank(Oid, AccountType) VALUES ('58fc185f-1925-3117-334d-4c0f86f26090', 'c14044c4-0d50-4bce-af32-0639f7738026')
INSERT dbo.Bank(Oid, AccountType) VALUES ('699acaa2-66da-563a-1702-ce5da15ac776', 'a126415b-734d-4d05-bf68-f888d680c5ba')
INSERT dbo.Bank(Oid, AccountType) VALUES ('37e456ed-14a3-6717-f3b6-6f4dd73eba9e', 'f35c264e-9c7f-449b-ba68-f4e71f71e97e')
INSERT dbo.Bank(Oid, AccountType) VALUES ('51d8cc33-7be1-161f-f396-94965a4eaa62', '2126ef07-0276-4440-b71c-c353516a0946')
INSERT dbo.Bank(Oid, AccountType) VALUES ('24fee4c1-709c-79d6-1802-ce5da15ac776', 'a126415b-734d-4d05-bf68-f888d680c5ba')
INSERT dbo.Bank(Oid, AccountType) VALUES ('14735d5d-67ff-5dad-412b-e89ea5388e0b', '2126ef07-0276-4440-b71c-c353516a0946')
INSERT dbo.Bank(Oid, AccountType) VALUES ('5ebb6116-1627-3f70-0602-eefebbd653b8', 'c14044c4-0d50-4bce-af32-0639f7738026')
INSERT dbo.Bank(Oid, AccountType) VALUES ('43624c49-472d-4810-f296-94965a4eaa62', 'f35c264e-9c7f-449b-ba68-f4e71f71e97e')
INSERT dbo.Bank(Oid, AccountType) VALUES ('36a4260a-7f6c-2ec6-f2b6-6f4dd73eba9e', 'a126415b-734d-4d05-bf68-f888d680c5ba')
INSERT dbo.Bank(Oid, AccountType) VALUES ('669afd3f-720a-6e34-1902-ce5da15ac776', '2126ef07-0276-4440-b71c-c353516a0946')
INSERT dbo.Bank(Oid, AccountType) VALUES ('2f1172a9-1b5d-6fc4-777e-3e3b283cabde', 'c14044c4-0d50-4bce-af32-0639f7738026')
INSERT dbo.Bank(Oid, AccountType) VALUES ('244bd1b5-7428-4b87-0702-eefebbd653b8', 'f35c264e-9c7f-449b-ba68-f4e71f71e97e')
INSERT dbo.Bank(Oid, AccountType) VALUES ('228bfc03-38db-4741-f096-94965a4eaa62', '2126ef07-0276-4440-b71c-c353516a0946')
INSERT dbo.Bank(Oid, AccountType) VALUES ('36ce1756-1d21-7373-f1b6-6f4dd73eba9e', 'f35c264e-9c7f-449b-ba68-f4e71f71e97e')
INSERT dbo.Bank(Oid, AccountType) VALUES ('6c4c1f9b-1644-2620-5976-66508ad02725', 'c14044c4-0d50-4bce-af32-0639f7738026')
INSERT dbo.Bank(Oid, AccountType) VALUES ('3a6dba26-6960-6953-d74b-16e575b61049', 'a126415b-734d-4d05-bf68-f888d680c5ba')
INSERT dbo.Bank(Oid, AccountType) VALUES ('26c1e1f8-3a26-53fe-5876-66508ad02725', 'f35c264e-9c7f-449b-ba68-f4e71f71e97e')
INSERT dbo.Bank(Oid, AccountType) VALUES ('5f00c41b-39dc-51ee-0802-eefebbd653b8', 'c14044c4-0d50-4bce-af32-0639f7738026')
INSERT dbo.Bank(Oid, AccountType) VALUES ('36460dcf-323b-1391-8ec9-bcec0cd444f8', '2126ef07-0276-4440-b71c-c353516a0946')
INSERT dbo.Bank(Oid, AccountType) VALUES ('2f8a5a0d-54fa-587b-5676-66508ad02725', 'a126415b-734d-4d05-bf68-f888d680c5ba')
INSERT dbo.Bank(Oid, AccountType) VALUES ('284445b2-65be-4f66-422b-e89ea5388e0b', 'f35c264e-9c7f-449b-ba68-f4e71f71e97e')
INSERT dbo.Bank(Oid, AccountType) VALUES ('336d8f99-255d-646e-f0b6-6f4dd73eba9e', 'a126415b-734d-4d05-bf68-f888d680c5ba')
INSERT dbo.Bank(Oid, AccountType) VALUES ('1b3166b4-1301-5956-5a76-66508ad02725', '2126ef07-0276-4440-b71c-c353516a0946')
INSERT dbo.Bank(Oid, AccountType) VALUES ('5e306560-6b07-2cdf-5b76-66508ad02725', 'c14044c4-0d50-4bce-af32-0639f7738026')
INSERT dbo.Bank(Oid, AccountType) VALUES ('66a18612-296a-25b0-d94b-16e575b61049', '2126ef07-0276-4440-b71c-c353516a0946')
INSERT dbo.Bank(Oid, AccountType) VALUES ('751604f5-1e51-6d47-3f2b-e89ea5388e0b', 'a126415b-734d-4d05-bf68-f888d680c5ba')
INSERT dbo.Bank(Oid, AccountType) VALUES ('6f0fc907-5bf7-6e28-ef96-94965a4eaa62', 'f35c264e-9c7f-449b-ba68-f4e71f71e97e')
INSERT dbo.Bank(Oid, AccountType) VALUES ('5f0a8444-3de1-3f02-eeb6-6f4dd73eba9e', 'c14044c4-0d50-4bce-af32-0639f7738026')
INSERT dbo.Bank(Oid, AccountType) VALUES ('69619ef2-1249-20fa-797e-3e3b283cabde', 'c14044c4-0d50-4bce-af32-0639f7738026')
INSERT dbo.Bank(Oid, AccountType) VALUES ('1a591774-4565-7236-90c9-bcec0cd444f8', '2126ef07-0276-4440-b71c-c353516a0946')
INSERT dbo.Bank(Oid, AccountType) VALUES ('5984fdaa-1e0e-68c7-3e2b-e89ea5388e0b', 'a126415b-734d-4d05-bf68-f888d680c5ba')
INSERT dbo.Bank(Oid, AccountType) VALUES ('481c748b-2a85-2a28-efb6-6f4dd73eba9e', 'f35c264e-9c7f-449b-ba68-f4e71f71e97e')
INSERT dbo.Bank(Oid, AccountType) VALUES ('49bdab11-1115-7150-d84b-16e575b61049', 'a126415b-734d-4d05-bf68-f888d680c5ba')
INSERT dbo.Bank(Oid, AccountType) VALUES ('4abdf3c0-7507-7423-304d-4c0f86f26090', 'c14044c4-0d50-4bce-af32-0639f7738026')
INSERT dbo.Bank(Oid, AccountType) VALUES ('61e25755-3de1-1adf-8fc9-bcec0cd444f8', 'f35c264e-9c7f-449b-ba68-f4e71f71e97e')
INSERT dbo.Bank(Oid, AccountType) VALUES ('1e3453a2-3ef5-5f70-8dc9-bcec0cd444f8', '2126ef07-0276-4440-b71c-c353516a0946')
INSERT dbo.Bank(Oid, AccountType) VALUES ('397bc919-4888-5ab2-402b-e89ea5388e0b', '2126ef07-0276-4440-b71c-c353516a0946')
INSERT dbo.Bank(Oid, AccountType) VALUES ('499200b3-46a5-60a7-f196-94965a4eaa62', 'f35c264e-9c7f-449b-ba68-f4e71f71e97e')
GO

--
-- Inserting data into table dbo.Cashbox
--
INSERT dbo.Cashbox(Oid, AccountType) VALUES ('7a311573-456f-56e3-0902-eefebbd653b8', '2126ef07-0276-4440-b71c-c353516a0946')
INSERT dbo.Cashbox(Oid, AccountType) VALUES ('3a6dba26-6960-6953-d74b-16e575b61049', 'c14044c4-0d50-4bce-af32-0639f7738026')
INSERT dbo.Cashbox(Oid, AccountType) VALUES ('2dc6dc0b-307b-3bde-5c76-66508ad02725', 'f35c264e-9c7f-449b-ba68-f4e71f71e97e')
INSERT dbo.Cashbox(Oid, AccountType) VALUES ('3f22df3a-3b15-3b5a-787e-3e3b283cabde', 'a126415b-734d-4d05-bf68-f888d680c5ba')
INSERT dbo.Cashbox(Oid, AccountType) VALUES ('2f8a5a0d-54fa-587b-5676-66508ad02725', 'a126415b-734d-4d05-bf68-f888d680c5ba')
INSERT dbo.Cashbox(Oid, AccountType) VALUES ('751604f5-1e51-6d47-3f2b-e89ea5388e0b', '2126ef07-0276-4440-b71c-c353516a0946')
INSERT dbo.Cashbox(Oid, AccountType) VALUES ('1a361dba-2edd-6ebd-324d-4c0f86f26090', 'f35c264e-9c7f-449b-ba68-f4e71f71e97e')
INSERT dbo.Cashbox(Oid, AccountType) VALUES ('1259a17c-69e8-7a1c-da4b-16e575b61049', 'c14044c4-0d50-4bce-af32-0639f7738026')
INSERT dbo.Cashbox(Oid, AccountType) VALUES ('51d8cc33-7be1-161f-f396-94965a4eaa62', '2126ef07-0276-4440-b71c-c353516a0946')
INSERT dbo.Cashbox(Oid, AccountType) VALUES ('202cad24-4598-16cf-1a02-ce5da15ac776', 'c14044c4-0d50-4bce-af32-0639f7738026')
INSERT dbo.Cashbox(Oid, AccountType) VALUES ('1257615f-5ea8-6cd9-0b02-eefebbd653b8', 'a126415b-734d-4d05-bf68-f888d680c5ba')
INSERT dbo.Cashbox(Oid, AccountType) VALUES ('14735d5d-67ff-5dad-412b-e89ea5388e0b', 'f35c264e-9c7f-449b-ba68-f4e71f71e97e')
INSERT dbo.Cashbox(Oid, AccountType) VALUES ('669afd3f-720a-6e34-1902-ce5da15ac776', '2126ef07-0276-4440-b71c-c353516a0946')
INSERT dbo.Cashbox(Oid, AccountType) VALUES ('6f0fc907-5bf7-6e28-ef96-94965a4eaa62', 'f35c264e-9c7f-449b-ba68-f4e71f71e97e')
INSERT dbo.Cashbox(Oid, AccountType) VALUES ('244bd1b5-7428-4b87-0702-eefebbd653b8', 'c14044c4-0d50-4bce-af32-0639f7738026')
INSERT dbo.Cashbox(Oid, AccountType) VALUES ('36ce1756-1d21-7373-f1b6-6f4dd73eba9e', 'a126415b-734d-4d05-bf68-f888d680c5ba')
INSERT dbo.Cashbox(Oid, AccountType) VALUES ('5f00c41b-39dc-51ee-0802-eefebbd653b8', 'a126415b-734d-4d05-bf68-f888d680c5ba')
INSERT dbo.Cashbox(Oid, AccountType) VALUES ('284445b2-65be-4f66-422b-e89ea5388e0b', '2126ef07-0276-4440-b71c-c353516a0946')
INSERT dbo.Cashbox(Oid, AccountType) VALUES ('4f7021f5-7800-11be-0a02-eefebbd653b8', 'c14044c4-0d50-4bce-af32-0639f7738026')
INSERT dbo.Cashbox(Oid, AccountType) VALUES ('7959e1dd-2e0b-4306-7a7e-3e3b283cabde', 'f35c264e-9c7f-449b-ba68-f4e71f71e97e')
INSERT dbo.Cashbox(Oid, AccountType) VALUES ('228bfc03-38db-4741-f096-94965a4eaa62', 'c14044c4-0d50-4bce-af32-0639f7738026')
INSERT dbo.Cashbox(Oid, AccountType) VALUES ('5f0a8444-3de1-3f02-eeb6-6f4dd73eba9e', '2126ef07-0276-4440-b71c-c353516a0946')
INSERT dbo.Cashbox(Oid, AccountType) VALUES ('336d8f99-255d-646e-f0b6-6f4dd73eba9e', 'f35c264e-9c7f-449b-ba68-f4e71f71e97e')
INSERT dbo.Cashbox(Oid, AccountType) VALUES ('5984fdaa-1e0e-68c7-3e2b-e89ea5388e0b', 'a126415b-734d-4d05-bf68-f888d680c5ba')
INSERT dbo.Cashbox(Oid, AccountType) VALUES ('6c4c1f9b-1644-2620-5976-66508ad02725', 'f35c264e-9c7f-449b-ba68-f4e71f71e97e')
INSERT dbo.Cashbox(Oid, AccountType) VALUES ('4abdf3c0-7507-7423-304d-4c0f86f26090', 'a126415b-734d-4d05-bf68-f888d680c5ba')
INSERT dbo.Cashbox(Oid, AccountType) VALUES ('58fc185f-1925-3117-334d-4c0f86f26090', 'c14044c4-0d50-4bce-af32-0639f7738026')
INSERT dbo.Cashbox(Oid, AccountType) VALUES ('43624c49-472d-4810-f296-94965a4eaa62', '2126ef07-0276-4440-b71c-c353516a0946')
INSERT dbo.Cashbox(Oid, AccountType) VALUES ('1b3166b4-1301-5956-5a76-66508ad02725', 'a126415b-734d-4d05-bf68-f888d680c5ba')
INSERT dbo.Cashbox(Oid, AccountType) VALUES ('37e456ed-14a3-6717-f3b6-6f4dd73eba9e', '2126ef07-0276-4440-b71c-c353516a0946')
INSERT dbo.Cashbox(Oid, AccountType) VALUES ('7e919581-5fd4-1caf-5776-66508ad02725', 'c14044c4-0d50-4bce-af32-0639f7738026')
INSERT dbo.Cashbox(Oid, AccountType) VALUES ('699acaa2-66da-563a-1702-ce5da15ac776', 'f35c264e-9c7f-449b-ba68-f4e71f71e97e')
INSERT dbo.Cashbox(Oid, AccountType) VALUES ('36a4260a-7f6c-2ec6-f2b6-6f4dd73eba9e', 'a126415b-734d-4d05-bf68-f888d680c5ba')
INSERT dbo.Cashbox(Oid, AccountType) VALUES ('26c1e1f8-3a26-53fe-5876-66508ad02725', 'c14044c4-0d50-4bce-af32-0639f7738026')
INSERT dbo.Cashbox(Oid, AccountType) VALUES ('5ebb6116-1627-3f70-0602-eefebbd653b8', '2126ef07-0276-4440-b71c-c353516a0946')
INSERT dbo.Cashbox(Oid, AccountType) VALUES ('36460dcf-323b-1391-8ec9-bcec0cd444f8', 'f35c264e-9c7f-449b-ba68-f4e71f71e97e')
INSERT dbo.Cashbox(Oid, AccountType) VALUES ('2f1172a9-1b5d-6fc4-777e-3e3b283cabde', '2126ef07-0276-4440-b71c-c353516a0946')
INSERT dbo.Cashbox(Oid, AccountType) VALUES ('5e306560-6b07-2cdf-5b76-66508ad02725', 'c14044c4-0d50-4bce-af32-0639f7738026')
INSERT dbo.Cashbox(Oid, AccountType) VALUES ('66a18612-296a-25b0-d94b-16e575b61049', 'f35c264e-9c7f-449b-ba68-f4e71f71e97e')
INSERT dbo.Cashbox(Oid, AccountType) VALUES ('5aa02579-73ed-23cd-314d-4c0f86f26090', 'a126415b-734d-4d05-bf68-f888d680c5ba')
INSERT dbo.Cashbox(Oid, AccountType) VALUES ('481c748b-2a85-2a28-efb6-6f4dd73eba9e', 'f35c264e-9c7f-449b-ba68-f4e71f71e97e')
INSERT dbo.Cashbox(Oid, AccountType) VALUES ('49bdab11-1115-7150-d84b-16e575b61049', 'a126415b-734d-4d05-bf68-f888d680c5ba')
INSERT dbo.Cashbox(Oid, AccountType) VALUES ('1e3453a2-3ef5-5f70-8dc9-bcec0cd444f8', 'c14044c4-0d50-4bce-af32-0639f7738026')
INSERT dbo.Cashbox(Oid, AccountType) VALUES ('69619ef2-1249-20fa-797e-3e3b283cabde', '2126ef07-0276-4440-b71c-c353516a0946')
INSERT dbo.Cashbox(Oid, AccountType) VALUES ('1a591774-4565-7236-90c9-bcec0cd444f8', 'c14044c4-0d50-4bce-af32-0639f7738026')
INSERT dbo.Cashbox(Oid, AccountType) VALUES ('397bc919-4888-5ab2-402b-e89ea5388e0b', 'a126415b-734d-4d05-bf68-f888d680c5ba')
INSERT dbo.Cashbox(Oid, AccountType) VALUES ('61e25755-3de1-1adf-8fc9-bcec0cd444f8', 'f35c264e-9c7f-449b-ba68-f4e71f71e97e')
INSERT dbo.Cashbox(Oid, AccountType) VALUES ('66b0e9ee-53c2-4a98-432b-e89ea5388e0b', '2126ef07-0276-4440-b71c-c353516a0946')
INSERT dbo.Cashbox(Oid, AccountType) VALUES ('499200b3-46a5-60a7-f196-94965a4eaa62', 'a126415b-734d-4d05-bf68-f888d680c5ba')
INSERT dbo.Cashbox(Oid, AccountType) VALUES ('24fee4c1-709c-79d6-1802-ce5da15ac776', '2126ef07-0276-4440-b71c-c353516a0946')
GO

--
-- Inserting data into table dbo.Payment
--
INSERT dbo.Payment(Oid, Amount, Category, Project, Justification, Comment, Date, Payer, Payee, OptimisticLockField, GCRecord, CreateDate, CheckNumber, IsAuthorized, Number) VALUES ('1f60e54f-196f-45f3-5498-ae38c5379e4b', NULL, NULL, '5126a884-72e7-76eb-3909-69a9b1bfbc32', NULL, NULL, NULL, '43624c49-472d-4810-f296-94965a4eaa62', '2f8a5a0d-54fa-587b-5676-66508ad02725', NULL, 17, '2004-12-22 09:15:59.000', N'31862', NULL, N'82341')
INSERT dbo.Payment(Oid, Amount, Category, Project, Justification, Comment, Date, Payer, Payee, OptimisticLockField, GCRecord, CreateDate, CheckNumber, IsAuthorized, Number) VALUES ('13a507d0-342d-6292-6de3-2ceaa9cf3765', 93, '7249bf2e-4d51-4a97-b62e-632ffeedc961', '7f9589fa-2b58-5866-1c93-373516031d8e', N'F201', N'Pariatur unde totam et rerum. Tempora velit. Omnis iusto. Voluptas rerum!', '2004-11-13 12:02:13.660', '14735d5d-67ff-5dad-412b-e89ea5388e0b', '26c1e1f8-3a26-53fe-5876-66508ad02725', -599382977, -1297204480, '2007-10-30 08:13:11.880', N'30090', 0, N'35616')
INSERT dbo.Payment(Oid, Amount, Category, Project, Justification, Comment, Date, Payer, Payee, OptimisticLockField, GCRecord, CreateDate, CheckNumber, IsAuthorized, Number) VALUES ('6e0dc48e-3eac-6143-9b66-a58ab8ff47ca', 22, 'a3228980-1fd3-4570-868b-b3911492664e', '6c4ebe20-31c5-1ec9-0948-b983316b8374', N'D4OFXJ8QSD0EMX466B2WGM77SAZ5477', N'Qui recusandae. Dolorum sed sint. Quod quis! Et velit. Similique omnis.', '1989-10-23 01:07:26.260', '1a591774-4565-7236-90c9-bcec0cd444f8', '284445b2-65be-4f66-422b-e89ea5388e0b', -1558087107, -396555021, '1975-02-09 21:14:40.020', N'13550', 0, N'99399')
INSERT dbo.Payment(Oid, Amount, Category, Project, Justification, Comment, Date, Payer, Payee, OptimisticLockField, GCRecord, CreateDate, CheckNumber, IsAuthorized, Number) VALUES ('3650c04e-62b1-6908-5598-ae38c5379e4b', 93, '52399204-dd9b-485c-9ebc-78aa27d7e2e8', '1897a8f1-37fc-5c9c-3809-69a9b1bfbc32', N'1CIY4Y3ND5PODH9FK5NWYAN8KEAG0K75PX114152KL2M5OFENT7S5MMJ4N4Z5Y79X8MU6QASXWCZ73J5127XV', N'Hic corporis sit quia. Omnis ut. Magni mollitia. Debitis enim.', '1982-01-12 13:01:09.980', '7e919581-5fd4-1caf-5776-66508ad02725', '1259a17c-69e8-7a1c-da4b-16e575b61049', -111916084, -601, '1994-01-29 21:45:22.050', N'80185', 0, N'82060')
INSERT dbo.Payment(Oid, Amount, Category, Project, Justification, Comment, Date, Payer, Payee, OptimisticLockField, GCRecord, CreateDate, CheckNumber, IsAuthorized, Number) VALUES ('6827e1c0-5b98-6d19-831b-27d9d367aeb0', 67, '1ba76857-e16f-4c22-a75f-e79e5722adba', '167940ec-16a3-126a-d07e-e08e331d25c7', N'4E02K358PKVHXDH723206E91C2848XZ781454V6A', N'Unde sunt et nobis natus.', '2007-03-15 08:18:08.630', '2f1172a9-1b5d-6fc4-777e-3e3b283cabde', '61e25755-3de1-1adf-8fc9-bcec0cd444f8', -89948970, 35, '2018-12-05 04:14:39.390', N'70235', 0, N'95270')
INSERT dbo.Payment(Oid, Amount, Category, Project, Justification, Comment, Date, Payer, Payee, OptimisticLockField, GCRecord, CreateDate, CheckNumber, IsAuthorized, Number) VALUES ('1949dae3-4d44-217e-9c66-a58ab8ff47ca', 81, '07ea1363-fd9d-4b15-ac3e-c98407443665', '5c549d77-1e58-4d4e-1fbe-eaf7cc272319', N'B2S13E19PHY530U4UFL7W83O7R8SN0C6EGCRF63GS65AD5960QCUW4WEQ3SJS', N'Reprehenderit illum enim quasi possimus...', '1975-06-24 21:30:53.260', '202cad24-4598-16cf-1a02-ce5da15ac776', '336d8f99-255d-646e-f0b6-6f4dd73eba9e', -1463700094, -1842032745, '1993-01-07 09:41:07.160', N'25376', 0, N'75258')
INSERT dbo.Payment(Oid, Amount, Category, Project, Justification, Comment, Date, Payer, Payee, OptimisticLockField, GCRecord, CreateDate, CheckNumber, IsAuthorized, Number) VALUES ('4958949d-17c9-454d-841b-27d9d367aeb0', 69, '8aa549ff-ee0f-445d-b539-7ca53116a737', '1752b8ca-19e4-4cd1-757d-18b43b6e1561', N'D6NV08', N'Voluptatum quos omnis. A sit. Consectetur et. Amet ut! Laboriosam molestiae.', '1988-10-19 07:00:03.510', '397bc919-4888-5ab2-402b-e89ea5388e0b', '336d8f99-255d-646e-f0b6-6f4dd73eba9e', -782787959, -1034538455, '1993-09-14 07:16:48.450', N'54030', 1, N'51197')
INSERT dbo.Payment(Oid, Amount, Category, Project, Justification, Comment, Date, Payer, Payee, OptimisticLockField, GCRecord, CreateDate, CheckNumber, IsAuthorized, Number) VALUES ('47782bc9-1bf1-7c7b-6ee3-2ceaa9cf3765', 58, 'ac03d0b4-8060-4e8d-bef2-6b2382500dd0', NULL, N'05F2340JX5ISPFB0UE675N6NU72Q', N'Fugiat et pariatur quia doloremque. Quo modi nemo.', '2013-06-15 20:41:39.680', '397bc919-4888-5ab2-402b-e89ea5388e0b', '1257615f-5ea8-6cd9-0b02-eefebbd653b8', -559690754, NULL, NULL, N'58852', 1, N'96299')
INSERT dbo.Payment(Oid, Amount, Category, Project, Justification, Comment, Date, Payer, Payee, OptimisticLockField, GCRecord, CreateDate, CheckNumber, IsAuthorized, Number) VALUES ('1242d680-4f02-3bbb-9d66-a58ab8ff47ca', 54, NULL, '1ee39b95-6a6d-4cdf-5d32-9a0257d67b47', N'93CSPS54U31', N'Vitae error eos ut. Aut ea at dolorem. At minus!', '1982-06-03 09:43:11.690', '699acaa2-66da-563a-1702-ce5da15ac776', '336d8f99-255d-646e-f0b6-6f4dd73eba9e', -1, -669915443, '1986-05-21 03:11:08.280', N'26634', 1, N'26208')
INSERT dbo.Payment(Oid, Amount, Category, Project, Justification, Comment, Date, Payer, Payee, OptimisticLockField, GCRecord, CreateDate, CheckNumber, IsAuthorized, Number) VALUES ('114b715b-430f-74cd-d5c6-21b180c0988f', 27, 'bc5546da-69fa-4590-8023-e49a9150dff3', '6b9b7137-3dd3-7b12-b733-62dd4e858bad', N'03CI98Z3WSHDR8GN73D3F', N'Est a. Doloribus sint itaque nam quia!', '2016-01-15 18:23:19.780', '36a4260a-7f6c-2ec6-f2b6-6f4dd73eba9e', '499200b3-46a5-60a7-f196-94965a4eaa62', -509434008, -898806274, '2008-09-09 20:16:09.000', N'42721', 1, N'01467')
INSERT dbo.Payment(Oid, Amount, Category, Project, Justification, Comment, Date, Payer, Payee, OptimisticLockField, GCRecord, CreateDate, CheckNumber, IsAuthorized, Number) VALUES ('234be17d-3820-7daa-5698-ae38c5379e4b', 49, 'eeff9d97-f6d1-4318-9391-0a83f7fb9b46', '5a851e09-4a52-7284-0648-b983316b8374', N'WDBAA4Z351F8801W6AVNZ7G2POT561V38A7210VDWTAWLZUQ', N'Et cumque sit dolorem id. Nostrum quam facilis saepe.', '1972-03-16 11:55:47.950', '3f22df3a-3b15-3b5a-787e-3e3b283cabde', '69619ef2-1249-20fa-797e-3e3b283cabde', -94387014, -1971633085, '1978-05-21 04:25:54.330', N'68440', 0, N'26840')
INSERT dbo.Payment(Oid, Amount, Category, Project, Justification, Comment, Date, Payer, Payee, OptimisticLockField, GCRecord, CreateDate, CheckNumber, IsAuthorized, Number) VALUES ('3564d2c8-2839-5bf7-851b-27d9d367aeb0', 82, '0d0e2c4b-3bee-405a-a6b3-78dc4d4abb2c', '24c4b5df-5d2a-53c2-b533-62dd4e858bad', N'X8O4D6Y3L46RUIF08TNBG45119', N'Nihil nesciunt amet ullam. Beatae recusandae veniam. Voluptatem quisquam.', '1998-11-25 09:41:41.610', '3f22df3a-3b15-3b5a-787e-3e3b283cabde', '1e3453a2-3ef5-5f70-8dc9-bcec0cd444f8', -1476611773, -5, '2013-05-23 23:04:49.040', N'06826', 0, N'98265')
INSERT dbo.Payment(Oid, Amount, Category, Project, Justification, Comment, Date, Payer, Payee, OptimisticLockField, GCRecord, CreateDate, CheckNumber, IsAuthorized, Number) VALUES ('7fa72f44-2825-2b26-d190-152dfadf6d0d', 52, '08a4bad6-f7b6-40ac-ab10-8a7f24ab536b', '5c549d77-1e58-4d4e-1fbe-eaf7cc272319', N'737I0', N'Repudiandae sed beatae molestiae consectetur. Omnis a! Mollitia nostrum. Et.', '1997-02-21 14:51:12.610', '5984fdaa-1e0e-68c7-3e2b-e89ea5388e0b', '228bfc03-38db-4741-f096-94965a4eaa62', -1677741864, -1433011978, '2001-05-12 01:01:27.680', N'01752', 1, N'77381')
INSERT dbo.Payment(Oid, Amount, Category, Project, Justification, Comment, Date, Payer, Payee, OptimisticLockField, GCRecord, CreateDate, CheckNumber, IsAuthorized, Number) VALUES ('26895d47-1420-68d0-9e66-a58ab8ff47ca', 30, 'b747e6e7-817d-4b3c-8bd2-91481acb46a6', '438f32b0-4d8e-4d3b-777d-18b43b6e1561', N'6EQGVYTP787R19E4U685QI', N'Quis odio voluptatem odit iste.', '1993-10-02 09:33:25.030', '2f1172a9-1b5d-6fc4-777e-3e3b283cabde', '336d8f99-255d-646e-f0b6-6f4dd73eba9e', -444154686, 571, '2012-07-13 04:43:56.190', N'48208', 0, N'58730')
INSERT dbo.Payment(Oid, Amount, Category, Project, Justification, Comment, Date, Payer, Payee, OptimisticLockField, GCRecord, CreateDate, CheckNumber, IsAuthorized, Number) VALUES ('23df2104-50d7-1d9c-eadb-93dede770727', 21, 'cde5137c-6254-425e-9bc4-e6216658f4d5', '12e83c52-5faa-79c9-ce7e-e08e331d25c7', N'2TDJ5NA5UZTB854JQW2L', N'Sunt deleniti ipsum sequi doloribus. Enim tenetur! Dignissimos et? Est error!', '1978-07-28 17:05:21.510', '5e306560-6b07-2cdf-5b76-66508ad02725', '1e3453a2-3ef5-5f70-8dc9-bcec0cd444f8', -280694610, -2049324517, '2017-11-17 18:03:50.290', N'91066', 0, N'80473')
INSERT dbo.Payment(Oid, Amount, Category, Project, Justification, Comment, Date, Payer, Payee, OptimisticLockField, GCRecord, CreateDate, CheckNumber, IsAuthorized, Number) VALUES ('4c411322-7cb4-657d-6fe3-2ceaa9cf3765', 5, '69d0c922-3eea-47fb-9c22-f9c50b2846df', '66af213e-6ed1-770c-5c32-9a0257d67b47', N'24X37K31S4LW3TL4KD952L9K24PYE34PXLQ9PYMH', N'Omnis ut nam magnam modi.', '2005-06-22 09:22:05.490', '1b3166b4-1301-5956-5a76-66508ad02725', '5ebb6116-1627-3f70-0602-eefebbd653b8', -1135043815, -2116982070, '1984-01-19 08:15:51.300', N'73759', 0, N'94740')
INSERT dbo.Payment(Oid, Amount, Category, Project, Justification, Comment, Date, Payer, Payee, OptimisticLockField, GCRecord, CreateDate, CheckNumber, IsAuthorized, Number) VALUES ('3800012e-758c-1328-861b-27d9d367aeb0', 55, 'f601cfb6-93ed-4087-822a-6f2fed3eeb0a', '17907d4e-7c0c-5df6-b833-62dd4e858bad', N'6G081YZ262R1E57HNN58ZFLP6130K5V8C', N'Sint numquam sed et consectetur. Et voluptatem molestias sint veritatis!', '1972-12-30 06:45:14.310', '1259a17c-69e8-7a1c-da4b-16e575b61049', NULL, -1029320644, -792, '1978-05-09 21:19:16.240', N'05933', 1, N'46957')
INSERT dbo.Payment(Oid, Amount, Category, Project, Justification, Comment, Date, Payer, Payee, OptimisticLockField, GCRecord, CreateDate, CheckNumber, IsAuthorized, Number) VALUES ('4782d29d-4baf-7371-d290-152dfadf6d0d', 64, '639d2087-d6b5-4fd0-aefd-a572a4256ca3', '4a084a3f-5d99-1372-b433-62dd4e858bad', N'5VVTH0FE4PW58', N'Est eos iusto rem. Unde a aut! Quae soluta. Et non.', '1977-10-20 16:50:45.860', '2f1172a9-1b5d-6fc4-777e-3e3b283cabde', NULL, -325571398, -861, '1996-08-06 18:23:11.590', N'56631', 1, N'49100')
INSERT dbo.Payment(Oid, Amount, Category, Project, Justification, Comment, Date, Payer, Payee, OptimisticLockField, GCRecord, CreateDate, CheckNumber, IsAuthorized, Number) VALUES ('25a1ce30-4ae1-2133-9f66-a58ab8ff47ca', 32, 'a16b0742-af56-4167-b085-ea642223cf2f', '39e40431-57bb-7682-b633-62dd4e858bad', N'60TCJA5793D24V733M', N'Nesciunt inventore magnam vitae. Sed voluptatem! Sit nisi et nihil voluptates.', '2009-03-09 06:35:09.870', '3f22df3a-3b15-3b5a-787e-3e3b283cabde', '1b3166b4-1301-5956-5a76-66508ad02725', -1662410686, -2041202743, '2010-12-20 10:17:41.330', N'28477', 1, N'56780')
INSERT dbo.Payment(Oid, Amount, Category, Project, Justification, Comment, Date, Payer, Payee, OptimisticLockField, GCRecord, CreateDate, CheckNumber, IsAuthorized, Number) VALUES ('2ed98b4b-4f60-6e40-5798-ae38c5379e4b', 74, '052d72eb-46a2-47da-8773-e6737c247f55', '582165db-7775-1bec-2093-373516031d8e', N'L', N'Doloremque dolor illum repellat quia. Quis quae. Qui consequuntur. Voluptates.', '1977-01-21 09:48:59.410', '66a18612-296a-25b0-d94b-16e575b61049', '2f1172a9-1b5d-6fc4-777e-3e3b283cabde', -1448783861, -1822866915, '1998-06-04 03:40:07.650', N'25813', 0, N'42388')
INSERT dbo.Payment(Oid, Amount, Category, Project, Justification, Comment, Date, Payer, Payee, OptimisticLockField, GCRecord, CreateDate, CheckNumber, IsAuthorized, Number) VALUES ('3d5b1131-38b5-2128-ebdb-93dede770727', 18, 'e33864db-6b91-4017-a13c-53ed08e4ea5f', '42b2fa47-5255-25d8-767d-18b43b6e1561', N'EGS5GW7YXS7C6', N'Et ut non. Voluptatem omnis ad nulla consequatur; fuga officiis.', '1981-06-13 19:54:09.430', '5e306560-6b07-2cdf-5b76-66508ad02725', '336d8f99-255d-646e-f0b6-6f4dd73eba9e', -421, -1911341426, '1995-06-19 15:30:18.890', N'54518', 1, N'32802')
INSERT dbo.Payment(Oid, Amount, Category, Project, Justification, Comment, Date, Payer, Payee, OptimisticLockField, GCRecord, CreateDate, CheckNumber, IsAuthorized, Number) VALUES ('193ee03f-15cd-70e7-bd7b-a3ff9b28ff75', 9, '3abdc23d-93e0-4727-92ad-faf29216496d', '169b892d-4fb7-2a17-2193-373516031d8e', N'2P23S51SWA7KA3F5GOKIT856VO3Q0TSG4DW85PR8H75X919K4149RN3599B263CEAL85T87S3TABKXHY', N'Consequatur iure provident commodi assumenda. Qui ipsa; consequuntur;', '1980-04-30 07:20:39.640', '26c1e1f8-3a26-53fe-5876-66508ad02725', '202cad24-4598-16cf-1a02-ce5da15ac776', -1562317690, -9, '1986-04-01 04:59:35.680', N'96555', 1, N'78560')
INSERT dbo.Payment(Oid, Amount, Category, Project, Justification, Comment, Date, Payer, Payee, OptimisticLockField, GCRecord, CreateDate, CheckNumber, IsAuthorized, Number) VALUES ('3a0a7c7d-432b-6cf9-871b-27d9d367aeb0', 43, '700ab7dd-72ae-4f01-a7e2-1dbc341ed4c2', '495ff429-25fd-4337-1f93-373516031d8e', N'XX7TXZ8JLD53BJ5579LH51C56X31132RRVI0SL6KY0XYN1E8TA6S1Y0V289S3Y2777UY8X0XTEC37FRXD0972856037TOGK7A4WK', N'Facilis voluptates. Natus dolore aliquam vero iste. Aut voluptates facilis.', '2001-04-26 03:34:22.450', '61e25755-3de1-1adf-8fc9-bcec0cd444f8', '36ce1756-1d21-7373-f1b6-6f4dd73eba9e', 9, -7655, '2016-06-01 02:23:24.860', N'07607', 1, N'93799')
INSERT dbo.Payment(Oid, Amount, Category, Project, Justification, Comment, Date, Payer, Payee, OptimisticLockField, GCRecord, CreateDate, CheckNumber, IsAuthorized, Number) VALUES ('6123f364-3fd4-3ffe-3e6b-1629b83affd2', 5, '48a33b35-5606-40c3-8b34-0ad2d2036874', '169b892d-4fb7-2a17-2193-373516031d8e', N'8M6PYGGBF73M3M4EKT15RT690U', N'Ut vitae voluptatum. Tempore et fugiat sit quia. Modi harum!', '2020-06-03 11:16:26.080', '3a6dba26-6960-6953-d74b-16e575b61049', '5ebb6116-1627-3f70-0602-eefebbd653b8', -1111872394, -1278753832, '2010-03-17 08:50:22.090', N'86989', 0, N'67709')
INSERT dbo.Payment(Oid, Amount, Category, Project, Justification, Comment, Date, Payer, Payee, OptimisticLockField, GCRecord, CreateDate, CheckNumber, IsAuthorized, Number) VALUES ('4520aa7f-492a-3c02-a066-a58ab8ff47ca', 50, '3498d54b-e9b1-4e48-bf1f-27d107f281f1', '5a851e09-4a52-7284-0648-b983316b8374', N'5519LRHAR553', N'Explicabo numquam atque in corrupti...', '2001-02-13 16:04:23.760', '14735d5d-67ff-5dad-412b-e89ea5388e0b', '336d8f99-255d-646e-f0b6-6f4dd73eba9e', -1864233058, 7, '1984-05-18 04:11:13.320', N'57077', 0, N'00541')
INSERT dbo.Payment(Oid, Amount, Category, Project, Justification, Comment, Date, Payer, Payee, OptimisticLockField, GCRecord, CreateDate, CheckNumber, IsAuthorized, Number) VALUES ('75c44418-37aa-50bc-70e3-2ceaa9cf3765', NULL, NULL, '5f4ef1d4-6cef-1cfb-0848-b983316b8374', NULL, NULL, NULL, NULL, '1a591774-4565-7236-90c9-bcec0cd444f8', NULL, -1087073439, '1990-02-17 23:26:13.080', N'49037', NULL, N'04826')
INSERT dbo.Payment(Oid, Amount, Category, Project, Justification, Comment, Date, Payer, Payee, OptimisticLockField, GCRecord, CreateDate, CheckNumber, IsAuthorized, Number) VALUES ('45e44dc8-211f-27ef-881b-27d9d367aeb0', 9, '9e85d735-6c53-4220-ad79-edf820cc7fed', '5c549d77-1e58-4d4e-1fbe-eaf7cc272319', N'KIN0UW1J', N'Tempore laboriosam unde dignissimos. Laboriosam nobis! Ab nam. Autem tempore.', '2012-12-17 01:46:17.870', '51d8cc33-7be1-161f-f396-94965a4eaa62', '7a311573-456f-56e3-0902-eefebbd653b8', -436477743, -693702741, '2008-10-06 14:49:51.620', N'92422', 0, N'64495')
INSERT dbo.Payment(Oid, Amount, Category, Project, Justification, Comment, Date, Payer, Payee, OptimisticLockField, GCRecord, CreateDate, CheckNumber, IsAuthorized, Number) VALUES ('42057b24-694d-4ae8-a166-a58ab8ff47ca', 51, 'a9beeccc-6ff2-440f-a768-0f5d95f56f68', '582165db-7775-1bec-2093-373516031d8e', N'GTC078M', N'Voluptatem est qui dicta eligendi.', '1993-06-06 08:28:57.940', '51d8cc33-7be1-161f-f396-94965a4eaa62', '336d8f99-255d-646e-f0b6-6f4dd73eba9e', -7296, -1167375384, '1979-05-11 05:08:39.390', N'90287', 0, N'43231')
INSERT dbo.Payment(Oid, Amount, Category, Project, Justification, Comment, Date, Payer, Payee, OptimisticLockField, GCRecord, CreateDate, CheckNumber, IsAuthorized, Number) VALUES ('7202aaab-47c8-2e5d-5898-ae38c5379e4b', 37, 'ba43961f-6903-4c1f-9f7c-2f9afd9c05a0', '39e40431-57bb-7682-b633-62dd4e858bad', N'I9UKHP', N'Ad culpa asperiores unde error; quia vero. Ad in! Omnis ea. Quidem magnam...', '1989-11-26 16:05:58.010', NULL, '7959e1dd-2e0b-4306-7a7e-3e3b283cabde', -1937146433, -119892077, '1998-03-01 12:30:51.500', N'88184', 0, N'57014')
INSERT dbo.Payment(Oid, Amount, Category, Project, Justification, Comment, Date, Payer, Payee, OptimisticLockField, GCRecord, CreateDate, CheckNumber, IsAuthorized, Number) VALUES ('7d765e2c-410d-67ac-71e3-2ceaa9cf3765', 74, '06897bea-4012-442a-a92b-5327ff546f37', '1c88c2a4-1aa1-1a3e-465f-1885b89fc8fc', N'0TV7DEE3L38OP7L610M9EJ4EUP2G3WI500F5LYT347038JEC97HO676N41GG938H5J75Y0GVES08Z28BMHL5575YWFC5JE17Y055', N'Voluptatibus et. Excepturi dolorem dicta inventore ea.', '1990-04-12 03:07:28.870', '1257615f-5ea8-6cd9-0b02-eefebbd653b8', '7a311573-456f-56e3-0902-eefebbd653b8', -104211460, -1532161842, '1978-04-20 00:17:38.340', N'87437', 0, N'23395')
INSERT dbo.Payment(Oid, Amount, Category, Project, Justification, Comment, Date, Payer, Payee, OptimisticLockField, GCRecord, CreateDate, CheckNumber, IsAuthorized, Number) VALUES ('7c3b7b80-7de9-412e-54b6-94da9cd298ec', NULL, NULL, '1752b8ca-19e4-4cd1-757d-18b43b6e1561', NULL, NULL, NULL, '5e306560-6b07-2cdf-5b76-66508ad02725', '336d8f99-255d-646e-f0b6-6f4dd73eba9e', NULL, -456588987, '1974-01-05 00:49:14.970', N'19425', NULL, N'67824')
INSERT dbo.Payment(Oid, Amount, Category, Project, Justification, Comment, Date, Payer, Payee, OptimisticLockField, GCRecord, CreateDate, CheckNumber, IsAuthorized, Number) VALUES ('4ba825b4-6631-78d1-5998-ae38c5379e4b', 83, '6caa35ef-d394-4a9f-b08f-e6848b41e96c', '1897a8f1-37fc-5c9c-3809-69a9b1bfbc32', N'4NG0V7RNPI356MPW0VU4UYG32411NP34PMAZ76FP7876R4YD3TP7UM88I12WD443OIP83T3GG8FREU5L6LLYI2691967Q', N'Labore fuga omnis ut reprehenderit. Aspernatur molestiae in rerum velit.', '1986-10-29 21:12:44.630', '1259a17c-69e8-7a1c-da4b-16e575b61049', '5984fdaa-1e0e-68c7-3e2b-e89ea5388e0b', -1088592761, 2, '1987-08-30 18:01:37.060', N'89303', 1, N'91575')
INSERT dbo.Payment(Oid, Amount, Category, Project, Justification, Comment, Date, Payer, Payee, OptimisticLockField, GCRecord, CreateDate, CheckNumber, IsAuthorized, Number) VALUES ('357ec50e-37ed-43fc-d6c6-21b180c0988f', 6, '37425433-0989-4271-a6fd-f32af5bf9b26', '4a084a3f-5d99-1372-b433-62dd4e858bad', N'2ALDI51F2Q3SU', N'Velit aperiam ex voluptas. Vero assumenda esse rerum officia!', '2013-04-19 13:49:05.190', '751604f5-1e51-6d47-3f2b-e89ea5388e0b', '36460dcf-323b-1391-8ec9-bcec0cd444f8', -140, 998, '1973-09-22 00:56:21.030', N'45302', 1, N'19834')
INSERT dbo.Payment(Oid, Amount, Category, Project, Justification, Comment, Date, Payer, Payee, OptimisticLockField, GCRecord, CreateDate, CheckNumber, IsAuthorized, Number) VALUES ('399fc05a-6ef7-1a2d-3f6b-1629b83affd2', 51, 'f1362210-ec04-4e4d-8675-353430c3af7f', '4a084a3f-5d99-1372-b433-62dd4e858bad', N'XL9E2T2LS3O761U2A1C11N82PIV78D7ET0Y', N'Dolore veniam. Quae voluptatem libero! Expedita sunt. Est ratione. Ut!', '1974-06-26 08:33:47.940', '1259a17c-69e8-7a1c-da4b-16e575b61049', '6c4c1f9b-1644-2620-5976-66508ad02725', -1097423728, -366627093, '1975-05-03 15:17:25.000', N'23214', 0, N'64092')
INSERT dbo.Payment(Oid, Amount, Category, Project, Justification, Comment, Date, Payer, Payee, OptimisticLockField, GCRecord, CreateDate, CheckNumber, IsAuthorized, Number) VALUES ('54878d33-29de-72c5-891b-27d9d367aeb0', 86, 'e0d56999-c9a7-4a1b-a995-77fc9e94aa04', '42b2fa47-5255-25d8-767d-18b43b6e1561', N'4N3PV5PV1F1', N'Est omnis est rerum pariatur.', '1992-06-25 21:43:14.420', '669afd3f-720a-6e34-1902-ce5da15ac776', NULL, -1844020005, 390, '1999-09-16 11:37:06.320', N'51343', 1, N'83794')
INSERT dbo.Payment(Oid, Amount, Category, Project, Justification, Comment, Date, Payer, Payee, OptimisticLockField, GCRecord, CreateDate, CheckNumber, IsAuthorized, Number) VALUES ('7310a7ce-72fc-6d87-55b6-94da9cd298ec', 64, '494a13dc-f5b2-4559-b753-28c84173b0e7', '39e40431-57bb-7682-b633-62dd4e858bad', N'C1MWJ29K76TQUF056DQ0', N'Ipsam harum eum. Assumenda illo maxime aperiam beatae!', '1989-01-31 13:20:18.760', '1259a17c-69e8-7a1c-da4b-16e575b61049', '751604f5-1e51-6d47-3f2b-e89ea5388e0b', -969443631, -647756143, '1978-09-19 08:43:21.500', N'75699', 1, N'23155')
INSERT dbo.Payment(Oid, Amount, Category, Project, Justification, Comment, Date, Payer, Payee, OptimisticLockField, GCRecord, CreateDate, CheckNumber, IsAuthorized, Number) VALUES ('34d489e2-6add-5426-d390-152dfadf6d0d', 89, 'c7554c3e-056a-4577-971d-365aadc15a05', '2643c0f2-5381-7a86-1d93-373516031d8e', N'8385GWUQXPVI', N'Officia totam dolorem dolor. Est commodi; rerum ut. Itaque sapiente;', '2004-08-07 08:30:42.710', '58fc185f-1925-3117-334d-4c0f86f26090', '669afd3f-720a-6e34-1902-ce5da15ac776', -1602541421, -39, '1998-05-02 14:25:53.770', N'30971', 1, N'03038')
INSERT dbo.Payment(Oid, Amount, Category, Project, Justification, Comment, Date, Payer, Payee, OptimisticLockField, GCRecord, CreateDate, CheckNumber, IsAuthorized, Number) VALUES ('5499db4b-17be-2f25-72e3-2ceaa9cf3765', 36, '3b66ff7e-6a63-409c-9e21-59c420260ba5', '1752b8ca-19e4-4cd1-757d-18b43b6e1561', N'QHW453AE748HD9AM16552W5M24G9DGP0F96K0V787WMDF5JG86NGQW9665Q92339BJ4L3G40JH2G4Q8ST0AQH23PD4ESV', N'Quos consequuntur fuga labore ut. Fugit voluptatem? Sit provident. Vel.', '2018-07-04 22:05:55.470', '7959e1dd-2e0b-4306-7a7e-3e3b283cabde', '5984fdaa-1e0e-68c7-3e2b-e89ea5388e0b', -1834281272, -1995722055, '2003-09-14 13:31:23.190', N'50730', 1, N'60007')
INSERT dbo.Payment(Oid, Amount, Category, Project, Justification, Comment, Date, Payer, Payee, OptimisticLockField, GCRecord, CreateDate, CheckNumber, IsAuthorized, Number) VALUES ('7f333d8e-5137-568f-be7b-a3ff9b28ff75', 17, 'f0f25486-f0e2-4c0a-99d3-068508d13eaf', '5126a884-72e7-76eb-3909-69a9b1bfbc32', N'F100W9F6VPON8B208426A10QB35F0188K8TA3K2S92RDP71L8756U963J6EW052C37BG2JU4723E471X4637F8JW0MVCNL4F272H', N'Et sit aliquid quae. Nihil deleniti est et. Ipsam molestias.', '1993-08-07 12:39:48.010', '1257615f-5ea8-6cd9-0b02-eefebbd653b8', '1a361dba-2edd-6ebd-324d-4c0f86f26090', -1375221000, -698302100, '1975-07-13 00:21:07.930', N'06712', 1, N'80202')
INSERT dbo.Payment(Oid, Amount, Category, Project, Justification, Comment, Date, Payer, Payee, OptimisticLockField, GCRecord, CreateDate, CheckNumber, IsAuthorized, Number) VALUES ('3e34c4f2-3a6c-62c5-a266-a58ab8ff47ca', 28, '951faee9-8883-4aef-8cb2-11aac0a245e0', '5c549d77-1e58-4d4e-1fbe-eaf7cc272319', N'T2UTM868FL3P0XHT617QYT8TSY448I9XD2', N'Consequatur minus illum consequuntur porro. Harum aut.', '1973-07-09 03:50:44.710', '5e306560-6b07-2cdf-5b76-66508ad02725', '51d8cc33-7be1-161f-f396-94965a4eaa62', -465153655, -1092862625, '1988-07-19 22:04:02.220', N'54828', 1, N'86963')
INSERT dbo.Payment(Oid, Amount, Category, Project, Justification, Comment, Date, Payer, Payee, OptimisticLockField, GCRecord, CreateDate, CheckNumber, IsAuthorized, Number) VALUES ('6ff002a7-47b1-79ff-8a1b-27d9d367aeb0', 3, '536199bf-9119-4659-a22b-783d05d4c715', '1ba4c500-5a33-4cef-3709-69a9b1bfbc32', N'R4', N'Ut dolorem nisi ab repudiandae. Voluptatem eum. Qui sit. Nihil nostrum...', '1975-09-30 10:55:50.140', '58fc185f-1925-3117-334d-4c0f86f26090', '397bc919-4888-5ab2-402b-e89ea5388e0b', -736452340, 92, '1987-11-20 05:08:34.770', N'75541', 1, N'16897')
INSERT dbo.Payment(Oid, Amount, Category, Project, Justification, Comment, Date, Payer, Payee, OptimisticLockField, GCRecord, CreateDate, CheckNumber, IsAuthorized, Number) VALUES ('67cb2614-27d9-36f4-406b-1629b83affd2', 18, '60219579-cc7b-44c3-a5cb-4dca47a93b9e', '42b2fa47-5255-25d8-767d-18b43b6e1561', N'322', N'Error dolorem. Vitae dolor perspiciatis sint et.', '2018-11-20 23:03:01.060', '36a4260a-7f6c-2ec6-f2b6-6f4dd73eba9e', '1e3453a2-3ef5-5f70-8dc9-bcec0cd444f8', -475373081, -290604169, '1981-05-13 08:29:35.560', N'64166', 1, N'78934')
INSERT dbo.Payment(Oid, Amount, Category, Project, Justification, Comment, Date, Payer, Payee, OptimisticLockField, GCRecord, CreateDate, CheckNumber, IsAuthorized, Number) VALUES ('32eb6bd6-6c74-4c19-d7c6-21b180c0988f', 63, 'd831594d-d145-40b4-87b4-2a3a7b62a6cd', '31bc6e74-7ec1-593a-6032-9a0257d67b47', N'HK7V', N'Maiores soluta. Blanditiis voluptatem suscipit ab atque.', '2015-11-19 16:31:22.020', '36460dcf-323b-1391-8ec9-bcec0cd444f8', '58fc185f-1925-3117-334d-4c0f86f26090', 32, -163068846, '2001-12-30 03:14:44.350', N'75446', 0, N'10303')
INSERT dbo.Payment(Oid, Amount, Category, Project, Justification, Comment, Date, Payer, Payee, OptimisticLockField, GCRecord, CreateDate, CheckNumber, IsAuthorized, Number) VALUES ('3198e88a-43ba-6e4f-a366-a58ab8ff47ca', 9, 'c6132b41-dd99-49e3-808e-4436be30c485', '3778fd78-672b-358c-5e32-9a0257d67b47', N'H743ZBH21S30OT0OTB15Z04370F1WP37SQFY51LY6G93W2KKF1I4F86SR5J', N'Molestiae sint possimus. Mollitia unde voluptas qui. Vero officiis natus.', '2011-01-15 03:39:09.480', '5aa02579-73ed-23cd-314d-4c0f86f26090', '669afd3f-720a-6e34-1902-ce5da15ac776', -1741706279, -1404946032, '1992-05-12 09:54:09.440', N'82415', 1, N'37905')
INSERT dbo.Payment(Oid, Amount, Category, Project, Justification, Comment, Date, Payer, Payee, OptimisticLockField, GCRecord, CreateDate, CheckNumber, IsAuthorized, Number) VALUES ('446c9f77-34e0-2453-8b1b-27d9d367aeb0', 45, NULL, '31a38fa9-4c3b-4cf0-0548-b983316b8374', N'76XSZ201R3A2XY3EW6JM83TAZ', N'Recusandae iusto. Quasi illum repudiandae! Fugiat aut. Voluptatum sed! Quia.', '2019-01-21 10:26:14.820', '4f7021f5-7800-11be-0a02-eefebbd653b8', NULL, -1137387767, 809, '1989-02-26 03:48:12.060', N'17667', 1, N'50330')
INSERT dbo.Payment(Oid, Amount, Category, Project, Justification, Comment, Date, Payer, Payee, OptimisticLockField, GCRecord, CreateDate, CheckNumber, IsAuthorized, Number) VALUES ('5735931e-471e-4e0a-a466-a58ab8ff47ca', 86, '2450c83a-ce38-4748-b056-f92670410ec4', '5126a884-72e7-76eb-3909-69a9b1bfbc32', N'5N9S1RO72RL', N'Quisquam porro suscipit enim. Consequatur quod quaerat veniam inventore.', '2011-12-04 06:40:04.140', '24fee4c1-709c-79d6-1802-ce5da15ac776', '2f1172a9-1b5d-6fc4-777e-3e3b283cabde', -1097828933, -1107863015, '2004-03-29 23:33:00.010', N'82506', 0, N'48924')
INSERT dbo.Payment(Oid, Amount, Category, Project, Justification, Comment, Date, Payer, Payee, OptimisticLockField, GCRecord, CreateDate, CheckNumber, IsAuthorized, Number) VALUES ('74ceacc3-3385-445b-5a98-ae38c5379e4b', 50, 'b994305a-4e7d-4309-baae-2db3da972bed', NULL, N'8', N'Dolores sunt error est dicta.', '1980-03-17 18:57:01.660', '397bc919-4888-5ab2-402b-e89ea5388e0b', '4f7021f5-7800-11be-0a02-eefebbd653b8', -9, -10, '1972-07-25 23:00:15.940', N'27014', 1, N'35119')
INSERT dbo.Payment(Oid, Amount, Category, Project, Justification, Comment, Date, Payer, Payee, OptimisticLockField, GCRecord, CreateDate, CheckNumber, IsAuthorized, Number) VALUES ('24b8283e-35c3-4fc4-73e3-2ceaa9cf3765', 4, '6d3c6db4-2e14-4c8b-b5c3-50c9c1ae2a5b', NULL, N'26I74MO037J70YK8ZN669U0G7N3C4', N'Non in sapiente voluptatum. Libero beatae omnis sit. Error eaque.', '1996-09-04 01:52:17.610', NULL, '4f7021f5-7800-11be-0a02-eefebbd653b8', -1737131369, -3, '1985-11-11 14:02:34.170', N'36971', 1, N'11015')
INSERT dbo.Payment(Oid, Amount, Category, Project, Justification, Comment, Date, Payer, Payee, OptimisticLockField, GCRecord, CreateDate, CheckNumber, IsAuthorized, Number) VALUES ('592d4ad8-3675-2016-ecdb-93dede770727', 76, 'cdca2762-818e-408a-9e57-08c515c2d87e', NULL, N'22G6188EAABWSVVKKXRMW4NK509XQ8T8Z22U5', N'Architecto dolorum sunt. Voluptatem vel. Fuga at; reprehenderit omnis; minus.', '2006-03-10 22:00:40.380', NULL, '51d8cc33-7be1-161f-f396-94965a4eaa62', 3, 6, '1981-07-08 20:26:37.960', N'09807', 0, N'03296')
INSERT dbo.Payment(Oid, Amount, Category, Project, Justification, Comment, Date, Payer, Payee, OptimisticLockField, GCRecord, CreateDate, CheckNumber, IsAuthorized, Number) VALUES ('6462f381-27bb-2826-d490-152dfadf6d0d', 86, '4dc5f40c-206b-4754-9336-1431dda54072', NULL, N'2E2Z', N'Minima dolorem quae. Fugit officia facilis! Perspiciatis beatae consectetur.', '2005-01-12 00:37:47.260', NULL, NULL, -1825713468, -416849339, '1994-06-19 14:21:53.710', N'50590', 0, N'56518')
GO

--
-- Inserting data into table dbo.Supplier
--
INSERT dbo.Supplier(Oid, Contact, ProfitByMaterialAsPayer, ProfitByMaterialAsPayee, CostByMaterialAsPayer) VALUES ('202cad24-4598-16cf-1a02-ce5da15ac776', N'Ambrose Handy', 0, 1, 0)
INSERT dbo.Supplier(Oid, Contact, ProfitByMaterialAsPayer, ProfitByMaterialAsPayee, CostByMaterialAsPayer) VALUES ('36a4260a-7f6c-2ec6-f2b6-6f4dd73eba9e', NULL, NULL, 1, NULL)
INSERT dbo.Supplier(Oid, Contact, ProfitByMaterialAsPayer, ProfitByMaterialAsPayee, CostByMaterialAsPayer) VALUES ('36ce1756-1d21-7373-f1b6-6f4dd73eba9e', N'Roxann Perrin', 1, 0, 0)
INSERT dbo.Supplier(Oid, Contact, ProfitByMaterialAsPayer, ProfitByMaterialAsPayee, CostByMaterialAsPayer) VALUES ('2f1172a9-1b5d-6fc4-777e-3e3b283cabde', N'Dave Tabor', 1, 1, 0)
INSERT dbo.Supplier(Oid, Contact, ProfitByMaterialAsPayer, ProfitByMaterialAsPayee, CostByMaterialAsPayer) VALUES ('3a6dba26-6960-6953-d74b-16e575b61049', N'Leonardo Adair', 0, NULL, 1)
INSERT dbo.Supplier(Oid, Contact, ProfitByMaterialAsPayer, ProfitByMaterialAsPayee, CostByMaterialAsPayer) VALUES ('1257615f-5ea8-6cd9-0b02-eefebbd653b8', N'Aurelio Sample', 1, 0, 1)
INSERT dbo.Supplier(Oid, Contact, ProfitByMaterialAsPayer, ProfitByMaterialAsPayee, CostByMaterialAsPayer) VALUES ('2dc6dc0b-307b-3bde-5c76-66508ad02725', N'Manual Nadeau', 1, NULL, 1)
INSERT dbo.Supplier(Oid, Contact, ProfitByMaterialAsPayer, ProfitByMaterialAsPayee, CostByMaterialAsPayer) VALUES ('5f00c41b-39dc-51ee-0802-eefebbd653b8', N'Katina Abel', 1, 1, 1)
INSERT dbo.Supplier(Oid, Contact, ProfitByMaterialAsPayer, ProfitByMaterialAsPayee, CostByMaterialAsPayer) VALUES ('284445b2-65be-4f66-422b-e89ea5388e0b', N'Frances Abney', 0, 0, 0)
INSERT dbo.Supplier(Oid, Contact, ProfitByMaterialAsPayer, ProfitByMaterialAsPayee, CostByMaterialAsPayer) VALUES ('26c1e1f8-3a26-53fe-5876-66508ad02725', N'Abraham Pfeiffer', 1, 1, 1)
INSERT dbo.Supplier(Oid, Contact, ProfitByMaterialAsPayer, ProfitByMaterialAsPayee, CostByMaterialAsPayer) VALUES ('58fc185f-1925-3117-334d-4c0f86f26090', N'Beatrice Medlock', 1, 1, 1)
INSERT dbo.Supplier(Oid, Contact, ProfitByMaterialAsPayer, ProfitByMaterialAsPayee, CostByMaterialAsPayer) VALUES ('36460dcf-323b-1391-8ec9-bcec0cd444f8', N'Demetrius Brinkley', 0, 0, 1)
INSERT dbo.Supplier(Oid, Contact, ProfitByMaterialAsPayer, ProfitByMaterialAsPayee, CostByMaterialAsPayer) VALUES ('336d8f99-255d-646e-f0b6-6f4dd73eba9e', N'Dawn Rivers', 0, 1, 0)
INSERT dbo.Supplier(Oid, Contact, ProfitByMaterialAsPayer, ProfitByMaterialAsPayee, CostByMaterialAsPayer) VALUES ('481c748b-2a85-2a28-efb6-6f4dd73eba9e', N'Larita Hammett', 0, 0, 1)
INSERT dbo.Supplier(Oid, Contact, ProfitByMaterialAsPayer, ProfitByMaterialAsPayee, CostByMaterialAsPayer) VALUES ('37e456ed-14a3-6717-f3b6-6f4dd73eba9e', N'Elvin Lytle', 1, 0, NULL)
INSERT dbo.Supplier(Oid, Contact, ProfitByMaterialAsPayer, ProfitByMaterialAsPayee, CostByMaterialAsPayer) VALUES ('51d8cc33-7be1-161f-f396-94965a4eaa62', N'Scottie Hodge', 1, 0, 0)
INSERT dbo.Supplier(Oid, Contact, ProfitByMaterialAsPayer, ProfitByMaterialAsPayee, CostByMaterialAsPayer) VALUES ('1b3166b4-1301-5956-5a76-66508ad02725', N'Adan Cline', 0, 1, 0)
INSERT dbo.Supplier(Oid, Contact, ProfitByMaterialAsPayer, ProfitByMaterialAsPayee, CostByMaterialAsPayer) VALUES ('5e306560-6b07-2cdf-5b76-66508ad02725', N'Sadie Obrien', 1, NULL, 0)
INSERT dbo.Supplier(Oid, Contact, ProfitByMaterialAsPayer, ProfitByMaterialAsPayee, CostByMaterialAsPayer) VALUES ('69619ef2-1249-20fa-797e-3e3b283cabde', N'Dewitt Alvarado', 1, 1, NULL)
INSERT dbo.Supplier(Oid, Contact, ProfitByMaterialAsPayer, ProfitByMaterialAsPayee, CostByMaterialAsPayer) VALUES ('1a591774-4565-7236-90c9-bcec0cd444f8', N'Karan Ackerman', 1, 0, 1)
INSERT dbo.Supplier(Oid, Contact, ProfitByMaterialAsPayer, ProfitByMaterialAsPayee, CostByMaterialAsPayer) VALUES ('66a18612-296a-25b0-d94b-16e575b61049', N'Shonda Alicea', 0, 1, 0)
INSERT dbo.Supplier(Oid, Contact, ProfitByMaterialAsPayer, ProfitByMaterialAsPayee, CostByMaterialAsPayer) VALUES ('61e25755-3de1-1adf-8fc9-bcec0cd444f8', NULL, NULL, 1, 1)
INSERT dbo.Supplier(Oid, Contact, ProfitByMaterialAsPayer, ProfitByMaterialAsPayee, CostByMaterialAsPayer) VALUES ('2f8a5a0d-54fa-587b-5676-66508ad02725', NULL, NULL, 1, 0)
INSERT dbo.Supplier(Oid, Contact, ProfitByMaterialAsPayer, ProfitByMaterialAsPayee, CostByMaterialAsPayer) VALUES ('5aa02579-73ed-23cd-314d-4c0f86f26090', N'Arron Elam', 1, 1, 1)
INSERT dbo.Supplier(Oid, Contact, ProfitByMaterialAsPayer, ProfitByMaterialAsPayee, CostByMaterialAsPayer) VALUES ('7a311573-456f-56e3-0902-eefebbd653b8', N'Russell Simmons', 0, 1, NULL)
INSERT dbo.Supplier(Oid, Contact, ProfitByMaterialAsPayer, ProfitByMaterialAsPayee, CostByMaterialAsPayer) VALUES ('751604f5-1e51-6d47-3f2b-e89ea5388e0b', N'Louis Streeter', 1, 1, NULL)
INSERT dbo.Supplier(Oid, Contact, ProfitByMaterialAsPayer, ProfitByMaterialAsPayee, CostByMaterialAsPayer) VALUES ('6f0fc907-5bf7-6e28-ef96-94965a4eaa62', N'Colby Merrill', 0, 1, 1)
INSERT dbo.Supplier(Oid, Contact, ProfitByMaterialAsPayer, ProfitByMaterialAsPayee, CostByMaterialAsPayer) VALUES ('3f22df3a-3b15-3b5a-787e-3e3b283cabde', N'Bennett Gay', 1, 1, 0)
INSERT dbo.Supplier(Oid, Contact, ProfitByMaterialAsPayer, ProfitByMaterialAsPayee, CostByMaterialAsPayer) VALUES ('66b0e9ee-53c2-4a98-432b-e89ea5388e0b', N'Wally Weaver', 0, 1, 1)
INSERT dbo.Supplier(Oid, Contact, ProfitByMaterialAsPayer, ProfitByMaterialAsPayee, CostByMaterialAsPayer) VALUES ('1259a17c-69e8-7a1c-da4b-16e575b61049', N'Leigh Simons', 1, 1, 1)
INSERT dbo.Supplier(Oid, Contact, ProfitByMaterialAsPayer, ProfitByMaterialAsPayee, CostByMaterialAsPayer) VALUES ('4f7021f5-7800-11be-0a02-eefebbd653b8', N'Burl Jay', 1, 0, 0)
INSERT dbo.Supplier(Oid, Contact, ProfitByMaterialAsPayer, ProfitByMaterialAsPayee, CostByMaterialAsPayer) VALUES ('5f0a8444-3de1-3f02-eeb6-6f4dd73eba9e', N'Alena Abraham', 1, 0, 1)
INSERT dbo.Supplier(Oid, Contact, ProfitByMaterialAsPayer, ProfitByMaterialAsPayee, CostByMaterialAsPayer) VALUES ('49bdab11-1115-7150-d84b-16e575b61049', N'Savanna Obryan', 1, 1, 1)
INSERT dbo.Supplier(Oid, Contact, ProfitByMaterialAsPayer, ProfitByMaterialAsPayee, CostByMaterialAsPayer) VALUES ('1e3453a2-3ef5-5f70-8dc9-bcec0cd444f8', N'Carrol Norris', 1, 0, 1)
INSERT dbo.Supplier(Oid, Contact, ProfitByMaterialAsPayer, ProfitByMaterialAsPayee, CostByMaterialAsPayer) VALUES ('1a361dba-2edd-6ebd-324d-4c0f86f26090', N'Lasonya Villasenor', 1, 1, 0)
INSERT dbo.Supplier(Oid, Contact, ProfitByMaterialAsPayer, ProfitByMaterialAsPayee, CostByMaterialAsPayer) VALUES ('5984fdaa-1e0e-68c7-3e2b-e89ea5388e0b', N'Ching Griswold', 1, 0, NULL)
INSERT dbo.Supplier(Oid, Contact, ProfitByMaterialAsPayer, ProfitByMaterialAsPayee, CostByMaterialAsPayer) VALUES ('669afd3f-720a-6e34-1902-ce5da15ac776', N'Rickie Borges', 0, 0, 1)
INSERT dbo.Supplier(Oid, Contact, ProfitByMaterialAsPayer, ProfitByMaterialAsPayee, CostByMaterialAsPayer) VALUES ('397bc919-4888-5ab2-402b-e89ea5388e0b', N'Megan Keen', 1, 0, 0)
INSERT dbo.Supplier(Oid, Contact, ProfitByMaterialAsPayer, ProfitByMaterialAsPayee, CostByMaterialAsPayer) VALUES ('7959e1dd-2e0b-4306-7a7e-3e3b283cabde', N'Angie Byers', 0, 0, 1)
INSERT dbo.Supplier(Oid, Contact, ProfitByMaterialAsPayer, ProfitByMaterialAsPayee, CostByMaterialAsPayer) VALUES ('499200b3-46a5-60a7-f196-94965a4eaa62', N'Wilburn Kinney', 0, 0, 0)
INSERT dbo.Supplier(Oid, Contact, ProfitByMaterialAsPayer, ProfitByMaterialAsPayee, CostByMaterialAsPayer) VALUES ('43624c49-472d-4810-f296-94965a4eaa62', N'Emerson Mace', 1, 1, 1)
INSERT dbo.Supplier(Oid, Contact, ProfitByMaterialAsPayer, ProfitByMaterialAsPayee, CostByMaterialAsPayer) VALUES ('4abdf3c0-7507-7423-304d-4c0f86f26090', N'Reuben Elam', 0, NULL, 0)
INSERT dbo.Supplier(Oid, Contact, ProfitByMaterialAsPayer, ProfitByMaterialAsPayee, CostByMaterialAsPayer) VALUES ('7e919581-5fd4-1caf-5776-66508ad02725', N'Otto Tirado', 1, 0, 1)
INSERT dbo.Supplier(Oid, Contact, ProfitByMaterialAsPayer, ProfitByMaterialAsPayee, CostByMaterialAsPayer) VALUES ('24fee4c1-709c-79d6-1802-ce5da15ac776', N'Wilmer Pinto', 0, 0, 0)
INSERT dbo.Supplier(Oid, Contact, ProfitByMaterialAsPayer, ProfitByMaterialAsPayee, CostByMaterialAsPayer) VALUES ('699acaa2-66da-563a-1702-ce5da15ac776', NULL, NULL, 1, 0)
INSERT dbo.Supplier(Oid, Contact, ProfitByMaterialAsPayer, ProfitByMaterialAsPayee, CostByMaterialAsPayer) VALUES ('14735d5d-67ff-5dad-412b-e89ea5388e0b', N'Cheryll Sorensen', 0, 0, 1)
INSERT dbo.Supplier(Oid, Contact, ProfitByMaterialAsPayer, ProfitByMaterialAsPayee, CostByMaterialAsPayer) VALUES ('244bd1b5-7428-4b87-0702-eefebbd653b8', N'Adam Faulk', 1, NULL, NULL)
INSERT dbo.Supplier(Oid, Contact, ProfitByMaterialAsPayer, ProfitByMaterialAsPayee, CostByMaterialAsPayer) VALUES ('5ebb6116-1627-3f70-0602-eefebbd653b8', N'Andria Carnes', 1, 0, 1)
INSERT dbo.Supplier(Oid, Contact, ProfitByMaterialAsPayer, ProfitByMaterialAsPayee, CostByMaterialAsPayer) VALUES ('228bfc03-38db-4741-f096-94965a4eaa62', N'Adrian Briscoe', 1, 1, NULL)
INSERT dbo.Supplier(Oid, Contact, ProfitByMaterialAsPayer, ProfitByMaterialAsPayee, CostByMaterialAsPayer) VALUES ('6c4c1f9b-1644-2620-5976-66508ad02725', N'Ila Melendez', 0, NULL, 1)
GO

--
-- Enabling DML triggers for dbo.PaymentParticipant
--
ENABLE TRIGGER ALL ON dbo.PaymentParticipant
GO

--
-- Enabling DML triggers for dbo.Project
--
ENABLE TRIGGER ALL ON dbo.Project
GO

--
-- Enabling DML triggers for dbo.Payment
--
ENABLE TRIGGER ALL ON dbo.Payment
GO

--
-- Set NOEXEC to off
--

SET NOEXEC OFF
GO