--
-- Script was generated by Devart dbForge Data Generator for SQL Server, Version 4.2.52.0
-- Product Home Page: http://www.devart.com/dbforge/sql/data-generator/
-- Script date 24.05.2019 20:06:11
-- Target server version: 14.00.2014
-- Target connection string: Data Source=DESKTOP-CMO0QAI\SQLEXPRESS01;Encrypt=False;Integrated Security=True;User ID=DESKTOP-CMO0QAI\Veotani
--



SET LANGUAGE 'Russian'
SET DATEFORMAT ymd
SET ARITHABORT, ANSI_PADDING, ANSI_WARNINGS, CONCAT_NULL_YIELDS_NULL, QUOTED_IDENTIFIER, ANSI_NULLS, NOCOUNT ON
SET NUMERIC_ROUNDABORT, IMPLICIT_TRANSACTIONS, XACT_ABORT OFF
GO

--
-- Backing up database PaymentData
--
--
-- Create backup folder
--
IF OBJECT_ID('xp_create_subdir') IS NOT NULL
  EXEC xp_create_subdir N'C:\Program Files\Microsoft SQL Server\MSSQL14.SQLEXPRESS01\MSSQL\Backup'
--
-- Backup database to the file with the name: <database_name>_<yyyy>_<mm>_<dd>_<hh>_<mi>.bak
--
DECLARE @db_name SYSNAME
SET @db_name = N'PaymentData'

DECLARE @filepath NVARCHAR(4000)
SET @filepath =
/*define base part*/ N'C:\Program Files\Microsoft SQL Server\MSSQL14.SQLEXPRESS01\MSSQL\Backup\' + @db_name + '_' +
/*append date*/ REPLACE(CONVERT(NVARCHAR(10), GETDATE(), 102), '.', '_') + '_' +
/*append time*/ REPLACE(CONVERT(NVARCHAR(5), GETDATE(), 108), ':', '_') + '.bak'

DECLARE @SQL NVARCHAR(MAX)
SET @SQL = 
    N'BACKUP DATABASE ' + QUOTENAME(@db_name) + ' TO DISK = @filepath WITH INIT' + 
      CASE WHEN EXISTS(
                SELECT value
                FROM sys.configurations
                WHERE name = 'backup compression default'
          )
        THEN ', COMPRESSION'
        ELSE ''
      END

EXEC sys.sp_executesql @SQL, N'@filepath NVARCHAR(4000)', @filepath = @filepath
GO

USE PaymentData
GO

IF DB_NAME() <> N'PaymentData' SET NOEXEC ON
GO

--
-- Inserting data into table dbo.PaymentParticipant
--
INSERT dbo.PaymentParticipant(Oid, Balance, Name, OptimisticLockField, GCRecord, ObjectType, ActiveFrom, InactiveFrom, BankDetails, Balance2, Balance3) VALUES ('699acaa2-66da-563a-1702-ce5da15ac776', 16, N'LNQKQ9781P', -254926217, -1432851621, -463293378, '2018-11-03 15:21:51.980', '1987-01-04 10:31:11.040', N'LHJTV9979R', 39, 47)
INSERT dbo.PaymentParticipant(Oid, Balance, Name, OptimisticLockField, GCRecord, ObjectType, ActiveFrom, InactiveFrom, BankDetails, Balance2, Balance3) VALUES ('2f1172a9-1b5d-6fc4-777e-3e3b283cabde', 1, N'TZPBX7161K', -31, -1030416957, -1501329100, '1985-04-21 12:57:47.700', '1970-06-30 01:52:15.840', N'ELJHG5815K', 62, 37)
INSERT dbo.PaymentParticipant(Oid, Balance, Name, OptimisticLockField, GCRecord, ObjectType, ActiveFrom, InactiveFrom, BankDetails, Balance2, Balance3) VALUES ('2f8a5a0d-54fa-587b-5676-66508ad02725', 82, N'TXKKN1483R', -997859113, -1794334035, 67, '1996-06-24 01:21:52.610', '2000-10-29 20:58:07.310', N'HCECO1958L', 75, 6)
INSERT dbo.PaymentParticipant(Oid, Balance, Name, OptimisticLockField, GCRecord, ObjectType, ActiveFrom, InactiveFrom, BankDetails, Balance2, Balance3) VALUES ('6f0fc907-5bf7-6e28-ef96-94965a4eaa62', 60, N'NSTFD3526N', 460, -1925050876, -940489305, '2012-12-21 06:19:16.020', '2005-12-03 02:26:52.660', N'JAGFN5826P', 81, 15)
INSERT dbo.PaymentParticipant(Oid, Balance, Name, OptimisticLockField, GCRecord, ObjectType, ActiveFrom, InactiveFrom, BankDetails, Balance2, Balance3) VALUES ('5984fdaa-1e0e-68c7-3e2b-e89ea5388e0b', 60, N'GZSHY7839I', 9312, -997713899, -1163814149, '2001-01-12 11:55:45.070', '2003-07-29 19:55:25.940', N'CFWHM7349L', 72, 77)
INSERT dbo.PaymentParticipant(Oid, Balance, Name, OptimisticLockField, GCRecord, ObjectType, ActiveFrom, InactiveFrom, BankDetails, Balance2, Balance3) VALUES ('7e919581-5fd4-1caf-5776-66508ad02725', 8, N'CCLCL4513W', -1906251446, -1765423586, -865590283, '1994-07-13 16:46:24.460', '1983-04-14 19:13:02.150', N'WWRGY8818J', 9, 68)
INSERT dbo.PaymentParticipant(Oid, Balance, Name, OptimisticLockField, GCRecord, ObjectType, ActiveFrom, InactiveFrom, BankDetails, Balance2, Balance3) VALUES ('5ebb6116-1627-3f70-0602-eefebbd653b8', 38, N'AKHTL2179M', 87, -1157183679, -8, '1988-12-06 01:28:15.780', '1996-10-09 17:42:54.230', N'FRSCH4392I', 47, 50)
INSERT dbo.PaymentParticipant(Oid, Balance, Name, OptimisticLockField, GCRecord, ObjectType, ActiveFrom, InactiveFrom, BankDetails, Balance2, Balance3) VALUES ('3a6dba26-6960-6953-d74b-16e575b61049', 82, N'LRCPD1125U', 3851, 79, -1541817106, '1987-09-02 14:52:41.280', '1998-07-16 13:09:29.320', N'OPGJT1785J', 7, 38)
INSERT dbo.PaymentParticipant(Oid, Balance, Name, OptimisticLockField, GCRecord, ObjectType, ActiveFrom, InactiveFrom, BankDetails, Balance2, Balance3) VALUES ('751604f5-1e51-6d47-3f2b-e89ea5388e0b', 80, N'ABYLL1214R', -883264385, 87, -2036831691, '1987-05-14 19:12:20.400', '1997-08-26 06:02:33.630', N'MRLCS2367H', 8, 3)
INSERT dbo.PaymentParticipant(Oid, Balance, Name, OptimisticLockField, GCRecord, ObjectType, ActiveFrom, InactiveFrom, BankDetails, Balance2, Balance3) VALUES ('5f0a8444-3de1-3f02-eeb6-6f4dd73eba9e', 53, N'BAJTD1582L', -583307337, -1377813044, -361358126, '1996-07-07 06:48:32.780', '2003-10-18 05:16:20.310', N'ZUQBH4439H', 87, 63)
INSERT dbo.PaymentParticipant(Oid, Balance, Name, OptimisticLockField, GCRecord, ObjectType, ActiveFrom, InactiveFrom, BankDetails, Balance2, Balance3) VALUES ('4abdf3c0-7507-7423-304d-4c0f86f26090', 43, N'FFFLN7464X', 5348, -98, -1764359293, '1988-02-19 06:05:50.090', '2005-05-26 10:44:44.890', N'KENPT5778P', 39, 21)
INSERT dbo.PaymentParticipant(Oid, Balance, Name, OptimisticLockField, GCRecord, ObjectType, ActiveFrom, InactiveFrom, BankDetails, Balance2, Balance3) VALUES ('228bfc03-38db-4741-f096-94965a4eaa62', 77, N'GZZPK5323C', -780117874, -8177, 9, '2007-02-04 20:05:24.540', '1978-12-11 22:21:38.120', N'INKTI4845G', 24, 57)
INSERT dbo.PaymentParticipant(Oid, Balance, Name, OptimisticLockField, GCRecord, ObjectType, ActiveFrom, InactiveFrom, BankDetails, Balance2, Balance3) VALUES ('26c1e1f8-3a26-53fe-5876-66508ad02725', 58, N'PBTGK5391F', 7742, 0, -298, '2015-04-25 13:08:32.110', '1976-02-05 22:13:52.120', N'SUPFD2762E', 25, 16)
INSERT dbo.PaymentParticipant(Oid, Balance, Name, OptimisticLockField, GCRecord, ObjectType, ActiveFrom, InactiveFrom, BankDetails, Balance2, Balance3) VALUES ('49bdab11-1115-7150-d84b-16e575b61049', 71, N'UHXGY3651W', -395294466, -1120600405, -1309034076, '1998-03-28 01:34:30.010', '1999-04-05 09:24:12.080', N'BASLE6622Y', 27, 70)
INSERT dbo.PaymentParticipant(Oid, Balance, Name, OptimisticLockField, GCRecord, ObjectType, ActiveFrom, InactiveFrom, BankDetails, Balance2, Balance3) VALUES ('397bc919-4888-5ab2-402b-e89ea5388e0b', 1, N'WQZCT1663Z', 710, -231, -1406400249, '1979-12-31 06:21:15.160', '2014-06-29 13:43:02.500', N'DOPGF7312X', 10, 48)
INSERT dbo.PaymentParticipant(Oid, Balance, Name, OptimisticLockField, GCRecord, ObjectType, ActiveFrom, InactiveFrom, BankDetails, Balance2, Balance3) VALUES ('24fee4c1-709c-79d6-1802-ce5da15ac776', 99, N'JMFKY1615I', -1682896328, -269, -1937522438, '1974-04-26 05:47:46.330', '1999-11-18 06:06:52.460', N'AESPC1546G', 69, 24)
INSERT dbo.PaymentParticipant(Oid, Balance, Name, OptimisticLockField, GCRecord, ObjectType, ActiveFrom, InactiveFrom, BankDetails, Balance2, Balance3) VALUES ('244bd1b5-7428-4b87-0702-eefebbd653b8', 21, N'TDNAV1118M', -837065396, -1487623419, -788164678, '1975-08-26 07:19:48.600', '1975-08-14 23:26:21.710', N'SWULZ8471V', 53, 22)
INSERT dbo.PaymentParticipant(Oid, Balance, Name, OptimisticLockField, GCRecord, ObjectType, ActiveFrom, InactiveFrom, BankDetails, Balance2, Balance3) VALUES ('6c4c1f9b-1644-2620-5976-66508ad02725', 16, N'FGYFK7131B', -2064525449, -1728225444, -1806017762, '1987-01-12 22:02:03.480', '2016-06-05 06:05:01.070', N'WTXCP2443I', 21, 6)
INSERT dbo.PaymentParticipant(Oid, Balance, Name, OptimisticLockField, GCRecord, ObjectType, ActiveFrom, InactiveFrom, BankDetails, Balance2, Balance3) VALUES ('481c748b-2a85-2a28-efb6-6f4dd73eba9e', 9, N'CPOGW8574Z', -1957096286, -560, 61, '2019-02-17 14:54:09.710', '2010-10-05 21:25:49.820', N'SYPCC7594Y', 17, 67)
INSERT dbo.PaymentParticipant(Oid, Balance, Name, OptimisticLockField, GCRecord, ObjectType, ActiveFrom, InactiveFrom, BankDetails, Balance2, Balance3) VALUES ('1e3453a2-3ef5-5f70-8dc9-bcec0cd444f8', 63, N'BRFJC4523Z', 9, -499394584, -1214754137, '1972-05-02 20:57:50.020', '1988-09-11 12:31:29.820', N'ZRUFW2361G', 26, 26)
INSERT dbo.PaymentParticipant(Oid, Balance, Name, OptimisticLockField, GCRecord, ObjectType, ActiveFrom, InactiveFrom, BankDetails, Balance2, Balance3) VALUES ('499200b3-46a5-60a7-f196-94965a4eaa62', 33, N'TBEKY5243Z', -1883059763, -68, -713630034, '2002-03-05 11:52:18.730', '1992-03-15 21:18:59.050', N'ZMHHV9544U', 9, 76)
INSERT dbo.PaymentParticipant(Oid, Balance, Name, OptimisticLockField, GCRecord, ObjectType, ActiveFrom, InactiveFrom, BankDetails, Balance2, Balance3) VALUES ('14735d5d-67ff-5dad-412b-e89ea5388e0b', 50, N'PSYLZ5529F', -919675575, 33, -261, '2004-10-04 00:12:23.730', '1990-07-12 00:49:39.540', N'ROQGF3993Q', 72, 24)
INSERT dbo.PaymentParticipant(Oid, Balance, Name, OptimisticLockField, GCRecord, ObjectType, ActiveFrom, InactiveFrom, BankDetails, Balance2, Balance3) VALUES ('1b3166b4-1301-5956-5a76-66508ad02725', 6, N'LGVJH8593Y', -36, -838133017, -290433946, '2016-03-17 03:19:47.060', '1996-06-20 23:03:49.310', N'XUQPN2174V', 10, 52)
INSERT dbo.PaymentParticipant(Oid, Balance, Name, OptimisticLockField, GCRecord, ObjectType, ActiveFrom, InactiveFrom, BankDetails, Balance2, Balance3) VALUES ('5aa02579-73ed-23cd-314d-4c0f86f26090', 62, N'QYUFG4318K', -568575712, -2024878791, -282393077, '1993-06-23 09:25:35.450', '1990-01-04 16:45:32.390', N'RYXAH8298S', 48, 24)
INSERT dbo.PaymentParticipant(Oid, Balance, Name, OptimisticLockField, GCRecord, ObjectType, ActiveFrom, InactiveFrom, BankDetails, Balance2, Balance3) VALUES ('3f22df3a-3b15-3b5a-787e-3e3b283cabde', 8, N'DUKKQ8752Z', -719083019, -2089407047, -52579373, '2002-09-18 22:24:53.110', '1971-07-22 18:53:30.690', N'TSRHG6592Q', 88, 4)
INSERT dbo.PaymentParticipant(Oid, Balance, Name, OptimisticLockField, GCRecord, ObjectType, ActiveFrom, InactiveFrom, BankDetails, Balance2, Balance3) VALUES ('669afd3f-720a-6e34-1902-ce5da15ac776', 72, N'UULCJ7636Y', -2005, -371, -1047813450, '1995-09-08 11:17:27.020', '1980-07-07 14:10:35.140', N'HJWLG5738J', 8, 98)
INSERT dbo.PaymentParticipant(Oid, Balance, Name, OptimisticLockField, GCRecord, ObjectType, ActiveFrom, InactiveFrom, BankDetails, Balance2, Balance3) VALUES ('5f00c41b-39dc-51ee-0802-eefebbd653b8', 4, N'MMWGN7162C', -1246720837, -1960726208, -44349581, '2000-12-23 08:16:07.920', '1980-09-13 02:09:23.990', N'DXUGI3698P', 9, 70)
INSERT dbo.PaymentParticipant(Oid, Balance, Name, OptimisticLockField, GCRecord, ObjectType, ActiveFrom, InactiveFrom, BankDetails, Balance2, Balance3) VALUES ('336d8f99-255d-646e-f0b6-6f4dd73eba9e', 66, N'RORCI3739E', -7, -164353808, -1614371650, '2004-05-27 10:23:56.520', '1974-07-14 02:39:31.050', N'ETSCC2585O', 48, 8)
INSERT dbo.PaymentParticipant(Oid, Balance, Name, OptimisticLockField, GCRecord, ObjectType, ActiveFrom, InactiveFrom, BankDetails, Balance2, Balance3) VALUES ('66a18612-296a-25b0-d94b-16e575b61049', 33, N'WODGO3283T', -2018875483, 7, -404426929, '1976-03-22 15:44:40.030', '2011-03-18 21:00:23.860', N'LLTJC2768P', 75, 83)
INSERT dbo.PaymentParticipant(Oid, Balance, Name, OptimisticLockField, GCRecord, ObjectType, ActiveFrom, InactiveFrom, BankDetails, Balance2, Balance3) VALUES ('7a311573-456f-56e3-0902-eefebbd653b8', 6, N'LFUKZ3721C', -1437852687, 751, -478389713, '1989-02-07 05:40:28.210', '1987-08-13 19:25:28.540', N'VVECX6839T', 1, 24)
INSERT dbo.PaymentParticipant(Oid, Balance, Name, OptimisticLockField, GCRecord, ObjectType, ActiveFrom, InactiveFrom, BankDetails, Balance2, Balance3) VALUES ('1a361dba-2edd-6ebd-324d-4c0f86f26090', 62, N'GNXAU6726K', -1833416339, -890363848, -337335572, '1981-10-26 11:28:56.910', '1974-08-24 07:31:09.980', N'TFMBG1123N', 63, 25)
INSERT dbo.PaymentParticipant(Oid, Balance, Name, OptimisticLockField, GCRecord, ObjectType, ActiveFrom, InactiveFrom, BankDetails, Balance2, Balance3) VALUES ('36ce1756-1d21-7373-f1b6-6f4dd73eba9e', 40, N'HRLHJ6584N', -779472370, -53701857, -3329, '1976-12-01 05:04:41.740', '1971-03-20 13:38:47.530', N'EZEPM1515J', 27, 52)
INSERT dbo.PaymentParticipant(Oid, Balance, Name, OptimisticLockField, GCRecord, ObjectType, ActiveFrom, InactiveFrom, BankDetails, Balance2, Balance3) VALUES ('284445b2-65be-4f66-422b-e89ea5388e0b', 74, N'ABETE6349T', -92204209, -1769301196, -585691371, '1972-04-03 05:51:30.860', '1995-03-19 02:39:05.560', N'WVBTO5449D', 57, 48)
INSERT dbo.PaymentParticipant(Oid, Balance, Name, OptimisticLockField, GCRecord, ObjectType, ActiveFrom, InactiveFrom, BankDetails, Balance2, Balance3) VALUES ('4f7021f5-7800-11be-0a02-eefebbd653b8', 59, N'HNCJT1733T', -1989361277, -1052188259, -643386522, '1980-12-03 19:00:37.530', '1973-09-12 07:26:37.900', N'MQGGJ8615T', 63, 74)
INSERT dbo.PaymentParticipant(Oid, Balance, Name, OptimisticLockField, GCRecord, ObjectType, ActiveFrom, InactiveFrom, BankDetails, Balance2, Balance3) VALUES ('43624c49-472d-4810-f296-94965a4eaa62', 51, N'UUZPU9959P', -911597340, -326886560, -1713443516, '1982-10-06 22:46:46.270', '1972-01-05 17:43:54.810', N'IVVAC6719Z', 39, 26)
INSERT dbo.PaymentParticipant(Oid, Balance, Name, OptimisticLockField, GCRecord, ObjectType, ActiveFrom, InactiveFrom, BankDetails, Balance2, Balance3) VALUES ('36460dcf-323b-1391-8ec9-bcec0cd444f8', 40, N'PWETI7579I', -5701, -335207885, -1277036079, '1991-04-19 01:14:21.990', '1987-02-14 09:55:51.490', N'VFGCI6694Q', 60, 39)
INSERT dbo.PaymentParticipant(Oid, Balance, Name, OptimisticLockField, GCRecord, ObjectType, ActiveFrom, InactiveFrom, BankDetails, Balance2, Balance3) VALUES ('69619ef2-1249-20fa-797e-3e3b283cabde', 61, N'CYBGN3568Y', -1239403114, -807249409, -137745753, '1971-01-23 14:54:35.720', '1982-08-07 06:12:30.160', N'DRHKF9924O', 71, 27)
INSERT dbo.PaymentParticipant(Oid, Balance, Name, OptimisticLockField, GCRecord, ObjectType, ActiveFrom, InactiveFrom, BankDetails, Balance2, Balance3) VALUES ('61e25755-3de1-1adf-8fc9-bcec0cd444f8', 24, N'DUMBN9791Q', -1345648479, -674764348, -1806418232, '2005-12-01 16:32:12.770', '1999-05-08 12:55:38.300', N'PDLPT8315U', 18, 39)
INSERT dbo.PaymentParticipant(Oid, Balance, Name, OptimisticLockField, GCRecord, ObjectType, ActiveFrom, InactiveFrom, BankDetails, Balance2, Balance3) VALUES ('1259a17c-69e8-7a1c-da4b-16e575b61049', 5, N'DPQPN5615P', 8, -497018496, -363070903, '1987-02-09 23:35:45.350', '1977-09-30 03:37:48.770', N'QHJKR3925U', 65, 76)
INSERT dbo.PaymentParticipant(Oid, Balance, Name, OptimisticLockField, GCRecord, ObjectType, ActiveFrom, InactiveFrom, BankDetails, Balance2, Balance3) VALUES ('7959e1dd-2e0b-4306-7a7e-3e3b283cabde', 53, N'EOVTY6373H', -1238043340, -534726462, -2120990603, '1970-06-20 09:05:55.040', '1971-07-14 11:45:21.680', N'CXLBV2333T', 23, 97)
INSERT dbo.PaymentParticipant(Oid, Balance, Name, OptimisticLockField, GCRecord, ObjectType, ActiveFrom, InactiveFrom, BankDetails, Balance2, Balance3) VALUES ('36a4260a-7f6c-2ec6-f2b6-6f4dd73eba9e', 65, N'NKNPR8358E', -5, -1089280074, -444359426, '2003-07-23 05:37:40.490', '1983-05-09 02:58:38.050', N'OFMPP2289S', 35, 62)
INSERT dbo.PaymentParticipant(Oid, Balance, Name, OptimisticLockField, GCRecord, ObjectType, ActiveFrom, InactiveFrom, BankDetails, Balance2, Balance3) VALUES ('5e306560-6b07-2cdf-5b76-66508ad02725', 46, N'CPUTN6236L', -59129593, 6532, 7, '2010-07-15 10:23:03.540', '1987-07-16 22:26:22.910', N'QZYLH7629H', 38, 58)
INSERT dbo.PaymentParticipant(Oid, Balance, Name, OptimisticLockField, GCRecord, ObjectType, ActiveFrom, InactiveFrom, BankDetails, Balance2, Balance3) VALUES ('1a591774-4565-7236-90c9-bcec0cd444f8', 22, N'ZMTTI6653N', -1804208909, 1, -2054508932, '1998-01-10 01:55:37.320', '2012-11-02 05:54:25.250', N'QDPCB3515N', 26, 91)
INSERT dbo.PaymentParticipant(Oid, Balance, Name, OptimisticLockField, GCRecord, ObjectType, ActiveFrom, InactiveFrom, BankDetails, Balance2, Balance3) VALUES ('66b0e9ee-53c2-4a98-432b-e89ea5388e0b', 16, N'DYDPX1799Y', -751, -102410662, -913965177, '1979-02-14 19:31:52.580', '1998-04-10 07:17:15.620', N'EHHGE9116U', 62, 89)
INSERT dbo.PaymentParticipant(Oid, Balance, Name, OptimisticLockField, GCRecord, ObjectType, ActiveFrom, InactiveFrom, BankDetails, Balance2, Balance3) VALUES ('51d8cc33-7be1-161f-f396-94965a4eaa62', 25, N'BSTLX8919Q', -898, -1640056529, -164238798, '2008-03-11 09:10:40.910', '2005-10-11 11:21:58.050', N'BDHLS1339B', 87, 59)
INSERT dbo.PaymentParticipant(Oid, Balance, Name, OptimisticLockField, GCRecord, ObjectType, ActiveFrom, InactiveFrom, BankDetails, Balance2, Balance3) VALUES ('1257615f-5ea8-6cd9-0b02-eefebbd653b8', 97, N'LCJPG4553R', 69, -1726512000, 910, '1998-07-25 13:53:01.960', '1998-07-29 08:49:01.280', N'ANDFC1942B', 68, 21)
INSERT dbo.PaymentParticipant(Oid, Balance, Name, OptimisticLockField, GCRecord, ObjectType, ActiveFrom, InactiveFrom, BankDetails, Balance2, Balance3) VALUES ('37e456ed-14a3-6717-f3b6-6f4dd73eba9e', 68, N'AWNTW1499Y', -5, -1740720387, -241076854, '1981-08-22 13:01:20.980', '1996-02-08 09:40:31.600', N'VXYHU9813A', 71, 55)
INSERT dbo.PaymentParticipant(Oid, Balance, Name, OptimisticLockField, GCRecord, ObjectType, ActiveFrom, InactiveFrom, BankDetails, Balance2, Balance3) VALUES ('202cad24-4598-16cf-1a02-ce5da15ac776', 5, N'WKQTA9138Y', -749, -74693086, -765058345, '1987-04-04 14:21:49.510', '2015-08-09 20:29:32.680', N'JTKHZ9555X', 2, 24)
INSERT dbo.PaymentParticipant(Oid, Balance, Name, OptimisticLockField, GCRecord, ObjectType, ActiveFrom, InactiveFrom, BankDetails, Balance2, Balance3) VALUES ('58fc185f-1925-3117-334d-4c0f86f26090', 10, N'SSBPB4573W', 0, -1595903923, -542173764, '1976-08-06 01:06:05.420', '1986-04-10 18:12:03.340', N'BGRBY1526D', 82, 98)
INSERT dbo.PaymentParticipant(Oid, Balance, Name, OptimisticLockField, GCRecord, ObjectType, ActiveFrom, InactiveFrom, BankDetails, Balance2, Balance3) VALUES ('2dc6dc0b-307b-3bde-5c76-66508ad02725', 53, N'PRZHQ4321Y', -3489, 9, -341401973, '1999-09-18 15:48:27.520', '1975-07-02 22:19:20.320', N'MLYKI3295O', 63, 11)
GO

--
-- Inserting data into table dbo.sysdiagrams
--
SET IDENTITY_INSERT dbo.sysdiagrams ON
GO
INSERT dbo.sysdiagrams(diagram_id, name, principal_id, version, definition) VALUES (1, N'Abel2027', 47, -327203779, 0x584E35B1AB6DD9460D253D5D67271D99FBC275330254F132B60321B80B2336C238187740606F78007E04B56D2845B157725BA2DD9606D954098789E033FA0753290F0455EF39FDC53A12D103C4D4FCD5424D0D486AFDD8548CA718325D96)
INSERT dbo.sysdiagrams(diagram_id, name, principal_id, version, definition) VALUES (2, N'Jefferson661', 9, 881, 0x8A9F28F39BC406F85403647778C8D9273A3E277F)
INSERT dbo.sysdiagrams(diagram_id, name, principal_id, version, definition) VALUES (3, N'Renae1990', 18, -1384422066, 0xE19B148AA81B15015EC169280312AD5E30012E160E9A86F053AD9BB452ACB5EF61E124D010BFAAA349CD4E)
INSERT dbo.sysdiagrams(diagram_id, name, principal_id, version, definition) VALUES (4, N'Kendrick2018', 4, 5354, 0xC82013183B74CE26018D549414424711B8C7003E4D76D500E2DE780530C25C035CF835709E49158CA4)
INSERT dbo.sysdiagrams(diagram_id, name, principal_id, version, definition) VALUES (5, N'Naoma87', 28, -1021984591, 0xEC)
INSERT dbo.sysdiagrams(diagram_id, name, principal_id, version, definition) VALUES (6, N'Clair611', 50, -1153260117, 0x32BAD2)
INSERT dbo.sysdiagrams(diagram_id, name, principal_id, version, definition) VALUES (7, N'Aleta495', 45, -709302419, 0x6D6A01F3DE9CF960EA69ABFA04F1A301C205534A40385B9609F5C1B3267CEB7F072FF4EC33BE9628FD9DA9D8A90BE4C32AAA065D0D3F445B5E380371297EC6821D11BFD664E404E5A100A64B7EDF94C14783AF630702F6D6A81EEA8B1488BB8FE4242E5FD11C96DC1DD703C019C24E573D226E72946A29AFF376F8223F6BC0020753B706EF40E603A4DA2355A400FBD8313A08B3F413)
INSERT dbo.sysdiagrams(diagram_id, name, principal_id, version, definition) VALUES (8, N'Bauer2028', 48, -1420904999, 0x246104915265035DD4F654EDCC53B25558D9632A1B03D8F22EBE1E4BA8071AD4E2154C9AF1D7722E71D4DFEF055B7580F05F4507A124BEAA4CA635B83946B6F8ED03074718435E333607C3DCA6E30E26910DDA000042B337F1AA95C67BDEC409F42FB6022E0513E97BFD7E3BFAA12977F6A6)
INSERT dbo.sysdiagrams(diagram_id, name, principal_id, version, definition) VALUES (9, N'Acevedo845', 46, -1953219514, 0x6983885AC14B796F5687389827F714C5DD033FA64F2CB7220141083E02345C124486D9E85A0604BAF7DAB85608623FE1975E8AD1F6C0C25AC1C801B0270A0119E81FEE070E21E114174B55)
INSERT dbo.sysdiagrams(diagram_id, name, principal_id, version, definition) VALUES (10, N'Adolph2024', 23, -1950682099, 0x76F4FF197A049C6403EDB55AE0FE8526093024CD9A693E326CDB0DB740DB05F92B9508510A1903F9B2DA7CC702EEEFB0D4058771BAA136D86319320997C4EC307D4E6537A2336AACEB4E029EE1BCF8A6A20505EC1217035F16FD031B3A067052F2A0D28015A35A168D1E047AF6B029072EC10850EE012828808BC864079B7D525B355A66E0A38B3E99433D7DE60AE6451B5C3356D25AC76FDD48DBBAD1AA6602688F30531CAF00091506D0)
INSERT dbo.sysdiagrams(diagram_id, name, principal_id, version, definition) VALUES (11, N'Shaunda2000', 13, -1681194203, 0xC807ADB516691642893F3E2F3809CF04EC045EB92956EFDF4507B5903D50030954578E08CB08054C45F08D01E5E9F9EA619163B5560269EE43FE)
INSERT dbo.sysdiagrams(diagram_id, name, principal_id, version, definition) VALUES (12, N'Mason2022', 19, -18429379, 0x0666347FBFA08243D0C1B417AEDD14161D01D60298BF484424588C0F539B111912E8DCCF4F090C2630A7474D6D306C4B74D9EF454ECEC4D29F3D5808271E16BF310E800965BE)
INSERT dbo.sysdiagrams(diagram_id, name, principal_id, version, definition) VALUES (13, N'Carmen1991', 42, -301341091, 0x03AF4D2CA5EE1B20628DCCB2C448051DE7001A5C09C927040BAE)
INSERT dbo.sysdiagrams(diagram_id, name, principal_id, version, definition) VALUES (14, N'Demetria187', 14, -373726873, 0xF4A3A3CDF538262C6D0398FC07CB229471681C62CD939485DD42DA54FF1E970927F181AA9B2C890B903E4FE5626CCBED8879ADE7B2F83888F3322D31CD046EC169CAC6B35234FC1CB96967088917671E95ED4A07773496FA49D554E144AD7A7C589BCC66B73728A9791729BA49CD1B04AE61A0007EF53E0F4154D79B29CB67F8E55F34080275ACB4569CF635AD650E00B8A2E1C41F0BF7B293577707B6D40072690968ED067C1D9581CD764744C7E457EB5AA19450097A0932EA94)
INSERT dbo.sysdiagrams(diagram_id, name, principal_id, version, definition) VALUES (15, N'Keith15', 20, -682883545, 0xF58406756DF51024648F83A05EE2E3F59320FD61992E4AEAF90AD0214CF233E10F8FDD196F013C13752B19E54520110605BA0A03BB64FE185309F5A6021AF9B7647132AA8004A47D2904D09EE33829850E30B84011E3E36B171C030B2A06C63A35649CBEEE3343320B706BFDB303ECA741037DFE7644)
INSERT dbo.sysdiagrams(diagram_id, name, principal_id, version, definition) VALUES (16, N'Cooke61', 49, -1310329059, 0x610A014ACC15F6482A5505BF4A050894CAA76F01A70000626F190A0DFB0775925B5090732FDB4604E808EE2F8A403F3FF30C40006734678EBB6168D0961D6251EC3E21D7305C67D311A32863FFB59DAB50266EA35CE30BAC8F7D3F318E5E2809)
INSERT dbo.sysdiagrams(diagram_id, name, principal_id, version, definition) VALUES (17, N'Detra286', 15, -772718951, 0x2C1B64)
INSERT dbo.sysdiagrams(diagram_id, name, principal_id, version, definition) VALUES (18, N'Addie1966', 37, -1274843141, 0xE602338C53346103E3046F3B1F1C95CF1CE0887FF3924602043B4DCB09E8DE7345E8F9B30401943BE6BE35552402DAE5B7DBE761024AFFFD55EEAF6921E42EECDE3A63BF3E74E1CF8AB4AA456FE92F7EBC89364CAD1FB08D35CE0204C0ACBF2EAB0658309D05093A24)
INSERT dbo.sysdiagrams(diagram_id, name, principal_id, version, definition) VALUES (19, N'Kenney3', 43, -550067262, 0x90A24508C178D7E154B9ED3014AAAFE586DA25493617FE32CD9AC2FA90ECE5AD046A3DAF4A7D2104A10BF33E8BEFCAA07E283D40394C1632E11AEB8833B17114038C53191F0590FD78B92D19155F149C9873FED45296AD37ED3B6C6809A9720DC8EF6B23C7CE181901D0BF79069F0DC117FF5F0D8DEE59AD0005F102DF4EE2BC5C0C1103F26005840470090902C316E0C85C991C7E05077504123A919F27)
INSERT dbo.sysdiagrams(diagram_id, name, principal_id, version, definition) VALUES (20, N'Adina9', 21, -1158539, 0x017A152BB551DB5575BBD5F815DA080069B1FBEF7503855B78864C9773B81F71C876090A60)
INSERT dbo.sysdiagrams(diagram_id, name, principal_id, version, definition) VALUES (21, N'Alanna979', 29, -1443726285, 0xF2BED492520848D462C40F16FB47091642B7ED09DFC04B73380824003BB9805B131807431AC87708104D3AF2AB1AB5C844A6384B0D42BAFBBF00BC3FC904B93E52BB616EC812AB3C9D625A4006B7135D8E8A9EE2445B5BC6AB4643810F8BF9B025C86A05CB21066796232BE34241510F9C51B5ED83171AD2E87845D3349E4025B58747011899B9010F230404C3141402FDE97C024246590A2D12F558D97A1D77332AECCDA115F28B65898FF3FF0616A38B13921D3C3BE810680047A82E0801F5EA1B90D981BCA2FE)
INSERT dbo.sysdiagrams(diagram_id, name, principal_id, version, definition) VALUES (22, N'Roma762', 38, -158154238, 0xDC9BC710EDAA706A4666E95F23F2E56DECB866610E7FB25CEB055BFAB1930707936B29CBEB823613C80AA2082536C320836751C438E63D11AD1BCC42FF08214337073122142B3923CEE4F0A72D00553302AF956D85DB9D4DB175E9D6E2AD0DE0056CFD2A911F43F43D2303269FCDFCEF5EFC872A06270B556A03BB6057035FD11226)
INSERT dbo.sysdiagrams(diagram_id, name, principal_id, version, definition) VALUES (23, N'Antonio1983', 10, -1350767276, 0x0551EA38028A3D076A67580213BE7B59F0E99540DA2F06C8817795E29299E68064D707FC1136110D27)
INSERT dbo.sysdiagrams(diagram_id, name, principal_id, version, definition) VALUES (24, N'Jason2027', 16, -1145596175, 0x0AB2C701009E3E399CFE72C37D01DF15088841DA9322094353093D0EEB086A8F02D8360C23415AD701132E8012D1A672F349FB68911A985818CB43D0385725E7D0B545FEAC0807FBF535014030EE3CC3101206E7895FD45DF0D536C438C6B1A291673C49FCC12BC5F6027E076D166C4CDABE8939570B0743A1670EBE00799F34E36202221EB2147BE104E9C003061002215DCC951703BA2F19531E4A3167)
INSERT dbo.sysdiagrams(diagram_id, name, principal_id, version, definition) VALUES (25, N'Adam2013', 5, -1983605966, 0x8DC6CA408D1A45FD7404055177BC5FBF7E026F4C00)
INSERT dbo.sysdiagrams(diagram_id, name, principal_id, version, definition) VALUES (26, N'Maxwell12', 11, -1779160138, 0xDF4626BE564117475C340564DB1CEDF003BDB3074BBF69D7DE4478051B981CDE0F106763B9075CD4035D9440A70B41E22A0907FF3CE18C4EBB4E7F6F09E526FFFF03792D605E1A1ABEDACF94A51264262A4D5EE3F940E8B3B01FF573053BE13D5D8201317144E4C9CFBBC5C0B30615D035EBAABB913BD708794217021E63CBD24508B437A4098D880203960B06)
INSERT dbo.sysdiagrams(diagram_id, name, principal_id, version, definition) VALUES (27, N'Felicidad5', 24, 31, 0x58FD1D58F4)
INSERT dbo.sysdiagrams(diagram_id, name, principal_id, version, definition) VALUES (28, N'Dusti697', 30, -797874911, 0x2062FD06A437927B985E7BCCD295B3C9379E500B5A08BB77FA8EDC504BAB027558C531F5094CF70360E739964F019B6263)
INSERT dbo.sysdiagrams(diagram_id, name, principal_id, version, definition) VALUES (29, N'Case53', 25, -126, 0xFFBF3608022509EAC3E927E2A94BE4A49E35074BE70895CA901A51643F3600781C35CF8FAD0E03C9761A51FC2B7B07A10096934FB921DCEB0F0C92CEC13ECF584097009A01998546AB7A8A42)
INSERT dbo.sysdiagrams(diagram_id, name, principal_id, version, definition) VALUES (30, N'Kiefer96', 22, -976931158, 0x9265EB828E4B05EE09F21D5E04D1A166DA7340EB30437E84AD8ACBC6DF362B73596A052B6BA8A06ACF28C2A2EBA02BBA5178F9D8FF9CC3FADF7A2B52B7835E3CAE6E58)
INSERT dbo.sysdiagrams(diagram_id, name, principal_id, version, definition) VALUES (31, N'Cyril2020', 44, -1724407196, 0x00E31080B5E20AFABB00F3BF81F1F64E6C02E2948D2E0C047AEFFB36D06C4FDA39632323ADFEBA11BAB5256906BB9D3759BF701F6BA3)
INSERT dbo.sysdiagrams(diagram_id, name, principal_id, version, definition) VALUES (32, N'Herschel799', 6, -368348774, 0x08AF03913CA70585456B7EB4DFD73AE005A706CF8147D8AA1A26520DEB0059F327F926205A14E1B12648567A0201F3D12F0484FB513C6507EE46346557D52773880E47E09511DF3502EE3040179303236CFE027EEB650D23DAE65B95951872D0BE054E5607321086032F62C4F52BB38F0FFF5A89661ACDB9FCF0D22D6743096E8F888FE57EF47220CAF2EB884CA16145378A055A0820255CAE280181E702A1063B3F9949A9699C5024AB33BF4BEF09525B443A034A020E40C3B110ECF407E7C218410513E9)
INSERT dbo.sysdiagrams(diagram_id, name, principal_id, version, definition) VALUES (33, N'Colette273', 31, 6, 0xCEFBD5B4BC04E5BDF018C1180FD649213A04C85EE0BE4DA129339EAFEBC5FFAB7911E535ACDB21FE70508C8D5068AC4F6DDC6B9162)
INSERT dbo.sysdiagrams(diagram_id, name, principal_id, version, definition) VALUES (34, N'Paige836', 39, -132611448, 0x740C3401CE2849305516BF039BA0705F06B13EF72AE2)
INSERT dbo.sysdiagrams(diagram_id, name, principal_id, version, definition) VALUES (35, N'Cherryl745', 26, -729528252, 0xA7DBD9B6E819B85D9CF13BFDE6E202199E0050093512B6C051D4DFE056DF08AF0C033C5EED82B605893B)
INSERT dbo.sysdiagrams(diagram_id, name, principal_id, version, definition) VALUES (36, N'Quentin1951', 32, -350581883, 0x426E3BD13E11FF1205105A)
INSERT dbo.sysdiagrams(diagram_id, name, principal_id, version, definition) VALUES (37, N'Jospeh6', 17, -6396, 0x9060D15DC780EECA4A0AA8010128932532A6782705C7)
INSERT dbo.sysdiagrams(diagram_id, name, principal_id, version, definition) VALUES (38, N'Aguilar589', 12, -53, 0xA5CDD33204A216AF026A6FDBCEBE020E569CB0147CD259BEF7C32A1FBEDAA28BFFD9893C111A3A78050FDEE87FDD991C5EE98CFF9E41ACCBB8249CE89E0100588BC38AF766C106FF00AECF187873F2A042221A774D2EA1CE5D991E06376C4EFA1B24CE657844E9142B9404321402D5DBE13BFD06925D99DDCE88FE9F3F982036767D99D23F100B19A4181B810BF008C79CEC551C520D451A0AEFB1A4D90D641FD5B71C2285AFDA0F7329596B3149A11B5B4AE90705EE118C5C92C6408F04CE01C82A2D)
INSERT dbo.sysdiagrams(diagram_id, name, principal_id, version, definition) VALUES (39, N'Keenan2027', 1, -1794404054, 0xC9A0)
INSERT dbo.sysdiagrams(diagram_id, name, principal_id, version, definition) VALUES (40, N'Khalilah2005', 34, 86, 0x984C80C305D643BD2C26D7)
INSERT dbo.sysdiagrams(diagram_id, name, principal_id, version, definition) VALUES (41, N'Talley972', 40, -226488237, 0x1B79FF4D8FDA9AB1B83600B2F9075D0A881CC138B2F7C7CD5C5288300296060D2059CD0F58DE8B1A60015065D25260AA0471A20428B59D091E48ED679EAD015CC86A1A62BFBC10E36BC91EA3F623EC1889527874F4A4622F5C85984B787E563F0E95D840D4646E7538C13635D2A2FEF2FB62EBE21D9B68FE40CF65314ABE1AD98493996F0039873F0419434E3604F64E0E8B5408D3C9A5CF9AE850D446C3AF458502E16058A4525A9DF2851B0F04)
INSERT dbo.sysdiagrams(diagram_id, name, principal_id, version, definition) VALUES (42, N'Telma36', 27, -30793262, 0x40FFC6117A439643F72706598DBE904E5DF75101079104FDB6FD06447B131A4D1C020BBC04AC36FEBE0304C4351C9F045C063052259428580C0B96)
INSERT dbo.sysdiagrams(diagram_id, name, principal_id, version, definition) VALUES (43, N'Eveline1977', 33, -311, 0x4FB583682F63002B5EBA8B7A04792E14130CE0812139C8613E0D34F79D20BA2C0B91A7A5322FF84B9BD177AF9395871D39065308D8A801AE013C64774B2F41FE2676F05780059E3B034D19E64ADD0632B0428D12BDCB96336DEBFDD62FE1BB08A197093EA01106B24EBCE5B6AC47A0E96D0933DD00C54C5901A0493C6135B04653B982C4EFA02C9ECD64193B55F57AE0)
INSERT dbo.sysdiagrams(diagram_id, name, principal_id, version, definition) VALUES (44, N'Artie2007', 7, -1896262908, 0xB92863DC4A94B5F039)
INSERT dbo.sysdiagrams(diagram_id, name, principal_id, version, definition) VALUES (45, N'Corina2018', 35, -112524363, 0xFCC1D7AB054105961ABB96CA40FFD2075004E043D42269FD171C460613244C12FF9E8DB933B4ACF96E37FC9B0204B24BA790BD02F0449C423D39EB61F9EF9C0DA90C731DEAF944F3)
INSERT dbo.sysdiagrams(diagram_id, name, principal_id, version, definition) VALUES (46, N'Catheryn2026', 41, -92115603, 0x09A68BC80404630600E8FD17600868450553F502BD43000A30CE8920F8DCEA9F68170E558DF805544D46AB5408BE14DBB5E77E51A7417B701E05EE26561A66710D710647B35F6DE9C8D1BDFD2DE838C597ED6F26865005515338950E02B2A42E23E08105D925DC784937330F2BEA477A5B6B1921B144232963D97E88611902649FB701F438774B1B9E)
INSERT dbo.sysdiagrams(diagram_id, name, principal_id, version, definition) VALUES (47, N'Spinks1983', 36, -982435288, 0xA02553669BA098050D86200A03781C04C6CCB9FF47D64B006044EF9904EAEDB02D05282753051272BC8C72402342C4544CFD0858657ED7AE05750D3F4FD6C20E54001EE9E83002A978B4C3884CD453C499F7DE676612D45A488C5A043D3C65C926789C44B58D0608D205C5861345647D4CF1D17A3AA9EE59F906058CED75ECBEC961A77512BF3E5DE86B8415161C0F3B12C96324870F9FDAB621540D046E98C80E95FA0455)
INSERT dbo.sysdiagrams(diagram_id, name, principal_id, version, definition) VALUES (48, N'Lively2026', 2, -1878949307, 0x1D279BAA7691B4F902BA0AF57CE60D1F8F85198B921CCF6414690F1D397DCC0152C34809FEA53FBF01039697CDB9F33B249BEC428A18158FE2E86DA1CF067AB56DCE2255BE970E57813909E4E7AC06356690E82BE94660F285DC4DD3043A91C4A0095168935B531B202158315DF3E0AC2AB01B05C5C92F3D684F6F09B25C7EB208AF5465ED1D4B09A45013095BC6770AA5B705529B325958E7192708008D6854CC049A87325B7BAB8B8402C239889DBF390A6616332DC093230293501C3D6BFD)
INSERT dbo.sysdiagrams(diagram_id, name, principal_id, version, definition) VALUES (49, N'Hassan1980', 8, -1552377935, 0x22C899)
INSERT dbo.sysdiagrams(diagram_id, name, principal_id, version, definition) VALUES (50, N'Vicenta6', 3, -1042111401, 0x98D21D1577E6058A63526648352D146B19061400F680230E19275E6B07B03A9D6FD07C08344874B67149735A408701094A51EF353DE0D48A711B1C883C6FB96EDA74D2209523B2193705A38A08516C3DB89445315AD7BC810789C68F1848DAD900707EFFB5806ECF02E6D2CBBB045AEF305CCD71CB47ACAE3DE43C0817302801E4F339B2CC3860CA5EE3055250395D11D97AFB012E3539692EA0086157B0ADC58AE706C21B06BB9C34E29213039284A0)
GO
SET IDENTITY_INSERT dbo.sysdiagrams OFF
GO

--
-- Inserting data into table dbo.Client
--
INSERT dbo.Client(Oid, FirstName, SecondName, Phone) VALUES ('2dc6dc0b-307b-3bde-5c76-66508ad02725', N'Elwood', N'Coleman', N'(877) 128-5657')
INSERT dbo.Client(Oid, FirstName, SecondName, Phone) VALUES ('66b0e9ee-53c2-4a98-432b-e89ea5388e0b', N'Lindsey', N'Fife', N'(615) 958-2687')
INSERT dbo.Client(Oid, FirstName, SecondName, Phone) VALUES ('7e919581-5fd4-1caf-5776-66508ad02725', N'Deedra', N'Severson', N'(904) 187-6158')
INSERT dbo.Client(Oid, FirstName, SecondName, Phone) VALUES ('699acaa2-66da-563a-1702-ce5da15ac776', N'Rayford', N'Turney', N'(389) 664-8463')
INSERT dbo.Client(Oid, FirstName, SecondName, Phone) VALUES ('1259a17c-69e8-7a1c-da4b-16e575b61049', N'Sonny', N'Mattox', N'(224) 768-0727')
INSERT dbo.Client(Oid, FirstName, SecondName, Phone) VALUES ('4f7021f5-7800-11be-0a02-eefebbd653b8', N'Hope', N'Seward', N'(434) 643-2196')
INSERT dbo.Client(Oid, FirstName, SecondName, Phone) VALUES ('36ce1756-1d21-7373-f1b6-6f4dd73eba9e', N'Chandra', N'Turpin', N'(339) 239-5458')
INSERT dbo.Client(Oid, FirstName, SecondName, Phone) VALUES ('37e456ed-14a3-6717-f3b6-6f4dd73eba9e', N'Charolette', N'Kelsey', N'(402) 533-4967')
INSERT dbo.Client(Oid, FirstName, SecondName, Phone) VALUES ('5ebb6116-1627-3f70-0602-eefebbd653b8', N'Kim', N'Mattson', N'(326) 891-3864')
INSERT dbo.Client(Oid, FirstName, SecondName, Phone) VALUES ('49bdab11-1115-7150-d84b-16e575b61049', N'Randolph', N'Overby', N'(685) 825-8109')
INSERT dbo.Client(Oid, FirstName, SecondName, Phone) VALUES ('51d8cc33-7be1-161f-f396-94965a4eaa62', N'Jonah', N'Rushing', N'(791) 539-4168')
INSERT dbo.Client(Oid, FirstName, SecondName, Phone) VALUES ('7959e1dd-2e0b-4306-7a7e-3e3b283cabde', N'Adah', N'Cosgrove', N'(266) 681-8929')
INSERT dbo.Client(Oid, FirstName, SecondName, Phone) VALUES ('202cad24-4598-16cf-1a02-ce5da15ac776', N'Bernard', N'Bohn', N'(892) 490-6962')
INSERT dbo.Client(Oid, FirstName, SecondName, Phone) VALUES ('5f00c41b-39dc-51ee-0802-eefebbd653b8', N'Antonia', N'Kelso', N'(883) 613-5067')
INSERT dbo.Client(Oid, FirstName, SecondName, Phone) VALUES ('1257615f-5ea8-6cd9-0b02-eefebbd653b8', N'Jean', N'Mauldin', N'(284) 669-3516')
INSERT dbo.Client(Oid, FirstName, SecondName, Phone) VALUES ('43624c49-472d-4810-f296-94965a4eaa62', N'Vincenzo', N'Overstreet', N'(596) 640-1634')
INSERT dbo.Client(Oid, FirstName, SecondName, Phone) VALUES ('2f1172a9-1b5d-6fc4-777e-3e3b283cabde', N'Isaac', N'Russ', N'(229) 509-0022')
INSERT dbo.Client(Oid, FirstName, SecondName, Phone) VALUES ('36a4260a-7f6c-2ec6-f2b6-6f4dd73eba9e', N'Terry', N'Coles', N'(905) 230-0670')
INSERT dbo.Client(Oid, FirstName, SecondName, Phone) VALUES ('1e3453a2-3ef5-5f70-8dc9-bcec0cd444f8', N'Gerry', N'Sewell', N'(726) 780-7028')
INSERT dbo.Client(Oid, FirstName, SecondName, Phone) VALUES ('36460dcf-323b-1391-8ec9-bcec0cd444f8', N'Bernardina', N'Tuttle', N'(323) 129-1050')
INSERT dbo.Client(Oid, FirstName, SecondName, Phone) VALUES ('3a6dba26-6960-6953-d74b-16e575b61049', N'Kent', N'Sexton', N'(709) 214-4070')
INSERT dbo.Client(Oid, FirstName, SecondName, Phone) VALUES ('284445b2-65be-4f66-422b-e89ea5388e0b', N'Adolph', N'Tyler', N'(906) 068-8306')
INSERT dbo.Client(Oid, FirstName, SecondName, Phone) VALUES ('2f8a5a0d-54fa-587b-5676-66508ad02725', N'Leif', N'Boisvert', N'(190) 627-1641')
INSERT dbo.Client(Oid, FirstName, SecondName, Phone) VALUES ('751604f5-1e51-6d47-3f2b-e89ea5388e0b', N'Adan', N'Kemp', N'(175) 057-8554')
INSERT dbo.Client(Oid, FirstName, SecondName, Phone) VALUES ('6f0fc907-5bf7-6e28-ef96-94965a4eaa62', N'Kathey', N'Maupin', N'(889) 518-4429')
INSERT dbo.Client(Oid, FirstName, SecondName, Phone) VALUES ('58fc185f-1925-3117-334d-4c0f86f26090', N'Felisa', N'Coley', N'(173) 393-4530')
INSERT dbo.Client(Oid, FirstName, SecondName, Phone) VALUES ('397bc919-4888-5ab2-402b-e89ea5388e0b', N'Rachele', N'Kemper', N'(642) 688-5246')
INSERT dbo.Client(Oid, FirstName, SecondName, Phone) VALUES ('5f0a8444-3de1-3f02-eeb6-6f4dd73eba9e', N'Adaline', N'Overton', N'(531) 501-8295')
INSERT dbo.Client(Oid, FirstName, SecondName, Phone) VALUES ('336d8f99-255d-646e-f0b6-6f4dd73eba9e', N'Maynard', N'Figueroa', N'(547) 074-8716')
INSERT dbo.Client(Oid, FirstName, SecondName, Phone) VALUES ('1b3166b4-1301-5956-5a76-66508ad02725', N'Dwain', N'Costa', N'(559) 287-6791')
INSERT dbo.Client(Oid, FirstName, SecondName, Phone) VALUES ('5e306560-6b07-2cdf-5b76-66508ad02725', N'Karine', N'Seymore', N'(831) 860-1449')
INSERT dbo.Client(Oid, FirstName, SecondName, Phone) VALUES ('69619ef2-1249-20fa-797e-3e3b283cabde', N'Cordell', N'Russell', N'(117) 729-0477')
INSERT dbo.Client(Oid, FirstName, SecondName, Phone) VALUES ('5984fdaa-1e0e-68c7-3e2b-e89ea5388e0b', N'Chana', N'Owen', N'(159) 534-8146')
INSERT dbo.Client(Oid, FirstName, SecondName, Phone) VALUES ('4abdf3c0-7507-7423-304d-4c0f86f26090', N'Kelsi', N'Boland', N'(512) 822-2246')
INSERT dbo.Client(Oid, FirstName, SecondName, Phone) VALUES ('499200b3-46a5-60a7-f196-94965a4eaa62', N'Lester', N'Tyner', N'(723) 868-2413')
INSERT dbo.Client(Oid, FirstName, SecondName, Phone) VALUES ('1a591774-4565-7236-90c9-bcec0cd444f8', N'Adria', N'Finch', N'(106) 109-6937')
INSERT dbo.Client(Oid, FirstName, SecondName, Phone) VALUES ('66a18612-296a-25b0-d94b-16e575b61049', N'David', N'Seymour', N'(843) 443-5571')
INSERT dbo.Client(Oid, FirstName, SecondName, Phone) VALUES ('24fee4c1-709c-79d6-1802-ce5da15ac776', N'Ferne', N'Costello', N'(286) 642-2495')
INSERT dbo.Client(Oid, FirstName, SecondName, Phone) VALUES ('5aa02579-73ed-23cd-314d-4c0f86f26090', N'Kent', N'Collado', N'(464) 427-2112')
INSERT dbo.Client(Oid, FirstName, SecondName, Phone) VALUES ('14735d5d-67ff-5dad-412b-e89ea5388e0b', N'Kizzy', N'Tyree', N'(682) 404-3526')
INSERT dbo.Client(Oid, FirstName, SecondName, Phone) VALUES ('7a311573-456f-56e3-0902-eefebbd653b8', N'Alanna', N'Russo', N'(155) 159-0140')
INSERT dbo.Client(Oid, FirstName, SecondName, Phone) VALUES ('3f22df3a-3b15-3b5a-787e-3e3b283cabde', N'Reatha', N'Maurer', N'(248) 158-1877')
INSERT dbo.Client(Oid, FirstName, SecondName, Phone) VALUES ('61e25755-3de1-1adf-8fc9-bcec0cd444f8', N'Theron', N'Kendall', N'(648) 376-0672')
INSERT dbo.Client(Oid, FirstName, SecondName, Phone) VALUES ('1a361dba-2edd-6ebd-324d-4c0f86f26090', N'Jodee', N'Mauro', N'(890) 191-4526')
INSERT dbo.Client(Oid, FirstName, SecondName, Phone) VALUES ('244bd1b5-7428-4b87-0702-eefebbd653b8', N'Raven', N'Owens', N'(103) 512-5221')
INSERT dbo.Client(Oid, FirstName, SecondName, Phone) VALUES ('669afd3f-720a-6e34-1902-ce5da15ac776', N'Ronda', N'Rust', N'(312) 593-2034')
INSERT dbo.Client(Oid, FirstName, SecondName, Phone) VALUES ('228bfc03-38db-4741-f096-94965a4eaa62', N'Cody', N'Shackelford', N'(298) 926-2969')
INSERT dbo.Client(Oid, FirstName, SecondName, Phone) VALUES ('6c4c1f9b-1644-2620-5976-66508ad02725', N'Alex', N'Fincher', N'(129) 310-7243')
INSERT dbo.Client(Oid, FirstName, SecondName, Phone) VALUES ('26c1e1f8-3a26-53fe-5876-66508ad02725', N'Jamel', N'Tyson', N'(684) 862-0403')
INSERT dbo.Client(Oid, FirstName, SecondName, Phone) VALUES ('481c748b-2a85-2a28-efb6-6f4dd73eba9e', N'Alfonzo', N'Bolden', N'(946) 885-9296')
GO

--
-- Inserting data into table dbo.Employee
--
INSERT dbo.Employee(Oid, BusyUntil, SecondName, Stuff, HourPrice, Patronymic, PlanfixId, PlanfixMoneyRequestTask) VALUES ('43624c49-472d-4810-f296-94965a4eaa62', '2006-01-11 15:24:14.630', N'Sousa', -391015816, 1999, N'1ZP9U3B3F', 1, N'3')
INSERT dbo.Employee(Oid, BusyUntil, SecondName, Stuff, HourPrice, Patronymic, PlanfixId, PlanfixMoneyRequestTask) VALUES ('2dc6dc0b-307b-3bde-5c76-66508ad02725', '1994-02-19 13:42:44.740', N'Welker', -616262821, 1903, N'1R8JR9K8X09X0623723033L629L3W63C26G8ZY369VZ66VZSF0012P5MI037QU262BR63R3H', 2, N'863S39')
INSERT dbo.Employee(Oid, BusyUntil, SecondName, Stuff, HourPrice, Patronymic, PlanfixId, PlanfixMoneyRequestTask) VALUES ('1257615f-5ea8-6cd9-0b02-eefebbd653b8', '1985-06-03 04:38:21.010', N'Douglass', -4122, 115, N'OK2XVQX1ULF345708Y6658CO6U02S7FKB6C5F0BH77H4A9G3MI6HJGZ539A01JDEW8N7T954', 3, N'1K2M6M018K73F7S')
INSERT dbo.Employee(Oid, BusyUntil, SecondName, Stuff, HourPrice, Patronymic, PlanfixId, PlanfixMoneyRequestTask) VALUES ('14735d5d-67ff-5dad-412b-e89ea5388e0b', '1973-05-18 18:29:35.330', N'Pittman', 6717, 756, N'7YLLXP58E3R4778', 4, N'36L121G02H0RIE2')
INSERT dbo.Employee(Oid, BusyUntil, SecondName, Stuff, HourPrice, Patronymic, PlanfixId, PlanfixMoneyRequestTask) VALUES ('5984fdaa-1e0e-68c7-3e2b-e89ea5388e0b', '1983-02-13 13:05:09.330', N'Godwin', -1845662322, 1030, N'89Y4W', 5, N'70901I03W')
INSERT dbo.Employee(Oid, BusyUntil, SecondName, Stuff, HourPrice, Patronymic, PlanfixId, PlanfixMoneyRequestTask) VALUES ('4abdf3c0-7507-7423-304d-4c0f86f26090', '2012-10-07 02:54:32.010', N'Loveless', -358640399, 586, N'8CQL9', 6, N'T705H0T18O998')
INSERT dbo.Employee(Oid, BusyUntil, SecondName, Stuff, HourPrice, Patronymic, PlanfixId, PlanfixMoneyRequestTask) VALUES ('5aa02579-73ed-23cd-314d-4c0f86f26090', '1973-05-07 17:03:39.050', N'South', -1879078749, 1642, N'6D02RRCDE142QX9YL52JLZS6314LV6E4QX5W4484NN87378859PA23EEN8WZTL46190FE12908KWD52051I03H5YAQUAG76SJNUG', 7, N'465K8Y93FG6EG391H6PPAOY2UOX1GP80VCA')
INSERT dbo.Employee(Oid, BusyUntil, SecondName, Stuff, HourPrice, Patronymic, PlanfixId, PlanfixMoneyRequestTask) VALUES ('58fc185f-1925-3117-334d-4c0f86f26090', '1970-02-04 06:50:41.960', N'Bobbitt', -1450989276, 1282, N'BBUN8IQ68MV3', 8, N'8CP063')
INSERT dbo.Employee(Oid, BusyUntil, SecondName, Stuff, HourPrice, Patronymic, PlanfixId, PlanfixMoneyRequestTask) VALUES ('244bd1b5-7428-4b87-0702-eefebbd653b8', '2016-09-08 07:53:29.790', N'Dove', -468759293, 883, N'17', 9, N'HA')
INSERT dbo.Employee(Oid, BusyUntil, SecondName, Stuff, HourPrice, Patronymic, PlanfixId, PlanfixMoneyRequestTask) VALUES ('228bfc03-38db-4741-f096-94965a4eaa62', '1984-09-08 17:59:30.910', N'Mena', -804943989, 1646, N'24ER2Q186LR5709LM55H2WP96AK37BZ4JA9R7ZH789FU8SK8856MVT87P485ETQSN9UT2A3J4U6P34L26N14JG9L9883935PZK32', 10, N'09VS')
INSERT dbo.Employee(Oid, BusyUntil, SecondName, Stuff, HourPrice, Patronymic, PlanfixId, PlanfixMoneyRequestTask) VALUES ('6c4c1f9b-1644-2620-5976-66508ad02725', '1999-02-23 08:38:03.570', N'Pitts', -1627396220, 186, N'0NKEM744V6B0V885FX1LA18TE50T70ZF695LQX3QM', 11, N'O6T89K3HX')
INSERT dbo.Employee(Oid, BusyUntil, SecondName, Stuff, HourPrice, Patronymic, PlanfixId, PlanfixMoneyRequestTask) VALUES ('7a311573-456f-56e3-0902-eefebbd653b8', '1982-03-05 10:01:04.130', N'Cohn', -61, 601, N'I6RB786GI637415Y62LZU21T3CNWW4509KXJLURV35964HFV8Y', 12, N'1')
INSERT dbo.Employee(Oid, BusyUntil, SecondName, Stuff, HourPrice, Patronymic, PlanfixId, PlanfixMoneyRequestTask) VALUES ('7e919581-5fd4-1caf-5776-66508ad02725', '2017-07-28 05:28:31.610', N'Weller', -394673047, 435, N'77E4803J725Q8Y4', 13, N'NH')
INSERT dbo.Employee(Oid, BusyUntil, SecondName, Stuff, HourPrice, Patronymic, PlanfixId, PlanfixMoneyRequestTask) VALUES ('36a4260a-7f6c-2ec6-f2b6-6f4dd73eba9e', '1983-08-01 08:37:32.440', N'Bobo', -2037364754, 1872, N'PYPLT', 14, N'14Y65V5TWJA65X74PI3EX6LAER979Y3E5VTEWLVOR1K')
INSERT dbo.Employee(Oid, BusyUntil, SecondName, Stuff, HourPrice, Patronymic, PlanfixId, PlanfixMoneyRequestTask) VALUES ('699acaa2-66da-563a-1702-ce5da15ac776', '1974-06-14 00:32:28.980', N'Southard', -1074134761, 821, N'20QXSA2N91IZ1WHTQ6FXC020A69683I603J56950662CCBG6DM7XT78SY1JYT4V2BR0TQELVEOLG97CZU8FE6CF71NJ81YEQ9EB8', 15, N'6QA9P5GW5217L8EFC9H9K5GD9711H5V')
INSERT dbo.Employee(Oid, BusyUntil, SecondName, Stuff, HourPrice, Patronymic, PlanfixId, PlanfixMoneyRequestTask) VALUES ('37e456ed-14a3-6717-f3b6-6f4dd73eba9e', '2011-11-05 00:40:03.380', N'Wellman', 0, 830, N'WQO66M2T', 16, N'L1D574022TRK41')
INSERT dbo.Employee(Oid, BusyUntil, SecondName, Stuff, HourPrice, Patronymic, PlanfixId, PlanfixMoneyRequestTask) VALUES ('3f22df3a-3b15-3b5a-787e-3e3b283cabde', '2005-09-22 22:25:28.280', N'Coker', -364797519, 555, N'04E19ZV3L4H6Q901UC059508K109YHK', 17, N'FH6DZKNSMT4MZ4P6')
INSERT dbo.Employee(Oid, BusyUntil, SecondName, Stuff, HourPrice, Patronymic, PlanfixId, PlanfixMoneyRequestTask) VALUES ('36460dcf-323b-1391-8ec9-bcec0cd444f8', '1983-10-21 19:49:16.060', N'Southerland', -1574211406, 445, N'6RLHZ93120OSD932K29RHRXIM0DR0BTXU8PG', 18, N'6')
INSERT dbo.Employee(Oid, BusyUntil, SecondName, Stuff, HourPrice, Patronymic, PlanfixId, PlanfixMoneyRequestTask) VALUES ('5ebb6116-1627-3f70-0602-eefebbd653b8', '2003-04-04 08:04:25.840', N'Wells', -1415257097, 947, N'6HDID1L7ZM8632S106M6769F34A5HOD64P50M5VDF4JG', 19, N'9ZE1PAH476MIAI279N18T37SN8GR25BKKBM039U2FE02467RST3H899O1315VVZ5068FHAPRRJ683')
INSERT dbo.Employee(Oid, BusyUntil, SecondName, Stuff, HourPrice, Patronymic, PlanfixId, PlanfixMoneyRequestTask) VALUES ('5e306560-6b07-2cdf-5b76-66508ad02725', '2016-01-27 02:48:52.770', N'Southern', -1712426144, 693, N'C', 20, N'6ZN1941L3902652K04J1615P5C7IRVCR877')
INSERT dbo.Employee(Oid, BusyUntil, SecondName, Stuff, HourPrice, Patronymic, PlanfixId, PlanfixMoneyRequestTask) VALUES ('51d8cc33-7be1-161f-f396-94965a4eaa62', '2013-09-22 11:52:56.610', N'Menard', -571079991, 214, N'306MA3RLDX9TX52535RJ1C', 21, N'02YGQC1W')
INSERT dbo.Employee(Oid, BusyUntil, SecondName, Stuff, HourPrice, Patronymic, PlanfixId, PlanfixMoneyRequestTask) VALUES ('69619ef2-1249-20fa-797e-3e3b283cabde', '2003-06-17 00:21:35.140', N'Bock', -185405645, 1316, N'1K14', 22, N'K25PK5MBW8M79VM1F43TL')
INSERT dbo.Employee(Oid, BusyUntil, SecondName, Stuff, HourPrice, Patronymic, PlanfixId, PlanfixMoneyRequestTask) VALUES ('1a361dba-2edd-6ebd-324d-4c0f86f26090', '1994-02-15 15:00:21.850', N'Colbert', 8, 1637, N'LMECNSCJ253Y67M8I48336FB8YKNHIYJ3MW17O1KDY5221LX8ZHH3', 23, N'VH324C97V21702QY1EV56FMS449YZ2SLTC2N52X742NZC94YM3E2A')
INSERT dbo.Employee(Oid, BusyUntil, SecondName, Stuff, HourPrice, Patronymic, PlanfixId, PlanfixMoneyRequestTask) VALUES ('2f1172a9-1b5d-6fc4-777e-3e3b283cabde', '1972-05-04 10:32:34.990', N'Hurst', -845483662, 725, N'QARB0BHQ3F7P1M3Q6Y4L3N1530453420O8RH15XEQ2899LTKD38I2C1L0K4R016H205', 24, N'7RGMOS5H402JX3B5DQ4I0B')
INSERT dbo.Employee(Oid, BusyUntil, SecondName, Stuff, HourPrice, Patronymic, PlanfixId, PlanfixMoneyRequestTask) VALUES ('1a591774-4565-7236-90c9-bcec0cd444f8', '1981-05-24 15:39:40.800', N'Place', -799855023, 1603, N'982', 25, N'38G3RP9775UVB5G76H9G4IV5FX')
INSERT dbo.Employee(Oid, BusyUntil, SecondName, Stuff, HourPrice, Patronymic, PlanfixId, PlanfixMoneyRequestTask) VALUES ('3a6dba26-6960-6953-d74b-16e575b61049', '1993-06-08 00:01:19.510', N'Lovell', -1003131416, 1528, N'8FRO7HDG757LA69YUFD3B058UM09728676K158B', 26, N'8H98L2E574KFLIXOF6BCXM')
INSERT dbo.Employee(Oid, BusyUntil, SecondName, Stuff, HourPrice, Patronymic, PlanfixId, PlanfixMoneyRequestTask) VALUES ('202cad24-4598-16cf-1a02-ce5da15ac776', '2009-07-17 06:34:20.520', N'Goebel', 6415, 334, N'AGCL6Z', 27, N'N7PIQY0V51D0B175BZ927RL8JL8GNYUBQT516')
INSERT dbo.Employee(Oid, BusyUntil, SecondName, Stuff, HourPrice, Patronymic, PlanfixId, PlanfixMoneyRequestTask) VALUES ('2f8a5a0d-54fa-587b-5676-66508ad02725', '1976-02-24 02:57:26.820', N'Boehm', 20, 862, N'ZG8WX56HQOZEN51XC1I258R3KFT1W3E1070D56M322V1', 28, N'MGZ7MX2MSFI9TFGT83QP93KY5YJH76DJ85KQFC07')
INSERT dbo.Employee(Oid, BusyUntil, SecondName, Stuff, HourPrice, Patronymic, PlanfixId, PlanfixMoneyRequestTask) VALUES ('669afd3f-720a-6e34-1902-ce5da15ac776', '1981-11-25 05:46:50.590', N'Welsh', -6309, 630, N'REUG4DT64IQ5XFN9A9', 29, N'630636CYOJD0B')
INSERT dbo.Employee(Oid, BusyUntil, SecondName, Stuff, HourPrice, Patronymic, PlanfixId, PlanfixMoneyRequestTask) VALUES ('26c1e1f8-3a26-53fe-5876-66508ad02725', '1996-12-08 08:41:30.570', N'Hurt', -1626863389, 741, N'1F6', 30, N'PML2L5B8CO622W0T4MLCP02NM45KG21P4M33J06P09274MVU82IE94P82D71WKKE9024')
INSERT dbo.Employee(Oid, BusyUntil, SecondName, Stuff, HourPrice, Patronymic, PlanfixId, PlanfixMoneyRequestTask) VALUES ('481c748b-2a85-2a28-efb6-6f4dd73eba9e', '1998-12-14 19:09:35.950', N'Mendenhall', 972, 704, N'X4V978CS9O7PEI45D6V677W0HBO3Q5TO5U3G7MASL', 31, N'25O143MNU5D6A6DA26JEM46F5M6C3F6056NAYRJXDQ476451XC1TP0NL4Y7')
INSERT dbo.Employee(Oid, BusyUntil, SecondName, Stuff, HourPrice, Patronymic, PlanfixId, PlanfixMoneyRequestTask) VALUES ('49bdab11-1115-7150-d84b-16e575b61049', '1991-07-12 22:39:58.700', N'Souza', -2062346695, 1199, N'3P0R5O8G', 32, N'OW2U14HC427YDY2186TI9Y718MQAKNH881JAYF6Q92')
INSERT dbo.Employee(Oid, BusyUntil, SecondName, Stuff, HourPrice, Patronymic, PlanfixId, PlanfixMoneyRequestTask) VALUES ('1e3453a2-3ef5-5f70-8dc9-bcec0cd444f8', '2012-03-02 07:44:55.620', N'Wendt', -1138535064, 311, N'9QU9N0884', 33, N'3EWEF87YYRRUS')
INSERT dbo.Employee(Oid, BusyUntil, SecondName, Stuff, HourPrice, Patronymic, PlanfixId, PlanfixMoneyRequestTask) VALUES ('61e25755-3de1-1adf-8fc9-bcec0cd444f8', '1970-07-17 10:14:27.030', N'Colburn', -251910699, 468, N'8487LZO2O54TBM40189A0S0643EC5OK4W8P8O8B0V', 34, N'K7B5H68H38P7E611Y')
INSERT dbo.Employee(Oid, BusyUntil, SecondName, Stuff, HourPrice, Patronymic, PlanfixId, PlanfixMoneyRequestTask) VALUES ('751604f5-1e51-6d47-3f2b-e89ea5388e0b', '1972-03-17 23:39:22.090', N'Bogan', -1608832123, 1378, N'357YW9VR55J5F7340787V6JIXGK', 35, N'UVRX40')
INSERT dbo.Employee(Oid, BusyUntil, SecondName, Stuff, HourPrice, Patronymic, PlanfixId, PlanfixMoneyRequestTask) VALUES ('6f0fc907-5bf7-6e28-ef96-94965a4eaa62', '1997-11-14 23:38:48.730', N'Dover', -1463838595, 763, N'V41922DH9GQ1E7MY2Z626HGP7B7IO595FEQ4Z47N70Z9S9K7CNKVXT1', 36, N'12C3E9K92PT47959UD293HHXFBT12NZ4C84E9H9N1M7T57BX92ZD65042383')
INSERT dbo.Employee(Oid, BusyUntil, SecondName, Stuff, HourPrice, Patronymic, PlanfixId, PlanfixMoneyRequestTask) VALUES ('36ce1756-1d21-7373-f1b6-6f4dd73eba9e', '2001-10-20 18:02:02.520', N'Colby', -1579804064, 579, N'8G470Q9B55U8P22T00F7', 37, N'M4Q23Y46Y66B3UB01DM6PL6BW7U17G7I96LWWF0B5PUP')
INSERT dbo.Employee(Oid, BusyUntil, SecondName, Stuff, HourPrice, Patronymic, PlanfixId, PlanfixMoneyRequestTask) VALUES ('5f00c41b-39dc-51ee-0802-eefebbd653b8', '1983-06-22 19:31:42.350', N'Plante', -7023, 1904, N'6', 38, N'N')
INSERT dbo.Employee(Oid, BusyUntil, SecondName, Stuff, HourPrice, Patronymic, PlanfixId, PlanfixMoneyRequestTask) VALUES ('284445b2-65be-4f66-422b-e89ea5388e0b', '2011-07-31 07:35:13.440', N'Goetz', -175614216, 1290, N'WDB32340Y3Y89792D8184I97V0096I2BNN34917HCB8K77FEI4X18GEAJ5R08', 39, N'KF101713Q0Y5942Y237G35537OWLK25')
INSERT dbo.Employee(Oid, BusyUntil, SecondName, Stuff, HourPrice, Patronymic, PlanfixId, PlanfixMoneyRequestTask) VALUES ('5f0a8444-3de1-3f02-eeb6-6f4dd73eba9e', '1977-04-25 19:28:59.920', N'Boggs', -220, 728, N'76418Z649R1H88227JFZWBI1T5EU3T85Z6LCH8MZF294709QF9QIOD5F47Z34V8965LEKDW556D3VK3D6NRXZKAS95I', 40, N'7PL4AQ2ASJ3H4180')
INSERT dbo.Employee(Oid, BusyUntil, SecondName, Stuff, HourPrice, Patronymic, PlanfixId, PlanfixMoneyRequestTask) VALUES ('336d8f99-255d-646e-f0b6-6f4dd73eba9e', '1985-03-11 11:12:48.810', N'Cole', -858368929, 1072, N'WO35M8875KE319P1Z98E4JTG4O44TT497P6296BLKSC0XVPZY124YQ6O1CUX97W275W55FHMR4I68U8N7', 41, N'1')
INSERT dbo.Employee(Oid, BusyUntil, SecondName, Stuff, HourPrice, Patronymic, PlanfixId, PlanfixMoneyRequestTask) VALUES ('397bc919-4888-5ab2-402b-e89ea5388e0b', '1972-01-06 18:49:05.040', N'Bohannon', 6, 1038, N'B7ICFX1PV3YRH37S4ZN16HT67I19', 42, N'9QK46M0IJT060G1J3HOG7E92F68XD037W14126F13I81I980W')
INSERT dbo.Employee(Oid, BusyUntil, SecondName, Stuff, HourPrice, Patronymic, PlanfixId, PlanfixMoneyRequestTask) VALUES ('66b0e9ee-53c2-4a98-432b-e89ea5388e0b', '1984-07-07 20:34:29.360', N'Mendez', -991454491, 386, N'JW85RNRWFF0O58F63SO1IIFOQNIBP18Q', 43, N'8ZVUR52QT6Y1V08751P82G8O2R83GZ08003SKAMH')
INSERT dbo.Employee(Oid, BusyUntil, SecondName, Stuff, HourPrice, Patronymic, PlanfixId, PlanfixMoneyRequestTask) VALUES ('499200b3-46a5-60a7-f196-94965a4eaa62', '1977-09-12 11:53:48.330', N'Sowell', -5, 1759, N'0MLTE6J6A1U0RR49Z4Q0BI50', 44, N'6N955I9F9IZV6V')
INSERT dbo.Employee(Oid, BusyUntil, SecondName, Stuff, HourPrice, Patronymic, PlanfixId, PlanfixMoneyRequestTask) VALUES ('1b3166b4-1301-5956-5a76-66508ad02725', '1981-04-04 19:52:18.410', N'Lovett', 4, 1008, N'1WDZ2O86E1XTC6QKAK3HX7L2M710WGJ', 45, N'8W51NQ43Q9UCH01J8OK0')
INSERT dbo.Employee(Oid, BusyUntil, SecondName, Stuff, HourPrice, Patronymic, PlanfixId, PlanfixMoneyRequestTask) VALUES ('66a18612-296a-25b0-d94b-16e575b61049', '2014-11-20 10:51:16.720', N'Dow', 4094, 1977, N'12QZZ93RP1', 46, N'64FZD')
INSERT dbo.Employee(Oid, BusyUntil, SecondName, Stuff, HourPrice, Patronymic, PlanfixId, PlanfixMoneyRequestTask) VALUES ('24fee4c1-709c-79d6-1802-ce5da15ac776', '1971-03-19 05:22:18.020', N'Hurtado', -1232368893, 413, N'TOG56HB', 47, N'394I1244U74I9236NQAY4Z0IZGC0GBUG4I84E4Y028CGF40CATQ24752BMWT0K5LNW394S0')
INSERT dbo.Employee(Oid, BusyUntil, SecondName, Stuff, HourPrice, Patronymic, PlanfixId, PlanfixMoneyRequestTask) VALUES ('1259a17c-69e8-7a1c-da4b-16e575b61049', '2000-04-15 03:02:00.630', N'Loving', -1189726740, 1054, N'RZ', 48, N'M5Z4GB3W5EO8ST9HAWW7')
INSERT dbo.Employee(Oid, BusyUntil, SecondName, Stuff, HourPrice, Patronymic, PlanfixId, PlanfixMoneyRequestTask) VALUES ('4f7021f5-7800-11be-0a02-eefebbd653b8', '1978-07-28 22:20:52.140', N'Platt', -661861935, 622, N'18B6G93OWPYPU93DFN2WXHEWC01S98KK1TOX41TH71EE264WRK687PSB7', 49, N'3UUZ5TRY5V06R68SV05634USI5363LG257PUZY0C08347K3O6GALYI47INQJ0EET6G8BI4L')
INSERT dbo.Employee(Oid, BusyUntil, SecondName, Stuff, HourPrice, Patronymic, PlanfixId, PlanfixMoneyRequestTask) VALUES ('7959e1dd-2e0b-4306-7a7e-3e3b283cabde', '1979-11-14 23:07:57.890', N'Goff', -2020544323, 1108, N'V', 50, N'V01JUIA8755L')
GO

--
-- Inserting data into table dbo.Project
--
INSERT dbo.Project(Oid, Name, Address, Client, Manager, Foreman, OptimisticLockField, GCRecord, Balance, BalanceByMaterial, BalanceByWork, PlaningStartDate, Status, FinishDate, Area, WorkPriceRate, WorkersPriceRate, RemainderTheAdvance, PlanfixWorkTask, PlanfixChangeRequestTask, UseAnalytics) VALUES ('7f9589fa-2b58-5866-1c93-373516031d8e', N'Abdul551', N'3168 Riddle Hill Lane, Denver, Colorado, 89834', '4abdf3c0-7507-7423-304d-4c0f86f26090', '5984fdaa-1e0e-68c7-3e2b-e89ea5388e0b', '202cad24-4598-16cf-1a02-ce5da15ac776', 3, -671660539, 54, 82, 6, '1979-07-12 19:06:00.880', -1849585943, '2009-01-01 00:00:00.000', -880027700, 3.92, 25271198391.82, -2057953104, N'8641HE7Z62S7Q57545C016KIV54Y2', N'J7O', 1)
INSERT dbo.Project(Oid, Name, Address, Client, Manager, Foreman, OptimisticLockField, GCRecord, Balance, BalanceByMaterial, BalanceByWork, PlaningStartDate, Status, FinishDate, Area, WorkPriceRate, WorkersPriceRate, RemainderTheAdvance, PlanfixWorkTask, PlanfixChangeRequestTask, UseAnalytics) VALUES ('28186996-5b5b-7729-455f-1885b89fc8fc', N'Lizzette466', N'1252 Monument Ave, Indianapolis, Indiana, 59078', '202cad24-4598-16cf-1a02-ce5da15ac776', '37e456ed-14a3-6717-f3b6-6f4dd73eba9e', '284445b2-65be-4f66-422b-e89ea5388e0b', -2090539160, -69, 38, 10, 86, '2005-01-08 09:18:30.750', -766581882, '2018-01-01 00:00:00.000', -1237494025, 64103232530.5, -69.54, 13, N'K', N'4', 0)
INSERT dbo.Project(Oid, Name, Address, Client, Manager, Foreman, OptimisticLockField, GCRecord, Balance, BalanceByMaterial, BalanceByWork, PlaningStartDate, Status, FinishDate, Area, WorkPriceRate, WorkersPriceRate, RemainderTheAdvance, PlanfixWorkTask, PlanfixChangeRequestTask, UseAnalytics) VALUES ('5b6e9fc7-1e70-4fd4-0448-b983316b8374', N'Alonzo2022', N'2503 Highland Ct, Austin, TX, 35237', '7a311573-456f-56e3-0902-eefebbd653b8', '36a4260a-7f6c-2ec6-f2b6-6f4dd73eba9e', '4abdf3c0-7507-7423-304d-4c0f86f26090', -1298511159, -2114556390, 63, 57, 27, '1974-07-28 14:06:20.790', -1561801187, '2018-05-09 00:00:00.000', -1503667975, 29173892612.55, -99860100174.97, -3268, N'SCNS345136HO4X18O802IHOR34696LGHWTQU6DJ4U82N2YM', N'SDQ909K', 0)
INSERT dbo.Project(Oid, Name, Address, Client, Manager, Foreman, OptimisticLockField, GCRecord, Balance, BalanceByMaterial, BalanceByWork, PlaningStartDate, Status, FinishDate, Area, WorkPriceRate, WorkersPriceRate, RemainderTheAdvance, PlanfixWorkTask, PlanfixChangeRequestTask, UseAnalytics) VALUES ('1ba4c500-5a33-4cef-3709-69a9b1bfbc32', N'Abney7', N'2602 Rushwood Lane, Calyon Bldg, Boise, ID, 73865', '36ce1756-1d21-7373-f1b6-6f4dd73eba9e', '36460dcf-323b-1391-8ec9-bcec0cd444f8', '244bd1b5-7428-4b87-0702-eefebbd653b8', -730023638, -519557971, 91, 37, 74, '1976-10-17 21:34:31.300', -84, '2018-07-21 00:00:00.000', 708, 3699820430.83, 44107316312.68, -1252141232, N'F0OUCIF96YY85EA1946947WCOW9GQHC1U4AYOX56Z1JXIPRI04A8NKIFI4YGL0KYSU', N'H24A9SH50Y2VNE6RQ8JC4BFJUJ87LELIVCO2H6ZVE7', 0)
INSERT dbo.Project(Oid, Name, Address, Client, Manager, Foreman, OptimisticLockField, GCRecord, Balance, BalanceByMaterial, BalanceByWork, PlaningStartDate, Status, FinishDate, Area, WorkPriceRate, WorkersPriceRate, RemainderTheAdvance, PlanfixWorkTask, PlanfixChangeRequestTask, UseAnalytics) VALUES ('2643c0f2-5381-7a86-1d93-373516031d8e', N'Jarrod2023', N'2654 Burwood Hwy, Baton Rouge, LA, 32867', '61e25755-3de1-1adf-8fc9-bcec0cd444f8', '481c748b-2a85-2a28-efb6-6f4dd73eba9e', '6f0fc907-5bf7-6e28-ef96-94965a4eaa62', -598152306, -7417, 76, 56, 10, '1973-10-07 21:40:38.260', -1614312267, '2012-05-25 00:00:00.000', -1048650424, -51529403425.12, -7417.03, -2045713596, N'W6D3BN', N'PZ3OYJQUHQ1G7', 1)
INSERT dbo.Project(Oid, Name, Address, Client, Manager, Foreman, OptimisticLockField, GCRecord, Balance, BalanceByMaterial, BalanceByWork, PlaningStartDate, Status, FinishDate, Area, WorkPriceRate, WorkersPriceRate, RemainderTheAdvance, PlanfixWorkTask, PlanfixChangeRequestTask, UseAnalytics) VALUES ('5c549d77-1e58-4d4e-1fbe-eaf7cc272319', N'Alisa2016', N'321 East Rock Hill Pkwy, Harrisburg, PA, 69670', '5f0a8444-3de1-3f02-eeb6-6f4dd73eba9e', '5e306560-6b07-2cdf-5b76-66508ad02725', '49bdab11-1115-7150-d84b-16e575b61049', -497829609, -660394851, 56, 20, 29, '2003-03-10 12:02:13.020', -1909791908, '2015-03-17 00:00:00.000', -1542031234, -49168562615.67, -17137678820.95, -45, N'F9', N'355A463', 1)
INSERT dbo.Project(Oid, Name, Address, Client, Manager, Foreman, OptimisticLockField, GCRecord, Balance, BalanceByMaterial, BalanceByWork, PlaningStartDate, Status, FinishDate, Area, WorkPriceRate, WorkersPriceRate, RemainderTheAdvance, PlanfixWorkTask, PlanfixChangeRequestTask, UseAnalytics) VALUES ('31a38fa9-4c3b-4cf0-0548-b983316b8374', N'Bess1981', N'748 Riverview Avenue, Jackson, Mississippi, 77400', '699acaa2-66da-563a-1702-ce5da15ac776', '1a361dba-2edd-6ebd-324d-4c0f86f26090', '3a6dba26-6960-6953-d74b-16e575b61049', -1272245938, -44982311, 63, 67, 12, '2011-02-05 03:24:36.750', -1784893508, '2018-02-24 00:00:00.000', -2041217293, 93114806291.61, 69369317945.75, -5607, N'9', N'J6613D6CXZ2H26019J961HDZW0Q', 0)
INSERT dbo.Project(Oid, Name, Address, Client, Manager, Foreman, OptimisticLockField, GCRecord, Balance, BalanceByMaterial, BalanceByWork, PlaningStartDate, Status, FinishDate, Area, WorkPriceRate, WorkersPriceRate, RemainderTheAdvance, PlanfixWorkTask, PlanfixChangeRequestTask, UseAnalytics) VALUES ('4a084a3f-5d99-1372-b433-62dd4e858bad', N'Roark982', N'1948 Fox Hill Lane, Boise, ID, 26196', '5f0a8444-3de1-3f02-eeb6-6f4dd73eba9e', '284445b2-65be-4f66-422b-e89ea5388e0b', '5f0a8444-3de1-3f02-eeb6-6f4dd73eba9e', 56, 88, 23, 16, 87, '1993-07-04 02:42:53.480', -840748626, '2014-11-30 00:00:00.000', -1427532365, 56.72, 88.88, -1302707293, N'N', N'016KLE', 1)
INSERT dbo.Project(Oid, Name, Address, Client, Manager, Foreman, OptimisticLockField, GCRecord, Balance, BalanceByMaterial, BalanceByWork, PlaningStartDate, Status, FinishDate, Area, WorkPriceRate, WorkersPriceRate, RemainderTheAdvance, PlanfixWorkTask, PlanfixChangeRequestTask, UseAnalytics) VALUES ('6d825400-4c66-515a-1e93-373516031d8e', N'Chadwick842', N'262 Waterview Ave, Kearns Building, Bismarck, North Dakota, 54712', '244bd1b5-7428-4b87-0702-eefebbd653b8', '2f8a5a0d-54fa-587b-5676-66508ad02725', '1a591774-4565-7236-90c9-bcec0cd444f8', 84, -1980233702, 64, 5, 17, '2008-03-27 18:02:46.780', -1154467762, '2009-04-02 00:00:00.000', -1566134516, 84.45, 99364928440.71, -405123311, N'6WEFS4', N'J35JWSI308U0R7ZI3', 1)
INSERT dbo.Project(Oid, Name, Address, Client, Manager, Foreman, OptimisticLockField, GCRecord, Balance, BalanceByMaterial, BalanceByWork, PlaningStartDate, Status, FinishDate, Area, WorkPriceRate, WorkersPriceRate, RemainderTheAdvance, PlanfixWorkTask, PlanfixChangeRequestTask, UseAnalytics) VALUES ('5a851e09-4a52-7284-0648-b983316b8374', N'Alphonso8', N'407 Woodside Lane, Macy''s Bldg, Saint Paul, MN, 36648', '69619ef2-1249-20fa-797e-3e3b283cabde', '3f22df3a-3b15-3b5a-787e-3e3b283cabde', '5984fdaa-1e0e-68c7-3e2b-e89ea5388e0b', -1979878984, -1980795195, 92, 3, 71, '2005-06-08 17:47:04.680', -1075602905, '2018-03-28 00:00:00.000', -8788, -16182978496.8, 9421800308.12, -994262518, N'7H0C1K158CQ02Q4VOAHIC', N'P16857QFMK', 0)
INSERT dbo.Project(Oid, Name, Address, Client, Manager, Foreman, OptimisticLockField, GCRecord, Balance, BalanceByMaterial, BalanceByWork, PlaningStartDate, Status, FinishDate, Area, WorkPriceRate, WorkersPriceRate, RemainderTheAdvance, PlanfixWorkTask, PlanfixChangeRequestTask, UseAnalytics) VALUES ('1897a8f1-37fc-5c9c-3809-69a9b1bfbc32', N'Lacresha5', N'2478 NW Rose Hill Ct, Frankfort, Kentucky, 40649', '751604f5-1e51-6d47-3f2b-e89ea5388e0b', '7e919581-5fd4-1caf-5776-66508ad02725', '36460dcf-323b-1391-8ec9-bcec0cd444f8', 627, -759, 16, 46, 71, '1970-09-28 18:25:32.140', -378801612, '2009-11-02 00:00:00.000', -57131972, 627.18, -759.78, 2, N'ONR2', N'422X626M1RZL', 1)
INSERT dbo.Project(Oid, Name, Address, Client, Manager, Foreman, OptimisticLockField, GCRecord, Balance, BalanceByMaterial, BalanceByWork, PlaningStartDate, Status, FinishDate, Area, WorkPriceRate, WorkersPriceRate, RemainderTheAdvance, PlanfixWorkTask, PlanfixChangeRequestTask, UseAnalytics) VALUES ('373511c0-68e6-4a3f-20be-eaf7cc272319', N'Denham1998', N'766 New Woodhurst St, Kearns Building, Trenton, New Jersey, 51607', '5f0a8444-3de1-3f02-eeb6-6f4dd73eba9e', '24fee4c1-709c-79d6-1802-ce5da15ac776', '751604f5-1e51-6d47-3f2b-e89ea5388e0b', -353753083, -3898, 38, 3, 73, '1982-12-15 14:53:32.530', -312929865, '2013-05-06 00:00:00.000', -204892992, -12580417802.92, -3898.13, -245556106, N'2PP92BUC5C2RDNC76CKYS3B1V21ZEWWRK', N'F76GE62IL2EM1375N047HS', 1)
INSERT dbo.Project(Oid, Name, Address, Client, Manager, Foreman, OptimisticLockField, GCRecord, Balance, BalanceByMaterial, BalanceByWork, PlaningStartDate, Status, FinishDate, Area, WorkPriceRate, WorkersPriceRate, RemainderTheAdvance, PlanfixWorkTask, PlanfixChangeRequestTask, UseAnalytics) VALUES ('66af213e-6ed1-770c-5c32-9a0257d67b47', N'Antonina2029', N'763 Market Pkwy, Phoenix, AZ, 22164', '1e3453a2-3ef5-5f70-8dc9-bcec0cd444f8', '66a18612-296a-25b0-d94b-16e575b61049', '51d8cc33-7be1-161f-f396-94965a4eaa62', -1171149210, -1394969261, 5, 72, 27, '2004-08-01 08:28:03.590', -1773952467, '2009-01-06 00:00:00.000', -1768601707, 32819894457.98, 53569289604.27, -466975274, N'FN16BI96P3', N'ZA6TJN10543L6WB', 1)
INSERT dbo.Project(Oid, Name, Address, Client, Manager, Foreman, OptimisticLockField, GCRecord, Balance, BalanceByMaterial, BalanceByWork, PlaningStartDate, Status, FinishDate, Area, WorkPriceRate, WorkersPriceRate, RemainderTheAdvance, PlanfixWorkTask, PlanfixChangeRequestTask, UseAnalytics) VALUES ('488ffd9a-7ad8-5a04-cd7e-e08e331d25c7', N'Adolph1', N'3776 East Flintwood Avenue, Madison, Wisconsin, 58797', '36a4260a-7f6c-2ec6-f2b6-6f4dd73eba9e', '751604f5-1e51-6d47-3f2b-e89ea5388e0b', '1257615f-5ea8-6cd9-0b02-eefebbd653b8', -281018203, -1642925920, 31, 75, 44, '1986-10-06 17:46:24.170', -1045106815, '2018-02-05 00:00:00.000', -2123380366, -67275306788.08, -19311099757.27, -17767788, N'FQ02', N'NNY1NPFL', 0)
INSERT dbo.Project(Oid, Name, Address, Client, Manager, Foreman, OptimisticLockField, GCRecord, Balance, BalanceByMaterial, BalanceByWork, PlaningStartDate, Status, FinishDate, Area, WorkPriceRate, WorkersPriceRate, RemainderTheAdvance, PlanfixWorkTask, PlanfixChangeRequestTask, UseAnalytics) VALUES ('495ff429-25fd-4337-1f93-373516031d8e', N'Brandon1', N'1236 W Pine Tree Loop, Guardian Bldg, Nashville, Tennessee, 34228', '5ebb6116-1627-3f70-0602-eefebbd653b8', '6f0fc907-5bf7-6e28-ef96-94965a4eaa62', '14735d5d-67ff-5dad-412b-e89ea5388e0b', -1162466197, -5, 10, 63, 22, '2012-01-23 03:19:34.810', -847086039, '2019-09-19 00:00:00.000', -1778631251, 50210594444.2, -5.35, -1474316115, N'2', N'4F376I2', 0)
INSERT dbo.Project(Oid, Name, Address, Client, Manager, Foreman, OptimisticLockField, GCRecord, Balance, BalanceByMaterial, BalanceByWork, PlaningStartDate, Status, FinishDate, Area, WorkPriceRate, WorkersPriceRate, RemainderTheAdvance, PlanfixWorkTask, PlanfixChangeRequestTask, UseAnalytics) VALUES ('24c4b5df-5d2a-53c2-b533-62dd4e858bad', N'Dyan121', N'67 East Rushwood Ln, Superior Building, Olympia, WA, 97251', '66b0e9ee-53c2-4a98-432b-e89ea5388e0b', '6f0fc907-5bf7-6e28-ef96-94965a4eaa62', '499200b3-46a5-60a7-f196-94965a4eaa62', 1055, -1739688447, 92, 11, 21, '1972-02-27 12:02:48.080', -6, '2009-01-09 00:00:00.000', -2034999787, 1055.84, 30826677427.01, -1534830649, N'K91', N'9X1D9PDIOY83X5L985ZZ2BAC0567V67VAE1C9748ZAF2G560PSY0QB6V2535OD08N473Y7X3A0', 0)
INSERT dbo.Project(Oid, Name, Address, Client, Manager, Foreman, OptimisticLockField, GCRecord, Balance, BalanceByMaterial, BalanceByWork, PlaningStartDate, Status, FinishDate, Area, WorkPriceRate, WorkersPriceRate, RemainderTheAdvance, PlanfixWorkTask, PlanfixChangeRequestTask, UseAnalytics) VALUES ('12e83c52-5faa-79c9-ce7e-e08e331d25c7', N'Adah395', N'3726 Red Deepwood Highway, Equitable Bldg, Tallahassee, FL, 89597', '5f0a8444-3de1-3f02-eeb6-6f4dd73eba9e', '6f0fc907-5bf7-6e28-ef96-94965a4eaa62', '6f0fc907-5bf7-6e28-ef96-94965a4eaa62', -1120074977, -362992587, 48, 33, 18, '1974-06-18 18:23:15.400', -8, '2016-01-12 00:00:00.000', -1903809897, 74601988137.38, -35910535523.18, -531040849, N'C7JIFK79618', N'HY1O91', 1)
INSERT dbo.Project(Oid, Name, Address, Client, Manager, Foreman, OptimisticLockField, GCRecord, Balance, BalanceByMaterial, BalanceByWork, PlaningStartDate, Status, FinishDate, Area, WorkPriceRate, WorkersPriceRate, RemainderTheAdvance, PlanfixWorkTask, PlanfixChangeRequestTask, UseAnalytics) VALUES ('5126a884-72e7-76eb-3909-69a9b1bfbc32', N'Alene2017', N'3084 SE Fox Hill Ct, Carson City, Nevada, 88147', '14735d5d-67ff-5dad-412b-e89ea5388e0b', '49bdab11-1115-7150-d84b-16e575b61049', '397bc919-4888-5ab2-402b-e89ea5388e0b', -410296410, -1546520735, 9, 83, 39, '2015-07-15 12:05:58.920', -833397025, '2009-03-04 00:00:00.000', -1062171654, -26173174541.94, -11697731400.63, -1448159059, N'90D699HF0RT', N'4SQ49AL', 1)
INSERT dbo.Project(Oid, Name, Address, Client, Manager, Foreman, OptimisticLockField, GCRecord, Balance, BalanceByMaterial, BalanceByWork, PlaningStartDate, Status, FinishDate, Area, WorkPriceRate, WorkersPriceRate, RemainderTheAdvance, PlanfixWorkTask, PlanfixChangeRequestTask, UseAnalytics) VALUES ('436978f8-4c20-1760-21be-eaf7cc272319', N'Lewis543', N'1866 Ironwood Way, Enquirer Bldg, Trenton, New Jersey, 28047', '5f00c41b-39dc-51ee-0802-eefebbd653b8', '66b0e9ee-53c2-4a98-432b-e89ea5388e0b', '284445b2-65be-4f66-422b-e89ea5388e0b', -2030953029, -486307348, 42, 25, 65, '1976-02-18 00:34:29.090', -3102, '2017-03-24 00:00:00.000', 16, -37908471010.9, 98548812442.76, 105, N'AIO1482C', N'2Z0L', 1)
INSERT dbo.Project(Oid, Name, Address, Client, Manager, Foreman, OptimisticLockField, GCRecord, Balance, BalanceByMaterial, BalanceByWork, PlaningStartDate, Status, FinishDate, Area, WorkPriceRate, WorkersPriceRate, RemainderTheAdvance, PlanfixWorkTask, PlanfixChangeRequestTask, UseAnalytics) VALUES ('1752b8ca-19e4-4cd1-757d-18b43b6e1561', N'Nowlin1968', N'260 Riverside Drive, Providence, RI, 26254', '4abdf3c0-7507-7423-304d-4c0f86f26090', '6c4c1f9b-1644-2620-5976-66508ad02725', '669afd3f-720a-6e34-1902-ce5da15ac776', 4209, -1473206558, 30, 50, 62, '2003-04-02 22:59:56.220', -91576742, '2009-11-08 00:00:00.000', -87, 4209.97, 18799234543.07, -918723639, N'UYA3C154M3', N'0HB19Y5PNZ11YW0K7', 1)
INSERT dbo.Project(Oid, Name, Address, Client, Manager, Foreman, OptimisticLockField, GCRecord, Balance, BalanceByMaterial, BalanceByWork, PlaningStartDate, Status, FinishDate, Area, WorkPriceRate, WorkersPriceRate, RemainderTheAdvance, PlanfixWorkTask, PlanfixChangeRequestTask, UseAnalytics) VALUES ('47cb37df-759e-6071-3a09-69a9b1bfbc32', N'Barkley797', N'42 Social Rd, Standard Building, Albany, New York, 54385', '6c4c1f9b-1644-2620-5976-66508ad02725', '228bfc03-38db-4741-f096-94965a4eaa62', '499200b3-46a5-60a7-f196-94965a4eaa62', -1578238276, -1990456687, 47, 69, 74, '2012-03-27 17:20:53.690', -933275614, '2014-08-01 00:00:00.000', 1240, -97908541550.8, 52004554034, -1079628273, N'4X', N'027ZC4P4026MB1HBLH2H7XC18CPDZ712CPE259Y7NAKN8VQ7EFPKM1R40OD89NRY05MP25', 1)
INSERT dbo.Project(Oid, Name, Address, Client, Manager, Foreman, OptimisticLockField, GCRecord, Balance, BalanceByMaterial, BalanceByWork, PlaningStartDate, Status, FinishDate, Area, WorkPriceRate, WorkersPriceRate, RemainderTheAdvance, PlanfixWorkTask, PlanfixChangeRequestTask, UseAnalytics) VALUES ('1ee39b95-6a6d-4cdf-5d32-9a0257d67b47', N'Foster1958', N'3262 Edgewood Lane, Montgomery, AL, 36482', '5aa02579-73ed-23cd-314d-4c0f86f26090', '751604f5-1e51-6d47-3f2b-e89ea5388e0b', '7e919581-5fd4-1caf-5776-66508ad02725', -708, -670109476, 42, 23, 59, '2007-08-06 08:34:16.960', -1577270857, '2018-01-06 00:00:00.000', -940273079, -708.49, -63805982127.58, 51, N'D9550KY9ZO5714P0ABJ6', N'L5V311WIA8X8Y5A09573COB19715C21LT88', 0)
INSERT dbo.Project(Oid, Name, Address, Client, Manager, Foreman, OptimisticLockField, GCRecord, Balance, BalanceByMaterial, BalanceByWork, PlaningStartDate, Status, FinishDate, Area, WorkPriceRate, WorkersPriceRate, RemainderTheAdvance, PlanfixWorkTask, PlanfixChangeRequestTask, UseAnalytics) VALUES ('3f74a4eb-2217-1549-0748-b983316b8374', N'Laverne353', N'1049 NE Chapel Hill Road, Olympia, Washington, 36243', '36460dcf-323b-1391-8ec9-bcec0cd444f8', '336d8f99-255d-646e-f0b6-6f4dd73eba9e', '481c748b-2a85-2a28-efb6-6f4dd73eba9e', -710298885, -1902710108, 90, 25, 32, '1984-01-04 18:40:14.670', -767361276, '2013-04-08 00:00:00.000', -1468739851, -20902655589.95, 41896205964.91, -9, N'K79D57J69XD8D9Q4W8', N'OH88T85QK7PO74160OBTID1X84DG96X5SH7RDVML4', 1)
INSERT dbo.Project(Oid, Name, Address, Client, Manager, Foreman, OptimisticLockField, GCRecord, Balance, BalanceByMaterial, BalanceByWork, PlaningStartDate, Status, FinishDate, Area, WorkPriceRate, WorkersPriceRate, RemainderTheAdvance, PlanfixWorkTask, PlanfixChangeRequestTask, UseAnalytics) VALUES ('27d08697-48a5-60ae-3014-9ad3d3072fe3', N'Andrea989', N'2285 SW Meadowview Ln, Macy''s Building, Salt Lake City, Utah, 38926', '43624c49-472d-4810-f296-94965a4eaa62', '5aa02579-73ed-23cd-314d-4c0f86f26090', '49bdab11-1115-7150-d84b-16e575b61049', -616330979, -202792791, 59, 34, 22, '2017-09-17 12:48:18.930', -1646873555, '2009-01-11 00:00:00.000', -14, -2393135830.86, 32671972297.05, -1154168067, N'CE1EFVG077965', N'5Z17I5H0A', 1)
INSERT dbo.Project(Oid, Name, Address, Client, Manager, Foreman, OptimisticLockField, GCRecord, Balance, BalanceByMaterial, BalanceByWork, PlaningStartDate, Status, FinishDate, Area, WorkPriceRate, WorkersPriceRate, RemainderTheAdvance, PlanfixWorkTask, PlanfixChangeRequestTask, UseAnalytics) VALUES ('1c88c2a4-1aa1-1a3e-465f-1885b89fc8fc', N'Addie62', N'323 Mountain Loop, 257 Towers Building, Hartford, CT, 90426', '2f8a5a0d-54fa-587b-5676-66508ad02725', '1b3166b4-1301-5956-5a76-66508ad02725', '2dc6dc0b-307b-3bde-5c76-66508ad02725', -1433476561, -1657513162, 52, 57, 99, '2014-11-05 02:38:14.090', -659058800, '2018-01-09 00:00:00.000', 175, 62175582020.3, 53219582579.17, -70, N'GSHXS78COS3B086M', N'53B99OODM815CRQ254P539882H', 0)
INSERT dbo.Project(Oid, Name, Address, Client, Manager, Foreman, OptimisticLockField, GCRecord, Balance, BalanceByMaterial, BalanceByWork, PlaningStartDate, Status, FinishDate, Area, WorkPriceRate, WorkersPriceRate, RemainderTheAdvance, PlanfixWorkTask, PlanfixChangeRequestTask, UseAnalytics) VALUES ('42b2fa47-5255-25d8-767d-18b43b6e1561', N'Broderick361', N'2417 W Riverview Lane, Columbia, SC, 47432', '6f0fc907-5bf7-6e28-ef96-94965a4eaa62', '1e3453a2-3ef5-5f70-8dc9-bcec0cd444f8', '5984fdaa-1e0e-68c7-3e2b-e89ea5388e0b', -143147290, -1832436217, 27, 54, 98, '1974-01-11 11:08:30.780', -682, '2011-04-04 00:00:00.000', -529381214, 73443898033.82, -47197519379.68, -1300911931, N'0P', N'4GM84596GXNS4230VPIJ', 1)
INSERT dbo.Project(Oid, Name, Address, Client, Manager, Foreman, OptimisticLockField, GCRecord, Balance, BalanceByMaterial, BalanceByWork, PlaningStartDate, Status, FinishDate, Area, WorkPriceRate, WorkersPriceRate, RemainderTheAdvance, PlanfixWorkTask, PlanfixChangeRequestTask, UseAnalytics) VALUES ('202ae9eb-75ea-4f00-3114-9ad3d3072fe3', N'Albert2005', N'3325 Red Flintwood Ct, Jefferson City, MO, 93893', '4abdf3c0-7507-7423-304d-4c0f86f26090', '4f7021f5-7800-11be-0a02-eefebbd653b8', '397bc919-4888-5ab2-402b-e89ea5388e0b', -1721783868, -618632194, 35, 64, 62, '2015-07-27 07:28:55.740', -1085285290, '2012-04-28 00:00:00.000', -444, -73476726896.31, -94943800889.2, -58, N'G9R79', N'CTBO1717SLY2', 1)
INSERT dbo.Project(Oid, Name, Address, Client, Manager, Foreman, OptimisticLockField, GCRecord, Balance, BalanceByMaterial, BalanceByWork, PlaningStartDate, Status, FinishDate, Area, WorkPriceRate, WorkersPriceRate, RemainderTheAdvance, PlanfixWorkTask, PlanfixChangeRequestTask, UseAnalytics) VALUES ('39e40431-57bb-7682-b633-62dd4e858bad', N'Debbie1989', N'780 SW Rock Hill Blvd, MidAmerican Building, Jefferson City, MO, 78278', '244bd1b5-7428-4b87-0702-eefebbd653b8', '699acaa2-66da-563a-1702-ce5da15ac776', '5f0a8444-3de1-3f02-eeb6-6f4dd73eba9e', -1277290054, -2001967586, 94, 25, 13, '1991-04-24 11:05:32.560', 672, '2011-06-18 00:00:00.000', -1803288673, 78427503752.77, -3657956714.93, -580553231, N'H1408V3Y935060UG51809LIFRIT5KV0M23KNIBWUI32125H57YS8', N'BAXBA0654RA43T3PEH935', 1)
INSERT dbo.Project(Oid, Name, Address, Client, Manager, Foreman, OptimisticLockField, GCRecord, Balance, BalanceByMaterial, BalanceByWork, PlaningStartDate, Status, FinishDate, Area, WorkPriceRate, WorkersPriceRate, RemainderTheAdvance, PlanfixWorkTask, PlanfixChangeRequestTask, UseAnalytics) VALUES ('7dbc0370-219d-568a-cf7e-e08e331d25c7', N'Jacques876', N'3705 Old Fox Hill Court, Olympia, WA, 93459', '43624c49-472d-4810-f296-94965a4eaa62', '244bd1b5-7428-4b87-0702-eefebbd653b8', '5e306560-6b07-2cdf-5b76-66508ad02725', -1335645343, -2090886010, 28, 50, 25, '2004-04-02 07:30:47.940', 33, '2009-02-12 00:00:00.000', -752136693, -3556971497.2, 66760216064.45, -1096970874, N'33AUG1BE951', N'Y0', 1)
INSERT dbo.Project(Oid, Name, Address, Client, Manager, Foreman, OptimisticLockField, GCRecord, Balance, BalanceByMaterial, BalanceByWork, PlaningStartDate, Status, FinishDate, Area, WorkPriceRate, WorkersPriceRate, RemainderTheAdvance, PlanfixWorkTask, PlanfixChangeRequestTask, UseAnalytics) VALUES ('2c192596-1720-528a-22be-eaf7cc272319', N'Jon996', N'2652 Mountain Street, Honolulu, Hawaii, 22654', '51d8cc33-7be1-161f-f396-94965a4eaa62', '7959e1dd-2e0b-4306-7a7e-3e3b283cabde', '228bfc03-38db-4741-f096-94965a4eaa62', -567437996, -1801925090, 3, 92, 94, '1975-07-13 12:16:48.890', -1752721928, '2016-10-21 00:00:00.000', -1078400957, 80037782818.24, 12014580455.67, -2103930497, N'Z4', N'N8FYI190Z7321309G7LADY2D317AE5B7O5MG213I86O61U0', 1)
INSERT dbo.Project(Oid, Name, Address, Client, Manager, Foreman, OptimisticLockField, GCRecord, Balance, BalanceByMaterial, BalanceByWork, PlaningStartDate, Status, FinishDate, Area, WorkPriceRate, WorkersPriceRate, RemainderTheAdvance, PlanfixWorkTask, PlanfixChangeRequestTask, UseAnalytics) VALUES ('1d11b286-78df-2715-475f-1885b89fc8fc', N'Kozlowski2024', N'975 East Front Ct, Des Moines, IA, 63493', '6f0fc907-5bf7-6e28-ef96-94965a4eaa62', '66a18612-296a-25b0-d94b-16e575b61049', '36460dcf-323b-1391-8ec9-bcec0cd444f8', -71, -4, 75, 24, 31, '2006-01-20 12:46:22.760', -1557842413, '2012-08-27 00:00:00.000', -581, -71.43, -4.8, -5170773, N'70L8PHG1', N'FOOFGJ0O9G2AFUR6D', 0)
INSERT dbo.Project(Oid, Name, Address, Client, Manager, Foreman, OptimisticLockField, GCRecord, Balance, BalanceByMaterial, BalanceByWork, PlaningStartDate, Status, FinishDate, Area, WorkPriceRate, WorkersPriceRate, RemainderTheAdvance, PlanfixWorkTask, PlanfixChangeRequestTask, UseAnalytics) VALUES ('6b9b7137-3dd3-7b12-b733-62dd4e858bad', N'Ayala471', N'3928 Front Blvd, Appartment 10, Topeka, Kansas, 59925', '4abdf3c0-7507-7423-304d-4c0f86f26090', '5e306560-6b07-2cdf-5b76-66508ad02725', '202cad24-4598-16cf-1a02-ce5da15ac776', -1042030759, -1731644245, 24, 36, 32, '1974-01-26 00:41:55.980', -330960972, '2019-10-01 00:00:00.000', -962, -99659567905.2, -10521460413.95, -1568079284, N'S5QXRX5QG19KY3Z', N'493A360', 0)
INSERT dbo.Project(Oid, Name, Address, Client, Manager, Foreman, OptimisticLockField, GCRecord, Balance, BalanceByMaterial, BalanceByWork, PlaningStartDate, Status, FinishDate, Area, WorkPriceRate, WorkersPriceRate, RemainderTheAdvance, PlanfixWorkTask, PlanfixChangeRequestTask, UseAnalytics) VALUES ('3778fd78-672b-358c-5e32-9a0257d67b47', N'Charlie843', N'769 NW Brentwood Dr, Albany, NY, 95600', '36a4260a-7f6c-2ec6-f2b6-6f4dd73eba9e', '36ce1756-1d21-7373-f1b6-6f4dd73eba9e', '14735d5d-67ff-5dad-412b-e89ea5388e0b', -9438, -1803029224, 8, 27, 28, '1990-08-09 02:55:01.100', 9435, '2009-04-09 00:00:00.000', -129917365, -9438.87, -10516535334.34, -438280475, N'1L5V', N'1P937IFV0228M3Y09950FN1HK3KM2', 1)
INSERT dbo.Project(Oid, Name, Address, Client, Manager, Foreman, OptimisticLockField, GCRecord, Balance, BalanceByMaterial, BalanceByWork, PlaningStartDate, Status, FinishDate, Area, WorkPriceRate, WorkersPriceRate, RemainderTheAdvance, PlanfixWorkTask, PlanfixChangeRequestTask, UseAnalytics) VALUES ('582165db-7775-1bec-2093-373516031d8e', N'Boss2018', N'2993 NW Woodside Hwy, 257 Towers Bldg, Columbia, SC, 90839', '244bd1b5-7428-4b87-0702-eefebbd653b8', '5ebb6116-1627-3f70-0602-eefebbd653b8', '36460dcf-323b-1391-8ec9-bcec0cd444f8', -2016898460, -1889033855, 7, 31, 46, '2017-02-27 15:07:19.220', -3, '2013-05-02 00:00:00.000', -1920931898, 83621576756.14, -84700894415.48, -2099996075, N'Z32Y026O', N'V2M646I14II3SN0OOCSVOAX5', 1)
INSERT dbo.Project(Oid, Name, Address, Client, Manager, Foreman, OptimisticLockField, GCRecord, Balance, BalanceByMaterial, BalanceByWork, PlaningStartDate, Status, FinishDate, Area, WorkPriceRate, WorkersPriceRate, RemainderTheAdvance, PlanfixWorkTask, PlanfixChangeRequestTask, UseAnalytics) VALUES ('438f32b0-4d8e-4d3b-777d-18b43b6e1561', N'Cherlyn1999', N'500 SE Riddle Hill Ave, Bartlett Building, Olympia, WA, 05772', '5f0a8444-3de1-3f02-eeb6-6f4dd73eba9e', '14735d5d-67ff-5dad-412b-e89ea5388e0b', '24fee4c1-709c-79d6-1802-ce5da15ac776', -1254014531, -964190752, 2, 10, 51, '1988-03-25 20:31:32.390', -1910706148, '2018-03-04 00:00:00.000', -4573, 39899846855.18, -77701540316.52, 804, N'GD', N'BF00', 0)
INSERT dbo.Project(Oid, Name, Address, Client, Manager, Foreman, OptimisticLockField, GCRecord, Balance, BalanceByMaterial, BalanceByWork, PlaningStartDate, Status, FinishDate, Area, WorkPriceRate, WorkersPriceRate, RemainderTheAdvance, PlanfixWorkTask, PlanfixChangeRequestTask, UseAnalytics) VALUES ('78a4e9cd-56c6-20b7-3b09-69a9b1bfbc32', N'Crittenden22', N'3838 Flintwood Street, Judge Bldg, Dover, DE, 55829', '26c1e1f8-3a26-53fe-5876-66508ad02725', '69619ef2-1249-20fa-797e-3e3b283cabde', '6f0fc907-5bf7-6e28-ef96-94965a4eaa62', -152321114, -1097364585, 8, 8, 24, '1996-07-18 04:17:51.350', -1723304573, '2019-06-06 00:00:00.000', -1238628709, 26890227637.79, 94138048231.87, -575382459, N'X58XP1M9E4X3D7S31471RFYCC6H55CY3HNCLTVK79A', N'1LR2DE00OH78Z29', 0)
INSERT dbo.Project(Oid, Name, Address, Client, Manager, Foreman, OptimisticLockField, GCRecord, Balance, BalanceByMaterial, BalanceByWork, PlaningStartDate, Status, FinishDate, Area, WorkPriceRate, WorkersPriceRate, RemainderTheAdvance, PlanfixWorkTask, PlanfixChangeRequestTask, UseAnalytics) VALUES ('167940ec-16a3-126a-d07e-e08e331d25c7', N'Reita1975', N'2842 Stonewood Ct, Penobscot Bldg, Bismarck, North Dakota, 65981', '69619ef2-1249-20fa-797e-3e3b283cabde', '3a6dba26-6960-6953-d74b-16e575b61049', '481c748b-2a85-2a28-efb6-6f4dd73eba9e', 8, -623, 54, 87, 84, '2010-07-24 02:04:52.690', -1877968246, '2009-03-01 00:00:00.000', -178289369, 8.83, -623.15, -1676375238, N'EU7JS', N'ZXOR31M4VQ7WR7C28C12', 0)
INSERT dbo.Project(Oid, Name, Address, Client, Manager, Foreman, OptimisticLockField, GCRecord, Balance, BalanceByMaterial, BalanceByWork, PlaningStartDate, Status, FinishDate, Area, WorkPriceRate, WorkersPriceRate, RemainderTheAdvance, PlanfixWorkTask, PlanfixChangeRequestTask, UseAnalytics) VALUES ('170880fb-26de-46be-23be-eaf7cc272319', N'Isidra27', N'3527 Beachwood Ct, Keith Building, Raleigh, NC, 46725', '6f0fc907-5bf7-6e28-ef96-94965a4eaa62', '4abdf3c0-7507-7423-304d-4c0f86f26090', '228bfc03-38db-4741-f096-94965a4eaa62', -71, -1504534386, 48, 11, 37, '1977-05-04 22:34:58.030', -1057751127, '2010-02-26 00:00:00.000', -1351721406, -71.57, 55353737028.28, 53, N'89I76T0C5NKMLU9181AAZ308V4FM5O432', N'RRPZKCI3VFW', 1)
INSERT dbo.Project(Oid, Name, Address, Client, Manager, Foreman, OptimisticLockField, GCRecord, Balance, BalanceByMaterial, BalanceByWork, PlaningStartDate, Status, FinishDate, Area, WorkPriceRate, WorkersPriceRate, RemainderTheAdvance, PlanfixWorkTask, PlanfixChangeRequestTask, UseAnalytics) VALUES ('68510dbd-7f5a-2514-5f32-9a0257d67b47', N'Hershel91', N'3030 White Waterview Parkway, Hartford, CT, 01573', '43624c49-472d-4810-f296-94965a4eaa62', '51d8cc33-7be1-161f-f396-94965a4eaa62', '2dc6dc0b-307b-3bde-5c76-66508ad02725', -452053907, -328723685, 75, 2, 78, '1998-07-11 21:42:32.150', -9, '2018-01-17 00:00:00.000', -689378148, 32357743608.71, -62195130193.06, 9, N'4', N'1ADR59Q2', 0)
INSERT dbo.Project(Oid, Name, Address, Client, Manager, Foreman, OptimisticLockField, GCRecord, Balance, BalanceByMaterial, BalanceByWork, PlaningStartDate, Status, FinishDate, Area, WorkPriceRate, WorkersPriceRate, RemainderTheAdvance, PlanfixWorkTask, PlanfixChangeRequestTask, UseAnalytics) VALUES ('1bda45a4-5e6a-27d2-3214-9ad3d3072fe3', N'Abby2022', N'2936 Hidden Social Ln, Raleigh, NC, 84461', '24fee4c1-709c-79d6-1802-ce5da15ac776', '36ce1756-1d21-7373-f1b6-6f4dd73eba9e', '66b0e9ee-53c2-4a98-432b-e89ea5388e0b', 0, -37, 27, 5, 78, '2006-05-26 09:17:34.360', -3, '2009-01-03 00:00:00.000', -330340475, 0.81, -37.68, -240867754, N'D7', N'D4', 1)
INSERT dbo.Project(Oid, Name, Address, Client, Manager, Foreman, OptimisticLockField, GCRecord, Balance, BalanceByMaterial, BalanceByWork, PlaningStartDate, Status, FinishDate, Area, WorkPriceRate, WorkersPriceRate, RemainderTheAdvance, PlanfixWorkTask, PlanfixChangeRequestTask, UseAnalytics) VALUES ('57670afb-1567-17fd-787d-18b43b6e1561', N'Torie2023', N'518 Ashwood Pkwy, Standard Building, Albany, NY, 31781', '669afd3f-720a-6e34-1902-ce5da15ac776', '5aa02579-73ed-23cd-314d-4c0f86f26090', '1259a17c-69e8-7a1c-da4b-16e575b61049', -832494209, -1966550668, 41, 45, 11, '1979-01-27 01:49:12.550', -810110848, '2019-01-07 00:00:00.000', -346488775, -21802699940.87, 83926982464.59, -1898936079, N'9T7PF1', N'U89012A2IAO5W451YY8S2ND1M9D21G31TD6J1F4IXAY4271460Z1F33538EKO58U9M8895VCP903R8UMCZTQI06W2E20XHS', 0)
INSERT dbo.Project(Oid, Name, Address, Client, Manager, Foreman, OptimisticLockField, GCRecord, Balance, BalanceByMaterial, BalanceByWork, PlaningStartDate, Status, FinishDate, Area, WorkPriceRate, WorkersPriceRate, RemainderTheAdvance, PlanfixWorkTask, PlanfixChangeRequestTask, UseAnalytics) VALUES ('31bc6e74-7ec1-593a-6032-9a0257d67b47', N'Coretta2011', N'768 Red Lake Ave, Comcast Building, Charleston, West Virginia, 20485', '751604f5-1e51-6d47-3f2b-e89ea5388e0b', '284445b2-65be-4f66-422b-e89ea5388e0b', '5e306560-6b07-2cdf-5b76-66508ad02725', 41, -2007347795, 84, 72, 57, '2010-09-21 10:12:12.360', -6316, '2009-05-19 00:00:00.000', -538897206, 41.94, 12072964412.74, -1476562283, N'35AN2X46HWG142QT420472OIU9CQR2HOT52Q1B76RIZ7', N'D24', 1)
INSERT dbo.Project(Oid, Name, Address, Client, Manager, Foreman, OptimisticLockField, GCRecord, Balance, BalanceByMaterial, BalanceByWork, PlaningStartDate, Status, FinishDate, Area, WorkPriceRate, WorkersPriceRate, RemainderTheAdvance, PlanfixWorkTask, PlanfixChangeRequestTask, UseAnalytics) VALUES ('17907d4e-7c0c-5df6-b833-62dd4e858bad', N'Carey1985', N'348 E Ski Hill Road, Buhl Bldg, Madison, Wisconsin, 08659', '228bfc03-38db-4741-f096-94965a4eaa62', '36a4260a-7f6c-2ec6-f2b6-6f4dd73eba9e', '202cad24-4598-16cf-1a02-ce5da15ac776', 5620, -1446550821, 27, 9, 61, '1982-02-20 05:30:58.240', -4, '2009-06-03 00:00:00.000', -792563703, 5620.56, -11963127704.94, -1779862421, N'W2N20CMX36BE64K61Z7DME9395Q02OB6KE', N'U66G776U84R6JQ7EB14S60Q9', 0)
INSERT dbo.Project(Oid, Name, Address, Client, Manager, Foreman, OptimisticLockField, GCRecord, Balance, BalanceByMaterial, BalanceByWork, PlaningStartDate, Status, FinishDate, Area, WorkPriceRate, WorkersPriceRate, RemainderTheAdvance, PlanfixWorkTask, PlanfixChangeRequestTask, UseAnalytics) VALUES ('5f4ef1d4-6cef-1cfb-0848-b983316b8374', N'Tegan1993', N'501 NE Rock Hill Avenue, Montgomery, Alabama, 42156', '2f8a5a0d-54fa-587b-5676-66508ad02725', '58fc185f-1925-3117-334d-4c0f86f26090', '228bfc03-38db-4741-f096-94965a4eaa62', -595678845, -1318982523, 40, 10, 81, '1988-12-29 23:01:13.000', -183464709, '2014-01-25 00:00:00.000', -510, -14178167770.3, 10665599132.01, -746898554, N'P8H9FDQ6AAWW3S6L9FAGMBF6V260', N'HV942P23', 0)
INSERT dbo.Project(Oid, Name, Address, Client, Manager, Foreman, OptimisticLockField, GCRecord, Balance, BalanceByMaterial, BalanceByWork, PlaningStartDate, Status, FinishDate, Area, WorkPriceRate, WorkersPriceRate, RemainderTheAdvance, PlanfixWorkTask, PlanfixChangeRequestTask, UseAnalytics) VALUES ('169b892d-4fb7-2a17-2193-373516031d8e', N'Winfred328', N'1811 Hunting Hill Circle, Austin, Texas, 58343', '1a361dba-2edd-6ebd-324d-4c0f86f26090', '58fc185f-1925-3117-334d-4c0f86f26090', '43624c49-472d-4810-f296-94965a4eaa62', -9566, 378, 36, 44, 6, '1983-05-11 12:39:46.560', 8301, '2009-01-04 00:00:00.000', -1995432542, -9566.8, 378.57, -3114, N'E9981H2Z', N'5308H05911994U6OL5ZN18439UPQ9ZOXHX4Q8BQ8D', 1)
INSERT dbo.Project(Oid, Name, Address, Client, Manager, Foreman, OptimisticLockField, GCRecord, Balance, BalanceByMaterial, BalanceByWork, PlaningStartDate, Status, FinishDate, Area, WorkPriceRate, WorkersPriceRate, RemainderTheAdvance, PlanfixWorkTask, PlanfixChangeRequestTask, UseAnalytics) VALUES ('6c4ebe20-31c5-1ec9-0948-b983316b8374', N'Lamont1963', N'98 Burwood Loop, Little Rock, Arkansas, 54241', '36460dcf-323b-1391-8ec9-bcec0cd444f8', '37e456ed-14a3-6717-f3b6-6f4dd73eba9e', '5e306560-6b07-2cdf-5b76-66508ad02725', -749449243, -1011013647, 9, 44, 36, '2003-10-23 14:08:46.340', -657144375, '2014-02-18 00:00:00.000', -1005232632, 12506927703.76, 98805814080.49, -1192974425, N'HNC', N'V', 1)
INSERT dbo.Project(Oid, Name, Address, Client, Manager, Foreman, OptimisticLockField, GCRecord, Balance, BalanceByMaterial, BalanceByWork, PlaningStartDate, Status, FinishDate, Area, WorkPriceRate, WorkersPriceRate, RemainderTheAdvance, PlanfixWorkTask, PlanfixChangeRequestTask, UseAnalytics) VALUES ('3813ed54-50cb-5d88-485f-1885b89fc8fc', N'Abby1991', N'766 Pine Tree Cir, Little Rock, Arkansas, 71706', '5984fdaa-1e0e-68c7-3e2b-e89ea5388e0b', '66a18612-296a-25b0-d94b-16e575b61049', '4abdf3c0-7507-7423-304d-4c0f86f26090', -983397227, 477, 39, 48, 35, '1971-07-15 08:05:25.460', -4, '2009-01-25 00:00:00.000', -150480943, 89723826484.19, 477.84, -790753165, N'441SR08', N'H76', 1)
INSERT dbo.Project(Oid, Name, Address, Client, Manager, Foreman, OptimisticLockField, GCRecord, Balance, BalanceByMaterial, BalanceByWork, PlaningStartDate, Status, FinishDate, Area, WorkPriceRate, WorkersPriceRate, RemainderTheAdvance, PlanfixWorkTask, PlanfixChangeRequestTask, UseAnalytics) VALUES ('1faf0e4a-4d03-3578-3314-9ad3d3072fe3', N'Brandenburg2008', N'424 S Bayview Blvd, MidAmerican Bldg, Helena, MT, 53914', '69619ef2-1249-20fa-797e-3e3b283cabde', '43624c49-472d-4810-f296-94965a4eaa62', '26c1e1f8-3a26-53fe-5876-66508ad02725', -710679814, -817563888, 43, 58, 18, '1978-12-08 22:43:05.860', 723, '2018-06-11 00:00:00.000', 24, 29369541225.58, 66392594709.09, -608488981, N'RZCWUDY2F', N'0V091U382878FNH5L2E7U6AF7NF6LP6W871B06', 0)
INSERT dbo.Project(Oid, Name, Address, Client, Manager, Foreman, OptimisticLockField, GCRecord, Balance, BalanceByMaterial, BalanceByWork, PlaningStartDate, Status, FinishDate, Area, WorkPriceRate, WorkersPriceRate, RemainderTheAdvance, PlanfixWorkTask, PlanfixChangeRequestTask, UseAnalytics) VALUES ('5346a8b8-32e1-6513-797d-18b43b6e1561', N'Abdul1951', N'3962 Hope Way, Kearns Building, Trenton, NJ, 61150', '61e25755-3de1-1adf-8fc9-bcec0cd444f8', '61e25755-3de1-1adf-8fc9-bcec0cd444f8', '7a311573-456f-56e3-0902-eefebbd653b8', -64725403, -6984, 98, 44, 3, '2008-11-20 02:40:43.000', -420527450, '2009-01-09 00:00:00.000', -1156725519, 99102121941.24, -6984.07, -1152037526, N'028H', N'9V2', 1)
INSERT dbo.Project(Oid, Name, Address, Client, Manager, Foreman, OptimisticLockField, GCRecord, Balance, BalanceByMaterial, BalanceByWork, PlaningStartDate, Status, FinishDate, Area, WorkPriceRate, WorkersPriceRate, RemainderTheAdvance, PlanfixWorkTask, PlanfixChangeRequestTask, UseAnalytics) VALUES ('6b4b77f4-7e44-245e-2293-373516031d8e', N'Flora931', N'230 NE Waterview Circle, First Security Bldg, Frankfort, Kentucky, 52106', '5984fdaa-1e0e-68c7-3e2b-e89ea5388e0b', '1a361dba-2edd-6ebd-324d-4c0f86f26090', '2dc6dc0b-307b-3bde-5c76-66508ad02725', -421783679, -247460943, 70, 87, 87, '1988-11-19 21:44:29.480', -1594736370, '2018-01-11 00:00:00.000', -6, 48898847428.39, -36337902425.82, -1276703644, N'VPX52G67', N'KKP5PPJ2V8KX75448PN3AH1V800IT', 0)
GO

--
-- Inserting data into table dbo.Bank
--
INSERT dbo.Bank(Oid, AccountType) VALUES ('202cad24-4598-16cf-1a02-ce5da15ac776', 'c14044c4-0d50-4bce-af32-0639f7738026')
INSERT dbo.Bank(Oid, AccountType) VALUES ('66b0e9ee-53c2-4a98-432b-e89ea5388e0b', 'c14044c4-0d50-4bce-af32-0639f7738026')
INSERT dbo.Bank(Oid, AccountType) VALUES ('2dc6dc0b-307b-3bde-5c76-66508ad02725', 'a126415b-734d-4d05-bf68-f888d680c5ba')
INSERT dbo.Bank(Oid, AccountType) VALUES ('1259a17c-69e8-7a1c-da4b-16e575b61049', 'f35c264e-9c7f-449b-ba68-f4e71f71e97e')
INSERT dbo.Bank(Oid, AccountType) VALUES ('5aa02579-73ed-23cd-314d-4c0f86f26090', '2126ef07-0276-4440-b71c-c353516a0946')
INSERT dbo.Bank(Oid, AccountType) VALUES ('7a311573-456f-56e3-0902-eefebbd653b8', '2126ef07-0276-4440-b71c-c353516a0946')
INSERT dbo.Bank(Oid, AccountType) VALUES ('3f22df3a-3b15-3b5a-787e-3e3b283cabde', 'a126415b-734d-4d05-bf68-f888d680c5ba')
INSERT dbo.Bank(Oid, AccountType) VALUES ('4f7021f5-7800-11be-0a02-eefebbd653b8', 'f35c264e-9c7f-449b-ba68-f4e71f71e97e')
INSERT dbo.Bank(Oid, AccountType) VALUES ('1a361dba-2edd-6ebd-324d-4c0f86f26090', 'f35c264e-9c7f-449b-ba68-f4e71f71e97e')
INSERT dbo.Bank(Oid, AccountType) VALUES ('7959e1dd-2e0b-4306-7a7e-3e3b283cabde', 'a126415b-734d-4d05-bf68-f888d680c5ba')
INSERT dbo.Bank(Oid, AccountType) VALUES ('1257615f-5ea8-6cd9-0b02-eefebbd653b8', '2126ef07-0276-4440-b71c-c353516a0946')
INSERT dbo.Bank(Oid, AccountType) VALUES ('7e919581-5fd4-1caf-5776-66508ad02725', 'a126415b-734d-4d05-bf68-f888d680c5ba')
INSERT dbo.Bank(Oid, AccountType) VALUES ('58fc185f-1925-3117-334d-4c0f86f26090', 'f35c264e-9c7f-449b-ba68-f4e71f71e97e')
INSERT dbo.Bank(Oid, AccountType) VALUES ('699acaa2-66da-563a-1702-ce5da15ac776', 'a126415b-734d-4d05-bf68-f888d680c5ba')
INSERT dbo.Bank(Oid, AccountType) VALUES ('37e456ed-14a3-6717-f3b6-6f4dd73eba9e', 'c14044c4-0d50-4bce-af32-0639f7738026')
INSERT dbo.Bank(Oid, AccountType) VALUES ('51d8cc33-7be1-161f-f396-94965a4eaa62', 'a126415b-734d-4d05-bf68-f888d680c5ba')
INSERT dbo.Bank(Oid, AccountType) VALUES ('24fee4c1-709c-79d6-1802-ce5da15ac776', 'a126415b-734d-4d05-bf68-f888d680c5ba')
INSERT dbo.Bank(Oid, AccountType) VALUES ('14735d5d-67ff-5dad-412b-e89ea5388e0b', 'f35c264e-9c7f-449b-ba68-f4e71f71e97e')
INSERT dbo.Bank(Oid, AccountType) VALUES ('5ebb6116-1627-3f70-0602-eefebbd653b8', 'c14044c4-0d50-4bce-af32-0639f7738026')
INSERT dbo.Bank(Oid, AccountType) VALUES ('43624c49-472d-4810-f296-94965a4eaa62', 'c14044c4-0d50-4bce-af32-0639f7738026')
INSERT dbo.Bank(Oid, AccountType) VALUES ('36a4260a-7f6c-2ec6-f2b6-6f4dd73eba9e', 'f35c264e-9c7f-449b-ba68-f4e71f71e97e')
INSERT dbo.Bank(Oid, AccountType) VALUES ('669afd3f-720a-6e34-1902-ce5da15ac776', 'c14044c4-0d50-4bce-af32-0639f7738026')
INSERT dbo.Bank(Oid, AccountType) VALUES ('2f1172a9-1b5d-6fc4-777e-3e3b283cabde', 'a126415b-734d-4d05-bf68-f888d680c5ba')
INSERT dbo.Bank(Oid, AccountType) VALUES ('244bd1b5-7428-4b87-0702-eefebbd653b8', 'f35c264e-9c7f-449b-ba68-f4e71f71e97e')
INSERT dbo.Bank(Oid, AccountType) VALUES ('228bfc03-38db-4741-f096-94965a4eaa62', '2126ef07-0276-4440-b71c-c353516a0946')
INSERT dbo.Bank(Oid, AccountType) VALUES ('36ce1756-1d21-7373-f1b6-6f4dd73eba9e', '2126ef07-0276-4440-b71c-c353516a0946')
INSERT dbo.Bank(Oid, AccountType) VALUES ('6c4c1f9b-1644-2620-5976-66508ad02725', 'f35c264e-9c7f-449b-ba68-f4e71f71e97e')
INSERT dbo.Bank(Oid, AccountType) VALUES ('3a6dba26-6960-6953-d74b-16e575b61049', '2126ef07-0276-4440-b71c-c353516a0946')
INSERT dbo.Bank(Oid, AccountType) VALUES ('26c1e1f8-3a26-53fe-5876-66508ad02725', 'a126415b-734d-4d05-bf68-f888d680c5ba')
INSERT dbo.Bank(Oid, AccountType) VALUES ('5f00c41b-39dc-51ee-0802-eefebbd653b8', 'f35c264e-9c7f-449b-ba68-f4e71f71e97e')
INSERT dbo.Bank(Oid, AccountType) VALUES ('36460dcf-323b-1391-8ec9-bcec0cd444f8', 'a126415b-734d-4d05-bf68-f888d680c5ba')
INSERT dbo.Bank(Oid, AccountType) VALUES ('2f8a5a0d-54fa-587b-5676-66508ad02725', 'a126415b-734d-4d05-bf68-f888d680c5ba')
INSERT dbo.Bank(Oid, AccountType) VALUES ('284445b2-65be-4f66-422b-e89ea5388e0b', 'c14044c4-0d50-4bce-af32-0639f7738026')
INSERT dbo.Bank(Oid, AccountType) VALUES ('336d8f99-255d-646e-f0b6-6f4dd73eba9e', '2126ef07-0276-4440-b71c-c353516a0946')
INSERT dbo.Bank(Oid, AccountType) VALUES ('1b3166b4-1301-5956-5a76-66508ad02725', '2126ef07-0276-4440-b71c-c353516a0946')
INSERT dbo.Bank(Oid, AccountType) VALUES ('5e306560-6b07-2cdf-5b76-66508ad02725', 'c14044c4-0d50-4bce-af32-0639f7738026')
INSERT dbo.Bank(Oid, AccountType) VALUES ('66a18612-296a-25b0-d94b-16e575b61049', 'f35c264e-9c7f-449b-ba68-f4e71f71e97e')
INSERT dbo.Bank(Oid, AccountType) VALUES ('751604f5-1e51-6d47-3f2b-e89ea5388e0b', '2126ef07-0276-4440-b71c-c353516a0946')
INSERT dbo.Bank(Oid, AccountType) VALUES ('6f0fc907-5bf7-6e28-ef96-94965a4eaa62', '2126ef07-0276-4440-b71c-c353516a0946')
INSERT dbo.Bank(Oid, AccountType) VALUES ('5f0a8444-3de1-3f02-eeb6-6f4dd73eba9e', '2126ef07-0276-4440-b71c-c353516a0946')
INSERT dbo.Bank(Oid, AccountType) VALUES ('69619ef2-1249-20fa-797e-3e3b283cabde', 'a126415b-734d-4d05-bf68-f888d680c5ba')
INSERT dbo.Bank(Oid, AccountType) VALUES ('1a591774-4565-7236-90c9-bcec0cd444f8', 'c14044c4-0d50-4bce-af32-0639f7738026')
INSERT dbo.Bank(Oid, AccountType) VALUES ('5984fdaa-1e0e-68c7-3e2b-e89ea5388e0b', 'f35c264e-9c7f-449b-ba68-f4e71f71e97e')
INSERT dbo.Bank(Oid, AccountType) VALUES ('481c748b-2a85-2a28-efb6-6f4dd73eba9e', 'a126415b-734d-4d05-bf68-f888d680c5ba')
INSERT dbo.Bank(Oid, AccountType) VALUES ('49bdab11-1115-7150-d84b-16e575b61049', '2126ef07-0276-4440-b71c-c353516a0946')
INSERT dbo.Bank(Oid, AccountType) VALUES ('4abdf3c0-7507-7423-304d-4c0f86f26090', 'f35c264e-9c7f-449b-ba68-f4e71f71e97e')
INSERT dbo.Bank(Oid, AccountType) VALUES ('61e25755-3de1-1adf-8fc9-bcec0cd444f8', 'a126415b-734d-4d05-bf68-f888d680c5ba')
INSERT dbo.Bank(Oid, AccountType) VALUES ('1e3453a2-3ef5-5f70-8dc9-bcec0cd444f8', 'a126415b-734d-4d05-bf68-f888d680c5ba')
INSERT dbo.Bank(Oid, AccountType) VALUES ('397bc919-4888-5ab2-402b-e89ea5388e0b', 'a126415b-734d-4d05-bf68-f888d680c5ba')
INSERT dbo.Bank(Oid, AccountType) VALUES ('499200b3-46a5-60a7-f196-94965a4eaa62', 'a126415b-734d-4d05-bf68-f888d680c5ba')
GO

--
-- Inserting data into table dbo.Cashbox
--
INSERT dbo.Cashbox(Oid, AccountType) VALUES ('7a311573-456f-56e3-0902-eefebbd653b8', 'c14044c4-0d50-4bce-af32-0639f7738026')
INSERT dbo.Cashbox(Oid, AccountType) VALUES ('3a6dba26-6960-6953-d74b-16e575b61049', 'a126415b-734d-4d05-bf68-f888d680c5ba')
INSERT dbo.Cashbox(Oid, AccountType) VALUES ('2dc6dc0b-307b-3bde-5c76-66508ad02725', 'c14044c4-0d50-4bce-af32-0639f7738026')
INSERT dbo.Cashbox(Oid, AccountType) VALUES ('3f22df3a-3b15-3b5a-787e-3e3b283cabde', 'c14044c4-0d50-4bce-af32-0639f7738026')
INSERT dbo.Cashbox(Oid, AccountType) VALUES ('2f8a5a0d-54fa-587b-5676-66508ad02725', 'c14044c4-0d50-4bce-af32-0639f7738026')
INSERT dbo.Cashbox(Oid, AccountType) VALUES ('751604f5-1e51-6d47-3f2b-e89ea5388e0b', 'c14044c4-0d50-4bce-af32-0639f7738026')
INSERT dbo.Cashbox(Oid, AccountType) VALUES ('1a361dba-2edd-6ebd-324d-4c0f86f26090', 'a126415b-734d-4d05-bf68-f888d680c5ba')
INSERT dbo.Cashbox(Oid, AccountType) VALUES ('1259a17c-69e8-7a1c-da4b-16e575b61049', 'f35c264e-9c7f-449b-ba68-f4e71f71e97e')
INSERT dbo.Cashbox(Oid, AccountType) VALUES ('51d8cc33-7be1-161f-f396-94965a4eaa62', 'a126415b-734d-4d05-bf68-f888d680c5ba')
INSERT dbo.Cashbox(Oid, AccountType) VALUES ('202cad24-4598-16cf-1a02-ce5da15ac776', 'f35c264e-9c7f-449b-ba68-f4e71f71e97e')
INSERT dbo.Cashbox(Oid, AccountType) VALUES ('1257615f-5ea8-6cd9-0b02-eefebbd653b8', 'a126415b-734d-4d05-bf68-f888d680c5ba')
INSERT dbo.Cashbox(Oid, AccountType) VALUES ('14735d5d-67ff-5dad-412b-e89ea5388e0b', '2126ef07-0276-4440-b71c-c353516a0946')
INSERT dbo.Cashbox(Oid, AccountType) VALUES ('669afd3f-720a-6e34-1902-ce5da15ac776', 'c14044c4-0d50-4bce-af32-0639f7738026')
INSERT dbo.Cashbox(Oid, AccountType) VALUES ('6f0fc907-5bf7-6e28-ef96-94965a4eaa62', 'a126415b-734d-4d05-bf68-f888d680c5ba')
INSERT dbo.Cashbox(Oid, AccountType) VALUES ('244bd1b5-7428-4b87-0702-eefebbd653b8', '2126ef07-0276-4440-b71c-c353516a0946')
INSERT dbo.Cashbox(Oid, AccountType) VALUES ('36ce1756-1d21-7373-f1b6-6f4dd73eba9e', 'c14044c4-0d50-4bce-af32-0639f7738026')
INSERT dbo.Cashbox(Oid, AccountType) VALUES ('5f00c41b-39dc-51ee-0802-eefebbd653b8', 'f35c264e-9c7f-449b-ba68-f4e71f71e97e')
INSERT dbo.Cashbox(Oid, AccountType) VALUES ('284445b2-65be-4f66-422b-e89ea5388e0b', 'a126415b-734d-4d05-bf68-f888d680c5ba')
INSERT dbo.Cashbox(Oid, AccountType) VALUES ('4f7021f5-7800-11be-0a02-eefebbd653b8', 'c14044c4-0d50-4bce-af32-0639f7738026')
INSERT dbo.Cashbox(Oid, AccountType) VALUES ('7959e1dd-2e0b-4306-7a7e-3e3b283cabde', 'a126415b-734d-4d05-bf68-f888d680c5ba')
INSERT dbo.Cashbox(Oid, AccountType) VALUES ('228bfc03-38db-4741-f096-94965a4eaa62', 'a126415b-734d-4d05-bf68-f888d680c5ba')
INSERT dbo.Cashbox(Oid, AccountType) VALUES ('5f0a8444-3de1-3f02-eeb6-6f4dd73eba9e', 'f35c264e-9c7f-449b-ba68-f4e71f71e97e')
INSERT dbo.Cashbox(Oid, AccountType) VALUES ('336d8f99-255d-646e-f0b6-6f4dd73eba9e', '2126ef07-0276-4440-b71c-c353516a0946')
INSERT dbo.Cashbox(Oid, AccountType) VALUES ('5984fdaa-1e0e-68c7-3e2b-e89ea5388e0b', '2126ef07-0276-4440-b71c-c353516a0946')
INSERT dbo.Cashbox(Oid, AccountType) VALUES ('6c4c1f9b-1644-2620-5976-66508ad02725', 'f35c264e-9c7f-449b-ba68-f4e71f71e97e')
INSERT dbo.Cashbox(Oid, AccountType) VALUES ('4abdf3c0-7507-7423-304d-4c0f86f26090', 'f35c264e-9c7f-449b-ba68-f4e71f71e97e')
INSERT dbo.Cashbox(Oid, AccountType) VALUES ('58fc185f-1925-3117-334d-4c0f86f26090', '2126ef07-0276-4440-b71c-c353516a0946')
INSERT dbo.Cashbox(Oid, AccountType) VALUES ('43624c49-472d-4810-f296-94965a4eaa62', 'f35c264e-9c7f-449b-ba68-f4e71f71e97e')
INSERT dbo.Cashbox(Oid, AccountType) VALUES ('1b3166b4-1301-5956-5a76-66508ad02725', '2126ef07-0276-4440-b71c-c353516a0946')
INSERT dbo.Cashbox(Oid, AccountType) VALUES ('37e456ed-14a3-6717-f3b6-6f4dd73eba9e', 'c14044c4-0d50-4bce-af32-0639f7738026')
INSERT dbo.Cashbox(Oid, AccountType) VALUES ('7e919581-5fd4-1caf-5776-66508ad02725', 'f35c264e-9c7f-449b-ba68-f4e71f71e97e')
INSERT dbo.Cashbox(Oid, AccountType) VALUES ('699acaa2-66da-563a-1702-ce5da15ac776', '2126ef07-0276-4440-b71c-c353516a0946')
INSERT dbo.Cashbox(Oid, AccountType) VALUES ('36a4260a-7f6c-2ec6-f2b6-6f4dd73eba9e', 'a126415b-734d-4d05-bf68-f888d680c5ba')
INSERT dbo.Cashbox(Oid, AccountType) VALUES ('26c1e1f8-3a26-53fe-5876-66508ad02725', '2126ef07-0276-4440-b71c-c353516a0946')
INSERT dbo.Cashbox(Oid, AccountType) VALUES ('5ebb6116-1627-3f70-0602-eefebbd653b8', 'a126415b-734d-4d05-bf68-f888d680c5ba')
INSERT dbo.Cashbox(Oid, AccountType) VALUES ('36460dcf-323b-1391-8ec9-bcec0cd444f8', '2126ef07-0276-4440-b71c-c353516a0946')
INSERT dbo.Cashbox(Oid, AccountType) VALUES ('2f1172a9-1b5d-6fc4-777e-3e3b283cabde', '2126ef07-0276-4440-b71c-c353516a0946')
INSERT dbo.Cashbox(Oid, AccountType) VALUES ('5e306560-6b07-2cdf-5b76-66508ad02725', 'f35c264e-9c7f-449b-ba68-f4e71f71e97e')
INSERT dbo.Cashbox(Oid, AccountType) VALUES ('66a18612-296a-25b0-d94b-16e575b61049', 'f35c264e-9c7f-449b-ba68-f4e71f71e97e')
INSERT dbo.Cashbox(Oid, AccountType) VALUES ('5aa02579-73ed-23cd-314d-4c0f86f26090', 'f35c264e-9c7f-449b-ba68-f4e71f71e97e')
INSERT dbo.Cashbox(Oid, AccountType) VALUES ('481c748b-2a85-2a28-efb6-6f4dd73eba9e', '2126ef07-0276-4440-b71c-c353516a0946')
INSERT dbo.Cashbox(Oid, AccountType) VALUES ('49bdab11-1115-7150-d84b-16e575b61049', 'f35c264e-9c7f-449b-ba68-f4e71f71e97e')
INSERT dbo.Cashbox(Oid, AccountType) VALUES ('1e3453a2-3ef5-5f70-8dc9-bcec0cd444f8', 'a126415b-734d-4d05-bf68-f888d680c5ba')
INSERT dbo.Cashbox(Oid, AccountType) VALUES ('69619ef2-1249-20fa-797e-3e3b283cabde', 'c14044c4-0d50-4bce-af32-0639f7738026')
INSERT dbo.Cashbox(Oid, AccountType) VALUES ('1a591774-4565-7236-90c9-bcec0cd444f8', '2126ef07-0276-4440-b71c-c353516a0946')
INSERT dbo.Cashbox(Oid, AccountType) VALUES ('397bc919-4888-5ab2-402b-e89ea5388e0b', '2126ef07-0276-4440-b71c-c353516a0946')
INSERT dbo.Cashbox(Oid, AccountType) VALUES ('61e25755-3de1-1adf-8fc9-bcec0cd444f8', 'f35c264e-9c7f-449b-ba68-f4e71f71e97e')
INSERT dbo.Cashbox(Oid, AccountType) VALUES ('66b0e9ee-53c2-4a98-432b-e89ea5388e0b', 'a126415b-734d-4d05-bf68-f888d680c5ba')
INSERT dbo.Cashbox(Oid, AccountType) VALUES ('499200b3-46a5-60a7-f196-94965a4eaa62', 'a126415b-734d-4d05-bf68-f888d680c5ba')
INSERT dbo.Cashbox(Oid, AccountType) VALUES ('24fee4c1-709c-79d6-1802-ce5da15ac776', '2126ef07-0276-4440-b71c-c353516a0946')
GO

--
-- Inserting data into table dbo.Payment
--
INSERT dbo.Payment(Oid, Amount, Category, Project, Justification, Comment, Date, Payer, Payee, OptimisticLockField, GCRecord, CreateDate, CheckNumber, IsAuthorized, Number) VALUES ('1f60e54f-196f-45f3-5498-ae38c5379e4b', 93, '6caa35ef-d394-4a9f-b08f-e6848b41e96c', '5126a884-72e7-76eb-3909-69a9b1bfbc32', N'F201', N'Pariatur unde totam et rerum. Tempora velit. Omnis iusto. Voluptas rerum!', '1998-07-19 23:59:03.660', '43624c49-472d-4810-f296-94965a4eaa62', '2f8a5a0d-54fa-587b-5676-66508ad02725', -599382977, 17, '2016-02-10 19:08:22.000', N'31862', 0, N'82341')
INSERT dbo.Payment(Oid, Amount, Category, Project, Justification, Comment, Date, Payer, Payee, OptimisticLockField, GCRecord, CreateDate, CheckNumber, IsAuthorized, Number) VALUES ('13a507d0-342d-6292-6de3-2ceaa9cf3765', 22, 'cde5137c-6254-425e-9bc4-e6216658f4d5', '7f9589fa-2b58-5866-1c93-373516031d8e', N'D4OFXJ8QSD0EMX466B2WGM77SAZ5477', N'Qui recusandae. Dolorum sed sint. Quod quis! Et velit. Similique omnis.', '1991-10-06 09:48:32.260', '14735d5d-67ff-5dad-412b-e89ea5388e0b', '26c1e1f8-3a26-53fe-5876-66508ad02725', -1558087107, -1297204480, '2013-11-08 10:03:26.880', N'30090', 0, N'35616')
INSERT dbo.Payment(Oid, Amount, Category, Project, Justification, Comment, Date, Payer, Payee, OptimisticLockField, GCRecord, CreateDate, CheckNumber, IsAuthorized, Number) VALUES ('6e0dc48e-3eac-6143-9b66-a58ab8ff47ca', 93, '052d72eb-46a2-47da-8773-e6737c247f55', '6c4ebe20-31c5-1ec9-0948-b983316b8374', N'1CIY4Y3ND5PODH9FK5NWYAN8KEAG0K75PX114152KL2M5OFENT7S5MMJ4N4Z5Y79X8MU6QASXWCZ73J5127XV', N'Hic corporis sit quia. Omnis ut. Magni mollitia. Debitis enim.', '1985-12-24 11:48:12.980', '1a591774-4565-7236-90c9-bcec0cd444f8', '284445b2-65be-4f66-422b-e89ea5388e0b', -111916084, -396555021, '1990-05-26 03:55:51.020', N'13550', 0, N'99399')
INSERT dbo.Payment(Oid, Amount, Category, Project, Justification, Comment, Date, Payer, Payee, OptimisticLockField, GCRecord, CreateDate, CheckNumber, IsAuthorized, Number) VALUES ('3650c04e-62b1-6908-5598-ae38c5379e4b', 67, '07ea1363-fd9d-4b15-ac3e-c98407443665', '1897a8f1-37fc-5c9c-3809-69a9b1bfbc32', N'4E02K358PKVHXDH723206E91C2848XZ781454V6A', N'Unde sunt et nobis natus.', '2011-12-22 03:37:55.630', '7e919581-5fd4-1caf-5776-66508ad02725', '1259a17c-69e8-7a1c-da4b-16e575b61049', -89948970, -601, '1980-11-27 16:55:14.050', N'80185', 0, N'82060')
INSERT dbo.Payment(Oid, Amount, Category, Project, Justification, Comment, Date, Payer, Payee, OptimisticLockField, GCRecord, CreateDate, CheckNumber, IsAuthorized, Number) VALUES ('6827e1c0-5b98-6d19-831b-27d9d367aeb0', 81, 'bc5546da-69fa-4590-8023-e49a9150dff3', '167940ec-16a3-126a-d07e-e08e331d25c7', N'B2S13E19PHY530U4UFL7W83O7R8SN0C6EGCRF63GS65AD5960QCUW4WEQ3SJS', N'Reprehenderit illum enim quasi possimus...', '1983-12-20 04:37:10.260', '2f1172a9-1b5d-6fc4-777e-3e3b283cabde', '61e25755-3de1-1adf-8fc9-bcec0cd444f8', -1463700094, 35, '2006-07-27 06:24:36.390', N'70235', 0, N'95270')
INSERT dbo.Payment(Oid, Amount, Category, Project, Justification, Comment, Date, Payer, Payee, OptimisticLockField, GCRecord, CreateDate, CheckNumber, IsAuthorized, Number) VALUES ('1949dae3-4d44-217e-9c66-a58ab8ff47ca', 69, 'f1362210-ec04-4e4d-8675-353430c3af7f', '5c549d77-1e58-4d4e-1fbe-eaf7cc272319', N'D6NV08', N'Voluptatum quos omnis. A sit. Consectetur et. Amet ut! Laboriosam molestiae.', '1999-04-20 17:49:58.510', '202cad24-4598-16cf-1a02-ce5da15ac776', '336d8f99-255d-646e-f0b6-6f4dd73eba9e', -782787959, -1842032745, '1979-08-07 05:36:33.160', N'25376', 1, N'75258')
INSERT dbo.Payment(Oid, Amount, Category, Project, Justification, Comment, Date, Payer, Payee, OptimisticLockField, GCRecord, CreateDate, CheckNumber, IsAuthorized, Number) VALUES ('4958949d-17c9-454d-841b-27d9d367aeb0', 58, '06897bea-4012-442a-a92b-5327ff546f37', '1752b8ca-19e4-4cd1-757d-18b43b6e1561', N'05F2340JX5ISPFB0UE675N6NU72Q', N'Fugiat et pariatur quia doloremque. Quo modi nemo.', '1977-06-10 20:09:12.680', '397bc919-4888-5ab2-402b-e89ea5388e0b', '336d8f99-255d-646e-f0b6-6f4dd73eba9e', -559690754, -1034538455, '2014-09-25 20:36:38.450', N'54030', 1, N'51197')
INSERT dbo.Payment(Oid, Amount, Category, Project, Justification, Comment, Date, Payer, Payee, OptimisticLockField, GCRecord, CreateDate, CheckNumber, IsAuthorized, Number) VALUES ('47782bc9-1bf1-7c7b-6ee3-2ceaa9cf3765', 54, '7249bf2e-4d51-4a97-b62e-632ffeedc961', '1752b8ca-19e4-4cd1-757d-18b43b6e1561', N'93CSPS54U31', N'Vitae error eos ut. Aut ea at dolorem. At minus!', '1970-07-19 21:50:26.690', '397bc919-4888-5ab2-402b-e89ea5388e0b', '1257615f-5ea8-6cd9-0b02-eefebbd653b8', -1, -669915443, '1975-12-06 18:40:53.280', N'58852', 1, N'96299')
INSERT dbo.Payment(Oid, Amount, Category, Project, Justification, Comment, Date, Payer, Payee, OptimisticLockField, GCRecord, CreateDate, CheckNumber, IsAuthorized, Number) VALUES ('1242d680-4f02-3bbb-9d66-a58ab8ff47ca', 27, '494a13dc-f5b2-4559-b753-28c84173b0e7', '1ee39b95-6a6d-4cdf-5d32-9a0257d67b47', N'03CI98Z3WSHDR8GN73D3F', N'Est a. Doloribus sint itaque nam quia!', '2005-04-15 14:18:00.780', '699acaa2-66da-563a-1702-ce5da15ac776', '336d8f99-255d-646e-f0b6-6f4dd73eba9e', -509434008, -898806274, '1988-03-26 03:15:20.000', N'26634', 1, N'26208')
INSERT dbo.Payment(Oid, Amount, Category, Project, Justification, Comment, Date, Payer, Payee, OptimisticLockField, GCRecord, CreateDate, CheckNumber, IsAuthorized, Number) VALUES ('114b715b-430f-74cd-d5c6-21b180c0988f', 49, '60219579-cc7b-44c3-a5cb-4dca47a93b9e', '6b9b7137-3dd3-7b12-b733-62dd4e858bad', N'WDBAA4Z351F8801W6AVNZ7G2POT561V38A7210VDWTAWLZUQ', N'Et cumque sit dolorem id. Nostrum quam facilis saepe.', '1994-08-12 03:00:15.950', '36a4260a-7f6c-2ec6-f2b6-6f4dd73eba9e', '499200b3-46a5-60a7-f196-94965a4eaa62', -94387014, -1971633085, '2007-10-22 12:06:19.330', N'42721', 0, N'01467')
INSERT dbo.Payment(Oid, Amount, Category, Project, Justification, Comment, Date, Payer, Payee, OptimisticLockField, GCRecord, CreateDate, CheckNumber, IsAuthorized, Number) VALUES ('234be17d-3820-7daa-5698-ae38c5379e4b', 82, '639d2087-d6b5-4fd0-aefd-a572a4256ca3', '5a851e09-4a52-7284-0648-b983316b8374', N'X8O4D6Y3L46RUIF08TNBG45119', N'Nihil nesciunt amet ullam. Beatae recusandae veniam. Voluptatem quisquam.', '1986-12-15 22:51:25.610', '3f22df3a-3b15-3b5a-787e-3e3b283cabde', '69619ef2-1249-20fa-797e-3e3b283cabde', -1476611773, -5, '2018-02-10 15:53:52.040', N'68440', 0, N'26840')
INSERT dbo.Payment(Oid, Amount, Category, Project, Justification, Comment, Date, Payer, Payee, OptimisticLockField, GCRecord, CreateDate, CheckNumber, IsAuthorized, Number) VALUES ('3564d2c8-2839-5bf7-851b-27d9d367aeb0', 52, 'ba43961f-6903-4c1f-9f7c-2f9afd9c05a0', '24c4b5df-5d2a-53c2-b533-62dd4e858bad', N'737I0', N'Repudiandae sed beatae molestiae consectetur. Omnis a! Mollitia nostrum. Et.', '1975-12-28 02:18:57.610', '3f22df3a-3b15-3b5a-787e-3e3b283cabde', '1e3453a2-3ef5-5f70-8dc9-bcec0cd444f8', -1677741864, -1433011978, '2015-08-21 06:39:05.680', N'06826', 1, N'98265')
INSERT dbo.Payment(Oid, Amount, Category, Project, Justification, Comment, Date, Payer, Payee, OptimisticLockField, GCRecord, CreateDate, CheckNumber, IsAuthorized, Number) VALUES ('7fa72f44-2825-2b26-d190-152dfadf6d0d', 30, 'f601cfb6-93ed-4087-822a-6f2fed3eeb0a', '5c549d77-1e58-4d4e-1fbe-eaf7cc272319', N'6EQGVYTP787R19E4U685QI', N'Quis odio voluptatem odit iste.', '2009-03-24 00:52:21.030', '5984fdaa-1e0e-68c7-3e2b-e89ea5388e0b', '228bfc03-38db-4741-f096-94965a4eaa62', -444154686, 571, '2011-03-03 19:03:05.190', N'01752', 0, N'77381')
INSERT dbo.Payment(Oid, Amount, Category, Project, Justification, Comment, Date, Payer, Payee, OptimisticLockField, GCRecord, CreateDate, CheckNumber, IsAuthorized, Number) VALUES ('26895d47-1420-68d0-9e66-a58ab8ff47ca', 21, 'a3228980-1fd3-4570-868b-b3911492664e', '438f32b0-4d8e-4d3b-777d-18b43b6e1561', N'2TDJ5NA5UZTB854JQW2L', N'Sunt deleniti ipsum sequi doloribus. Enim tenetur! Dignissimos et? Est error!', '1980-05-22 08:49:12.510', '2f1172a9-1b5d-6fc4-777e-3e3b283cabde', '336d8f99-255d-646e-f0b6-6f4dd73eba9e', -280694610, -2049324517, '1971-05-13 01:06:35.290', N'48208', 0, N'58730')
INSERT dbo.Payment(Oid, Amount, Category, Project, Justification, Comment, Date, Payer, Payee, OptimisticLockField, GCRecord, CreateDate, CheckNumber, IsAuthorized, Number) VALUES ('23df2104-50d7-1d9c-eadb-93dede770727', 5, 'b747e6e7-817d-4b3c-8bd2-91481acb46a6', '12e83c52-5faa-79c9-ce7e-e08e331d25c7', N'24X37K31S4LW3TL4KD952L9K24PYE34PXLQ9PYMH', N'Omnis ut nam magnam modi.', '2013-06-13 16:40:43.490', '5e306560-6b07-2cdf-5b76-66508ad02725', '1e3453a2-3ef5-5f70-8dc9-bcec0cd444f8', -1135043815, -2116982070, '1985-08-26 01:05:07.300', N'91066', 0, N'80473')
INSERT dbo.Payment(Oid, Amount, Category, Project, Justification, Comment, Date, Payer, Payee, OptimisticLockField, GCRecord, CreateDate, CheckNumber, IsAuthorized, Number) VALUES ('4c411322-7cb4-657d-6fe3-2ceaa9cf3765', 55, 'ba43961f-6903-4c1f-9f7c-2f9afd9c05a0', '66af213e-6ed1-770c-5c32-9a0257d67b47', N'6G081YZ262R1E57HNN58ZFLP6130K5V8C', N'Sint numquam sed et consectetur. Et voluptatem molestias sint veritatis!', '1977-04-08 06:30:45.310', '1b3166b4-1301-5956-5a76-66508ad02725', '5ebb6116-1627-3f70-0602-eefebbd653b8', -1029320644, -792, '1992-05-02 11:06:24.240', N'73759', 1, N'94740')
INSERT dbo.Payment(Oid, Amount, Category, Project, Justification, Comment, Date, Payer, Payee, OptimisticLockField, GCRecord, CreateDate, CheckNumber, IsAuthorized, Number) VALUES ('3800012e-758c-1328-861b-27d9d367aeb0', 64, 'eeff9d97-f6d1-4318-9391-0a83f7fb9b46', '17907d4e-7c0c-5df6-b833-62dd4e858bad', N'5VVTH0FE4PW58', N'Est eos iusto rem. Unde a aut! Quae soluta. Et non.', '1989-09-18 19:52:46.860', '1259a17c-69e8-7a1c-da4b-16e575b61049', '1b3166b4-1301-5956-5a76-66508ad02725', -325571398, -861, '1994-01-19 05:31:07.590', N'05933', 1, N'46957')
INSERT dbo.Payment(Oid, Amount, Category, Project, Justification, Comment, Date, Payer, Payee, OptimisticLockField, GCRecord, CreateDate, CheckNumber, IsAuthorized, Number) VALUES ('4782d29d-4baf-7371-d290-152dfadf6d0d', 32, '3498d54b-e9b1-4e48-bf1f-27d107f281f1', '4a084a3f-5d99-1372-b433-62dd4e858bad', N'60TCJA5793D24V733M', N'Nesciunt inventore magnam vitae. Sed voluptatem! Sit nisi et nihil voluptates.', '1996-01-14 23:46:55.870', '2f1172a9-1b5d-6fc4-777e-3e3b283cabde', '6f0fc907-5bf7-6e28-ef96-94965a4eaa62', -1662410686, -2041202743, '1978-04-17 17:56:58.330', N'56631', 1, N'49100')
INSERT dbo.Payment(Oid, Amount, Category, Project, Justification, Comment, Date, Payer, Payee, OptimisticLockField, GCRecord, CreateDate, CheckNumber, IsAuthorized, Number) VALUES ('25a1ce30-4ae1-2133-9f66-a58ab8ff47ca', 74, '6caa35ef-d394-4a9f-b08f-e6848b41e96c', '39e40431-57bb-7682-b633-62dd4e858bad', N'L', N'Doloremque dolor illum repellat quia. Quis quae. Qui consequuntur. Voluptates.', '1980-12-24 15:33:23.410', '3f22df3a-3b15-3b5a-787e-3e3b283cabde', '1b3166b4-1301-5956-5a76-66508ad02725', -1448783861, -1822866915, '2002-07-26 20:07:44.650', N'28477', 0, N'56780')
INSERT dbo.Payment(Oid, Amount, Category, Project, Justification, Comment, Date, Payer, Payee, OptimisticLockField, GCRecord, CreateDate, CheckNumber, IsAuthorized, Number) VALUES ('2ed98b4b-4f60-6e40-5798-ae38c5379e4b', 18, '3498d54b-e9b1-4e48-bf1f-27d107f281f1', '582165db-7775-1bec-2093-373516031d8e', N'EGS5GW7YXS7C6', N'Et ut non. Voluptatem omnis ad nulla consequatur; fuga officiis.', '2001-11-05 15:43:53.430', '66a18612-296a-25b0-d94b-16e575b61049', '2f1172a9-1b5d-6fc4-777e-3e3b283cabde', -421, -1911341426, '1987-06-14 16:00:37.890', N'25813', 1, N'42388')
INSERT dbo.Payment(Oid, Amount, Category, Project, Justification, Comment, Date, Payer, Payee, OptimisticLockField, GCRecord, CreateDate, CheckNumber, IsAuthorized, Number) VALUES ('3d5b1131-38b5-2128-ebdb-93dede770727', 9, '4dc5f40c-206b-4754-9336-1431dda54072', '42b2fa47-5255-25d8-767d-18b43b6e1561', N'2P23S51SWA7KA3F5GOKIT856VO3Q0TSG4DW85PR8H75X919K4149RN3599B263CEAL85T87S3TABKXHY', N'Consequatur iure provident commodi assumenda. Qui ipsa; consequuntur;', '1993-07-20 07:09:21.640', '5e306560-6b07-2cdf-5b76-66508ad02725', '336d8f99-255d-646e-f0b6-6f4dd73eba9e', -1562317690, -9, '2007-09-27 15:03:22.680', N'54518', 1, N'32802')
INSERT dbo.Payment(Oid, Amount, Category, Project, Justification, Comment, Date, Payer, Payee, OptimisticLockField, GCRecord, CreateDate, CheckNumber, IsAuthorized, Number) VALUES ('193ee03f-15cd-70e7-bd7b-a3ff9b28ff75', 43, 'f1362210-ec04-4e4d-8675-353430c3af7f', '169b892d-4fb7-2a17-2193-373516031d8e', N'XX7TXZ8JLD53BJ5579LH51C56X31132RRVI0SL6KY0XYN1E8TA6S1Y0V289S3Y2777UY8X0XTEC37FRXD0972856037TOGK7A4WK', N'Facilis voluptates. Natus dolore aliquam vero iste. Aut voluptates facilis.', '1986-01-20 18:53:56.450', '26c1e1f8-3a26-53fe-5876-66508ad02725', '202cad24-4598-16cf-1a02-ce5da15ac776', 9, -7655, '2011-10-07 12:41:00.860', N'96555', 1, N'78560')
INSERT dbo.Payment(Oid, Amount, Category, Project, Justification, Comment, Date, Payer, Payee, OptimisticLockField, GCRecord, CreateDate, CheckNumber, IsAuthorized, Number) VALUES ('3a0a7c7d-432b-6cf9-871b-27d9d367aeb0', 5, 'a3228980-1fd3-4570-868b-b3911492664e', '495ff429-25fd-4337-1f93-373516031d8e', N'8M6PYGGBF73M3M4EKT15RT690U', N'Ut vitae voluptatum. Tempore et fugiat sit quia. Modi harum!', '1979-04-16 11:38:14.080', '61e25755-3de1-1adf-8fc9-bcec0cd444f8', '36ce1756-1d21-7373-f1b6-6f4dd73eba9e', -1111872394, -1278753832, '1983-03-29 15:02:07.090', N'07607', 0, N'93799')
INSERT dbo.Payment(Oid, Amount, Category, Project, Justification, Comment, Date, Payer, Payee, OptimisticLockField, GCRecord, CreateDate, CheckNumber, IsAuthorized, Number) VALUES ('6123f364-3fd4-3ffe-3e6b-1629b83affd2', 50, 'e0d56999-c9a7-4a1b-a995-77fc9e94aa04', '169b892d-4fb7-2a17-2193-373516031d8e', N'5519LRHAR553', N'Explicabo numquam atque in corrupti...', '2003-06-20 04:06:53.760', '3a6dba26-6960-6953-d74b-16e575b61049', '5ebb6116-1627-3f70-0602-eefebbd653b8', -1864233058, 7, '1985-06-29 03:36:00.320', N'86989', 0, N'67709')
INSERT dbo.Payment(Oid, Amount, Category, Project, Justification, Comment, Date, Payer, Payee, OptimisticLockField, GCRecord, CreateDate, CheckNumber, IsAuthorized, Number) VALUES ('4520aa7f-492a-3c02-a066-a58ab8ff47ca', 9, 'a3228980-1fd3-4570-868b-b3911492664e', '5a851e09-4a52-7284-0648-b983316b8374', N'KIN0UW1J', N'Tempore laboriosam unde dignissimos. Laboriosam nobis! Ab nam. Autem tempore.', '1981-03-06 22:07:34.870', '14735d5d-67ff-5dad-412b-e89ea5388e0b', '336d8f99-255d-646e-f0b6-6f4dd73eba9e', -436477743, -1087073439, '1996-08-12 20:32:00.080', N'57077', 0, N'00541')
INSERT dbo.Payment(Oid, Amount, Category, Project, Justification, Comment, Date, Payer, Payee, OptimisticLockField, GCRecord, CreateDate, CheckNumber, IsAuthorized, Number) VALUES ('75c44418-37aa-50bc-70e3-2ceaa9cf3765', 51, '60219579-cc7b-44c3-a5cb-4dca47a93b9e', '5f4ef1d4-6cef-1cfb-0848-b983316b8374', N'GTC078M', N'Voluptatem est qui dicta eligendi.', '1998-06-12 23:38:08.940', '51d8cc33-7be1-161f-f396-94965a4eaa62', '1a591774-4565-7236-90c9-bcec0cd444f8', -7296, -693702741, '1975-08-01 20:36:57.620', N'49037', 0, N'04826')
INSERT dbo.Payment(Oid, Amount, Category, Project, Justification, Comment, Date, Payer, Payee, OptimisticLockField, GCRecord, CreateDate, CheckNumber, IsAuthorized, Number) VALUES ('45e44dc8-211f-27ef-881b-27d9d367aeb0', 37, 'e0d56999-c9a7-4a1b-a995-77fc9e94aa04', '5c549d77-1e58-4d4e-1fbe-eaf7cc272319', N'I9UKHP', N'Ad culpa asperiores unde error; quia vero. Ad in! Omnis ea. Quidem magnam...', '1972-04-10 19:13:53.010', '51d8cc33-7be1-161f-f396-94965a4eaa62', '7a311573-456f-56e3-0902-eefebbd653b8', -1937146433, -1167375384, '1974-03-05 20:56:15.390', N'92422', 0, N'64495')
INSERT dbo.Payment(Oid, Amount, Category, Project, Justification, Comment, Date, Payer, Payee, OptimisticLockField, GCRecord, CreateDate, CheckNumber, IsAuthorized, Number) VALUES ('42057b24-694d-4ae8-a166-a58ab8ff47ca', 74, '2450c83a-ce38-4748-b056-f92670410ec4', '582165db-7775-1bec-2093-373516031d8e', N'0TV7DEE3L38OP7L610M9EJ4EUP2G3WI500F5LYT347038JEC97HO676N41GG938H5J75Y0GVES08Z28BMHL5575YWFC5JE17Y055', N'Voluptatibus et. Excepturi dolorem dicta inventore ea.', '2018-07-24 22:03:45.870', '51d8cc33-7be1-161f-f396-94965a4eaa62', '336d8f99-255d-646e-f0b6-6f4dd73eba9e', -104211460, -119892077, '1988-04-28 11:27:03.500', N'90287', 0, N'43231')
INSERT dbo.Payment(Oid, Amount, Category, Project, Justification, Comment, Date, Payer, Payee, OptimisticLockField, GCRecord, CreateDate, CheckNumber, IsAuthorized, Number) VALUES ('7202aaab-47c8-2e5d-5898-ae38c5379e4b', 83, 'f1362210-ec04-4e4d-8675-353430c3af7f', '39e40431-57bb-7682-b633-62dd4e858bad', N'4NG0V7RNPI356MPW0VU4UYG32411NP34PMAZ76FP7876R4YD3TP7UM88I12WD443OIP83T3GG8FREU5L6LLYI2691967Q', N'Labore fuga omnis ut reprehenderit. Aspernatur molestiae in rerum velit.', '1995-01-29 20:06:27.630', '69619ef2-1249-20fa-797e-3e3b283cabde', '7959e1dd-2e0b-4306-7a7e-3e3b283cabde', -1088592761, -1532161842, '1980-04-19 13:26:17.340', N'88184', 1, N'57014')
INSERT dbo.Payment(Oid, Amount, Category, Project, Justification, Comment, Date, Payer, Payee, OptimisticLockField, GCRecord, CreateDate, CheckNumber, IsAuthorized, Number) VALUES ('7d765e2c-410d-67ac-71e3-2ceaa9cf3765', 6, '4dc5f40c-206b-4754-9336-1431dda54072', '1c88c2a4-1aa1-1a3e-465f-1885b89fc8fc', N'2ALDI51F2Q3SU', N'Velit aperiam ex voluptas. Vero assumenda esse rerum officia!', '2009-01-01 15:09:07.190', '1257615f-5ea8-6cd9-0b02-eefebbd653b8', '7a311573-456f-56e3-0902-eefebbd653b8', -140, -456588987, '1996-05-21 12:49:28.970', N'87437', 1, N'23395')
INSERT dbo.Payment(Oid, Amount, Category, Project, Justification, Comment, Date, Payer, Payee, OptimisticLockField, GCRecord, CreateDate, CheckNumber, IsAuthorized, Number) VALUES ('7c3b7b80-7de9-412e-54b6-94da9cd298ec', 51, '2450c83a-ce38-4748-b056-f92670410ec4', '1752b8ca-19e4-4cd1-757d-18b43b6e1561', N'XL9E2T2LS3O761U2A1C11N82PIV78D7ET0Y', N'Dolore veniam. Quae voluptatem libero! Expedita sunt. Est ratione. Ut!', '1979-08-01 16:40:45.940', '5e306560-6b07-2cdf-5b76-66508ad02725', '336d8f99-255d-646e-f0b6-6f4dd73eba9e', -1097423728, 2, '1974-06-18 03:06:30.060', N'19425', 0, N'67824')
INSERT dbo.Payment(Oid, Amount, Category, Project, Justification, Comment, Date, Payer, Payee, OptimisticLockField, GCRecord, CreateDate, CheckNumber, IsAuthorized, Number) VALUES ('4ba825b4-6631-78d1-5998-ae38c5379e4b', 86, '48a33b35-5606-40c3-8b34-0ad2d2036874', '1897a8f1-37fc-5c9c-3809-69a9b1bfbc32', N'4N3PV5PV1F1', N'Est omnis est rerum pariatur.', '1988-02-14 03:44:44.420', '1259a17c-69e8-7a1c-da4b-16e575b61049', '5984fdaa-1e0e-68c7-3e2b-e89ea5388e0b', -1844020005, 998, '1971-09-23 10:34:45.030', N'89303', 1, N'91575')
INSERT dbo.Payment(Oid, Amount, Category, Project, Justification, Comment, Date, Payer, Payee, OptimisticLockField, GCRecord, CreateDate, CheckNumber, IsAuthorized, Number) VALUES ('357ec50e-37ed-43fc-d6c6-21b180c0988f', 64, 'c7554c3e-056a-4577-971d-365aadc15a05', '4a084a3f-5d99-1372-b433-62dd4e858bad', N'C1MWJ29K76TQUF056DQ0', N'Ipsam harum eum. Assumenda illo maxime aperiam beatae!', '1994-01-20 17:56:26.760', '751604f5-1e51-6d47-3f2b-e89ea5388e0b', '36460dcf-323b-1391-8ec9-bcec0cd444f8', -969443631, -366627093, '1976-06-02 19:22:02.000', N'45302', 1, N'19834')
INSERT dbo.Payment(Oid, Amount, Category, Project, Justification, Comment, Date, Payer, Payee, OptimisticLockField, GCRecord, CreateDate, CheckNumber, IsAuthorized, Number) VALUES ('399fc05a-6ef7-1a2d-3f6b-1629b83affd2', 89, 'd831594d-d145-40b4-87b4-2a3a7b62a6cd', '4a084a3f-5d99-1372-b433-62dd4e858bad', N'8385GWUQXPVI', N'Officia totam dolorem dolor. Est commodi; rerum ut. Itaque sapiente;', '1980-12-16 13:14:18.710', '1259a17c-69e8-7a1c-da4b-16e575b61049', '6c4c1f9b-1644-2620-5976-66508ad02725', -1602541421, 390, '1989-08-21 08:56:16.320', N'23214', 1, N'64092')
INSERT dbo.Payment(Oid, Amount, Category, Project, Justification, Comment, Date, Payer, Payee, OptimisticLockField, GCRecord, CreateDate, CheckNumber, IsAuthorized, Number) VALUES ('54878d33-29de-72c5-891b-27d9d367aeb0', 36, '4dc5f40c-206b-4754-9336-1431dda54072', '42b2fa47-5255-25d8-767d-18b43b6e1561', N'QHW453AE748HD9AM16552W5M24G9DGP0F96K0V787WMDF5JG86NGQW9665Q92339BJ4L3G40JH2G4Q8ST0AQH23PD4ESV', N'Quos consequuntur fuga labore ut. Fugit voluptatem? Sit provident. Vel.', '1982-08-01 01:17:22.470', '669afd3f-720a-6e34-1902-ce5da15ac776', '244bd1b5-7428-4b87-0702-eefebbd653b8', -1834281272, -647756143, '2005-06-02 16:42:58.500', N'51343', 1, N'83794')
INSERT dbo.Payment(Oid, Amount, Category, Project, Justification, Comment, Date, Payer, Payee, OptimisticLockField, GCRecord, CreateDate, CheckNumber, IsAuthorized, Number) VALUES ('7310a7ce-72fc-6d87-55b6-94da9cd298ec', 17, '3498d54b-e9b1-4e48-bf1f-27d107f281f1', '39e40431-57bb-7682-b633-62dd4e858bad', N'F100W9F6VPON8B208426A10QB35F0188K8TA3K2S92RDP71L8756U963J6EW052C37BG2JU4723E471X4637F8JW0MVCNL4F272H', N'Et sit aliquid quae. Nihil deleniti est et. Ipsam molestias.', '1988-04-18 21:33:05.010', '1259a17c-69e8-7a1c-da4b-16e575b61049', '751604f5-1e51-6d47-3f2b-e89ea5388e0b', -1375221000, -39, '1988-04-29 03:15:27.770', N'75699', 1, N'23155')
INSERT dbo.Payment(Oid, Amount, Category, Project, Justification, Comment, Date, Payer, Payee, OptimisticLockField, GCRecord, CreateDate, CheckNumber, IsAuthorized, Number) VALUES ('34d489e2-6add-5426-d390-152dfadf6d0d', 28, 'c7554c3e-056a-4577-971d-365aadc15a05', '2643c0f2-5381-7a86-1d93-373516031d8e', N'T2UTM868FL3P0XHT617QYT8TSY448I9XD2', N'Consequatur minus illum consequuntur porro. Harum aut.', '2017-01-11 09:37:17.710', '58fc185f-1925-3117-334d-4c0f86f26090', '669afd3f-720a-6e34-1902-ce5da15ac776', -465153655, -1995722055, '2003-09-11 13:04:59.190', N'30971', 1, N'03038')
INSERT dbo.Payment(Oid, Amount, Category, Project, Justification, Comment, Date, Payer, Payee, OptimisticLockField, GCRecord, CreateDate, CheckNumber, IsAuthorized, Number) VALUES ('5499db4b-17be-2f25-72e3-2ceaa9cf3765', 3, '3498d54b-e9b1-4e48-bf1f-27d107f281f1', '1752b8ca-19e4-4cd1-757d-18b43b6e1561', N'R4', N'Ut dolorem nisi ab repudiandae. Voluptatem eum. Qui sit. Nihil nostrum...', '2006-12-09 11:36:44.140', '7959e1dd-2e0b-4306-7a7e-3e3b283cabde', '5984fdaa-1e0e-68c7-3e2b-e89ea5388e0b', -736452340, -698302100, '2014-01-28 09:34:26.930', N'50730', 1, N'60007')
INSERT dbo.Payment(Oid, Amount, Category, Project, Justification, Comment, Date, Payer, Payee, OptimisticLockField, GCRecord, CreateDate, CheckNumber, IsAuthorized, Number) VALUES ('7f333d8e-5137-568f-be7b-a3ff9b28ff75', 18, 'eeff9d97-f6d1-4318-9391-0a83f7fb9b46', '5126a884-72e7-76eb-3909-69a9b1bfbc32', N'322', N'Error dolorem. Vitae dolor perspiciatis sint et.', '2001-01-03 19:59:26.060', '1257615f-5ea8-6cd9-0b02-eefebbd653b8', '1a361dba-2edd-6ebd-324d-4c0f86f26090', -475373081, -1092862625, '1999-11-09 09:55:49.220', N'06712', 1, N'80202')
INSERT dbo.Payment(Oid, Amount, Category, Project, Justification, Comment, Date, Payer, Payee, OptimisticLockField, GCRecord, CreateDate, CheckNumber, IsAuthorized, Number) VALUES ('3e34c4f2-3a6c-62c5-a266-a58ab8ff47ca', 63, '08a4bad6-f7b6-40ac-ab10-8a7f24ab536b', '5c549d77-1e58-4d4e-1fbe-eaf7cc272319', N'HK7V', N'Maiores soluta. Blanditiis voluptatem suscipit ab atque.', '1970-07-03 02:56:12.020', '5e306560-6b07-2cdf-5b76-66508ad02725', '51d8cc33-7be1-161f-f396-94965a4eaa62', 32, 92, '1986-07-19 01:40:22.770', N'54828', 0, N'86963')
INSERT dbo.Payment(Oid, Amount, Category, Project, Justification, Comment, Date, Payer, Payee, OptimisticLockField, GCRecord, CreateDate, CheckNumber, IsAuthorized, Number) VALUES ('6ff002a7-47b1-79ff-8a1b-27d9d367aeb0', 9, '3498d54b-e9b1-4e48-bf1f-27d107f281f1', '1ba4c500-5a33-4cef-3709-69a9b1bfbc32', N'H743ZBH21S30OT0OTB15Z04370F1WP37SQFY51LY6G93W2KKF1I4F86SR5J', N'Molestiae sint possimus. Mollitia unde voluptas qui. Vero officiis natus.', '1996-10-31 19:30:11.480', '58fc185f-1925-3117-334d-4c0f86f26090', '397bc919-4888-5ab2-402b-e89ea5388e0b', -1741706279, -290604169, '1990-01-10 07:50:39.560', N'75541', 1, N'16897')
INSERT dbo.Payment(Oid, Amount, Category, Project, Justification, Comment, Date, Payer, Payee, OptimisticLockField, GCRecord, CreateDate, CheckNumber, IsAuthorized, Number) VALUES ('67cb2614-27d9-36f4-406b-1629b83affd2', 45, 'f601cfb6-93ed-4087-822a-6f2fed3eeb0a', '42b2fa47-5255-25d8-767d-18b43b6e1561', N'76XSZ201R3A2XY3EW6JM83TAZ', N'Recusandae iusto. Quasi illum repudiandae! Fugiat aut. Voluptatum sed! Quia.', '1992-06-14 03:47:24.820', '36a4260a-7f6c-2ec6-f2b6-6f4dd73eba9e', '1e3453a2-3ef5-5f70-8dc9-bcec0cd444f8', -1137387767, -163068846, '2017-09-13 05:06:18.350', N'64166', 1, N'78934')
INSERT dbo.Payment(Oid, Amount, Category, Project, Justification, Comment, Date, Payer, Payee, OptimisticLockField, GCRecord, CreateDate, CheckNumber, IsAuthorized, Number) VALUES ('32eb6bd6-6c74-4c19-d7c6-21b180c0988f', 86, '9e85d735-6c53-4220-ad79-edf820cc7fed', '31bc6e74-7ec1-593a-6032-9a0257d67b47', N'5N9S1RO72RL', N'Quisquam porro suscipit enim. Consequatur quod quaerat veniam inventore.', '1989-10-30 00:40:24.140', '36460dcf-323b-1391-8ec9-bcec0cd444f8', '58fc185f-1925-3117-334d-4c0f86f26090', -1097828933, -1404946032, '1992-05-02 14:03:38.440', N'75446', 0, N'10303')
INSERT dbo.Payment(Oid, Amount, Category, Project, Justification, Comment, Date, Payer, Payee, OptimisticLockField, GCRecord, CreateDate, CheckNumber, IsAuthorized, Number) VALUES ('3198e88a-43ba-6e4f-a366-a58ab8ff47ca', 50, 'e33864db-6b91-4017-a13c-53ed08e4ea5f', '3778fd78-672b-358c-5e32-9a0257d67b47', N'8', N'Dolores sunt error est dicta.', '2007-01-14 09:59:59.660', '5aa02579-73ed-23cd-314d-4c0f86f26090', '669afd3f-720a-6e34-1902-ce5da15ac776', -9, 809, '1988-01-16 06:21:23.060', N'82415', 1, N'37905')
INSERT dbo.Payment(Oid, Amount, Category, Project, Justification, Comment, Date, Payer, Payee, OptimisticLockField, GCRecord, CreateDate, CheckNumber, IsAuthorized, Number) VALUES ('446c9f77-34e0-2453-8b1b-27d9d367aeb0', 4, '3498d54b-e9b1-4e48-bf1f-27d107f281f1', '31a38fa9-4c3b-4cf0-0548-b983316b8374', N'26I74MO037J70YK8ZN669U0G7N3C4', N'Non in sapiente voluptatum. Libero beatae omnis sit. Error eaque.', '1990-05-25 20:00:04.610', '4f7021f5-7800-11be-0a02-eefebbd653b8', '2dc6dc0b-307b-3bde-5c76-66508ad02725', -1737131369, -1107863015, '1982-09-09 22:58:49.010', N'17667', 1, N'50330')
INSERT dbo.Payment(Oid, Amount, Category, Project, Justification, Comment, Date, Payer, Payee, OptimisticLockField, GCRecord, CreateDate, CheckNumber, IsAuthorized, Number) VALUES ('5735931e-471e-4e0a-a466-a58ab8ff47ca', 76, '8aa549ff-ee0f-445d-b539-7ca53116a737', '5126a884-72e7-76eb-3909-69a9b1bfbc32', N'22G6188EAABWSVVKKXRMW4NK509XQ8T8Z22U5', N'Architecto dolorum sunt. Voluptatem vel. Fuga at; reprehenderit omnis; minus.', '2006-06-04 14:48:48.380', '24fee4c1-709c-79d6-1802-ce5da15ac776', '2f1172a9-1b5d-6fc4-777e-3e3b283cabde', 3, -10, '2014-06-13 07:19:47.940', N'82506', 0, N'48924')
INSERT dbo.Payment(Oid, Amount, Category, Project, Justification, Comment, Date, Payer, Payee, OptimisticLockField, GCRecord, CreateDate, CheckNumber, IsAuthorized, Number) VALUES ('74ceacc3-3385-445b-5a98-ae38c5379e4b', 86, 'cde5137c-6254-425e-9bc4-e6216658f4d5', '2643c0f2-5381-7a86-1d93-373516031d8e', N'2E2Z', N'Minima dolorem quae. Fugit officia facilis! Perspiciatis beatae consectetur.', '1980-02-11 09:30:08.260', '397bc919-4888-5ab2-402b-e89ea5388e0b', '4f7021f5-7800-11be-0a02-eefebbd653b8', -1825713468, -3, '1993-04-06 17:05:56.170', N'27014', 0, N'35119')
INSERT dbo.Payment(Oid, Amount, Category, Project, Justification, Comment, Date, Payer, Payee, OptimisticLockField, GCRecord, CreateDate, CheckNumber, IsAuthorized, Number) VALUES ('24b8283e-35c3-4fc4-73e3-2ceaa9cf3765', 4, '8aa549ff-ee0f-445d-b539-7ca53116a737', '582165db-7775-1bec-2093-373516031d8e', N'44F74683H9U86Z76532U', N'Quisquam sit et. Nisi unde quia! Qui aspernatur et consequuntur aut. Voluptas.', '2008-07-03 17:41:43.430', '5984fdaa-1e0e-68c7-3e2b-e89ea5388e0b', '4f7021f5-7800-11be-0a02-eefebbd653b8', -1278167062, 6, '1977-02-11 14:20:44.960', N'36971', 0, N'11015')
INSERT dbo.Payment(Oid, Amount, Category, Project, Justification, Comment, Date, Payer, Payee, OptimisticLockField, GCRecord, CreateDate, CheckNumber, IsAuthorized, Number) VALUES ('592d4ad8-3675-2016-ecdb-93dede770727', 59, '951faee9-8883-4aef-8cb2-11aac0a245e0', '373511c0-68e6-4a3f-20be-eaf7cc272319', N'45DJ6731JI3RIW05X3V91Z', N'Quae voluptatem quia voluptatem aut. Quis nesciunt nisi molestiae!', '1989-12-21 08:12:27.640', '36460dcf-323b-1391-8ec9-bcec0cd444f8', '51d8cc33-7be1-161f-f396-94965a4eaa62', -322428451, -416849339, '1989-07-20 11:33:17.710', N'09807', 1, N'03296')
INSERT dbo.Payment(Oid, Amount, Category, Project, Justification, Comment, Date, Payer, Payee, OptimisticLockField, GCRecord, CreateDate, CheckNumber, IsAuthorized, Number) VALUES ('6462f381-27bb-2826-d490-152dfadf6d0d', 63, '536199bf-9119-4659-a22b-783d05d4c715', '5346a8b8-32e1-6513-797d-18b43b6e1561', N'BA6324HWJ19SD95Q6191JWJMX286K2632933CZ606Y692Q20VSJP4ZFU207J', N'Incidunt sint repellat quasi voluptatibus. Nesciunt quas! Odio quo;', '1982-08-16 15:13:36.050', '24fee4c1-709c-79d6-1802-ce5da15ac776', '5e306560-6b07-2cdf-5b76-66508ad02725', -1811343858, -1228137679, '2002-02-19 13:13:49.470', N'50590', 0, N'56518')
GO

--
-- Inserting data into table dbo.Supplier
--
INSERT dbo.Supplier(Oid, Contact, ProfitByMaterialAsPayer, ProfitByMaterialAsPayee, CostByMaterialAsPayer) VALUES ('202cad24-4598-16cf-1a02-ce5da15ac776', N'Ambrose Handy', 0, 1, 0)
INSERT dbo.Supplier(Oid, Contact, ProfitByMaterialAsPayer, ProfitByMaterialAsPayee, CostByMaterialAsPayer) VALUES ('36a4260a-7f6c-2ec6-f2b6-6f4dd73eba9e', N'Roxann Perrin', 1, 1, 0)
INSERT dbo.Supplier(Oid, Contact, ProfitByMaterialAsPayer, ProfitByMaterialAsPayee, CostByMaterialAsPayer) VALUES ('36ce1756-1d21-7373-f1b6-6f4dd73eba9e', N'Dave Tabor', 1, 0, 0)
INSERT dbo.Supplier(Oid, Contact, ProfitByMaterialAsPayer, ProfitByMaterialAsPayee, CostByMaterialAsPayer) VALUES ('2f1172a9-1b5d-6fc4-777e-3e3b283cabde', N'Leonardo Adair', 0, 1, 1)
INSERT dbo.Supplier(Oid, Contact, ProfitByMaterialAsPayer, ProfitByMaterialAsPayee, CostByMaterialAsPayer) VALUES ('3a6dba26-6960-6953-d74b-16e575b61049', N'Aurelio Sample', 1, 0, 1)
INSERT dbo.Supplier(Oid, Contact, ProfitByMaterialAsPayer, ProfitByMaterialAsPayee, CostByMaterialAsPayer) VALUES ('1257615f-5ea8-6cd9-0b02-eefebbd653b8', N'Manual Nadeau', 1, 1, 1)
INSERT dbo.Supplier(Oid, Contact, ProfitByMaterialAsPayer, ProfitByMaterialAsPayee, CostByMaterialAsPayer) VALUES ('2dc6dc0b-307b-3bde-5c76-66508ad02725', N'Katina Abel', 1, 0, 1)
INSERT dbo.Supplier(Oid, Contact, ProfitByMaterialAsPayer, ProfitByMaterialAsPayee, CostByMaterialAsPayer) VALUES ('5f00c41b-39dc-51ee-0802-eefebbd653b8', N'Frances Abney', 0, 1, 0)
INSERT dbo.Supplier(Oid, Contact, ProfitByMaterialAsPayer, ProfitByMaterialAsPayee, CostByMaterialAsPayer) VALUES ('284445b2-65be-4f66-422b-e89ea5388e0b', N'Abraham Pfeiffer', 1, 1, 1)
INSERT dbo.Supplier(Oid, Contact, ProfitByMaterialAsPayer, ProfitByMaterialAsPayee, CostByMaterialAsPayer) VALUES ('26c1e1f8-3a26-53fe-5876-66508ad02725', N'Beatrice Medlock', 1, 0, 1)
INSERT dbo.Supplier(Oid, Contact, ProfitByMaterialAsPayer, ProfitByMaterialAsPayee, CostByMaterialAsPayer) VALUES ('58fc185f-1925-3117-334d-4c0f86f26090', N'Demetrius Brinkley', 0, 1, 1)
INSERT dbo.Supplier(Oid, Contact, ProfitByMaterialAsPayer, ProfitByMaterialAsPayee, CostByMaterialAsPayer) VALUES ('36460dcf-323b-1391-8ec9-bcec0cd444f8', N'Dawn Rivers', 0, 0, 0)
INSERT dbo.Supplier(Oid, Contact, ProfitByMaterialAsPayer, ProfitByMaterialAsPayee, CostByMaterialAsPayer) VALUES ('336d8f99-255d-646e-f0b6-6f4dd73eba9e', N'Larita Hammett', 0, 0, 1)
INSERT dbo.Supplier(Oid, Contact, ProfitByMaterialAsPayer, ProfitByMaterialAsPayee, CostByMaterialAsPayer) VALUES ('481c748b-2a85-2a28-efb6-6f4dd73eba9e', N'Elvin Lytle', 1, 0, 0)
INSERT dbo.Supplier(Oid, Contact, ProfitByMaterialAsPayer, ProfitByMaterialAsPayee, CostByMaterialAsPayer) VALUES ('37e456ed-14a3-6717-f3b6-6f4dd73eba9e', N'Scottie Hodge', 1, 1, 0)
INSERT dbo.Supplier(Oid, Contact, ProfitByMaterialAsPayer, ProfitByMaterialAsPayee, CostByMaterialAsPayer) VALUES ('51d8cc33-7be1-161f-f396-94965a4eaa62', N'Adan Cline', 0, 1, 0)
INSERT dbo.Supplier(Oid, Contact, ProfitByMaterialAsPayer, ProfitByMaterialAsPayee, CostByMaterialAsPayer) VALUES ('1b3166b4-1301-5956-5a76-66508ad02725', N'Sadie Obrien', 1, 0, 1)
INSERT dbo.Supplier(Oid, Contact, ProfitByMaterialAsPayer, ProfitByMaterialAsPayee, CostByMaterialAsPayer) VALUES ('5e306560-6b07-2cdf-5b76-66508ad02725', N'Dewitt Alvarado', 1, 1, 0)
INSERT dbo.Supplier(Oid, Contact, ProfitByMaterialAsPayer, ProfitByMaterialAsPayee, CostByMaterialAsPayer) VALUES ('69619ef2-1249-20fa-797e-3e3b283cabde', N'Karan Ackerman', 1, 1, 1)
INSERT dbo.Supplier(Oid, Contact, ProfitByMaterialAsPayer, ProfitByMaterialAsPayee, CostByMaterialAsPayer) VALUES ('1a591774-4565-7236-90c9-bcec0cd444f8', N'Shonda Alicea', 0, 1, 0)
INSERT dbo.Supplier(Oid, Contact, ProfitByMaterialAsPayer, ProfitByMaterialAsPayee, CostByMaterialAsPayer) VALUES ('66a18612-296a-25b0-d94b-16e575b61049', N'Arron Elam', 1, 1, 1)
INSERT dbo.Supplier(Oid, Contact, ProfitByMaterialAsPayer, ProfitByMaterialAsPayee, CostByMaterialAsPayer) VALUES ('61e25755-3de1-1adf-8fc9-bcec0cd444f8', N'Russell Simmons', 0, 1, 1)
INSERT dbo.Supplier(Oid, Contact, ProfitByMaterialAsPayer, ProfitByMaterialAsPayee, CostByMaterialAsPayer) VALUES ('2f8a5a0d-54fa-587b-5676-66508ad02725', N'Louis Streeter', 1, 1, 0)
INSERT dbo.Supplier(Oid, Contact, ProfitByMaterialAsPayer, ProfitByMaterialAsPayee, CostByMaterialAsPayer) VALUES ('5aa02579-73ed-23cd-314d-4c0f86f26090', N'Colby Merrill', 0, 1, 1)
INSERT dbo.Supplier(Oid, Contact, ProfitByMaterialAsPayer, ProfitByMaterialAsPayee, CostByMaterialAsPayer) VALUES ('7a311573-456f-56e3-0902-eefebbd653b8', N'Bennett Gay', 1, 1, 1)
INSERT dbo.Supplier(Oid, Contact, ProfitByMaterialAsPayer, ProfitByMaterialAsPayee, CostByMaterialAsPayer) VALUES ('751604f5-1e51-6d47-3f2b-e89ea5388e0b', N'Wally Weaver', 0, 1, 0)
INSERT dbo.Supplier(Oid, Contact, ProfitByMaterialAsPayer, ProfitByMaterialAsPayee, CostByMaterialAsPayer) VALUES ('6f0fc907-5bf7-6e28-ef96-94965a4eaa62', N'Leigh Simons', 1, 1, 1)
INSERT dbo.Supplier(Oid, Contact, ProfitByMaterialAsPayer, ProfitByMaterialAsPayee, CostByMaterialAsPayer) VALUES ('3f22df3a-3b15-3b5a-787e-3e3b283cabde', N'Burl Jay', 1, 0, 1)
INSERT dbo.Supplier(Oid, Contact, ProfitByMaterialAsPayer, ProfitByMaterialAsPayee, CostByMaterialAsPayer) VALUES ('66b0e9ee-53c2-4a98-432b-e89ea5388e0b', N'Alena Abraham', 1, 0, 1)
INSERT dbo.Supplier(Oid, Contact, ProfitByMaterialAsPayer, ProfitByMaterialAsPayee, CostByMaterialAsPayer) VALUES ('1259a17c-69e8-7a1c-da4b-16e575b61049', N'Savanna Obryan', 1, 1, 0)
INSERT dbo.Supplier(Oid, Contact, ProfitByMaterialAsPayer, ProfitByMaterialAsPayee, CostByMaterialAsPayer) VALUES ('4f7021f5-7800-11be-0a02-eefebbd653b8', N'Carrol Norris', 1, 0, 1)
INSERT dbo.Supplier(Oid, Contact, ProfitByMaterialAsPayer, ProfitByMaterialAsPayee, CostByMaterialAsPayer) VALUES ('5f0a8444-3de1-3f02-eeb6-6f4dd73eba9e', N'Lasonya Villasenor', 1, 1, 0)
INSERT dbo.Supplier(Oid, Contact, ProfitByMaterialAsPayer, ProfitByMaterialAsPayee, CostByMaterialAsPayer) VALUES ('49bdab11-1115-7150-d84b-16e575b61049', N'Ching Griswold', 1, 0, 1)
INSERT dbo.Supplier(Oid, Contact, ProfitByMaterialAsPayer, ProfitByMaterialAsPayee, CostByMaterialAsPayer) VALUES ('1e3453a2-3ef5-5f70-8dc9-bcec0cd444f8', N'Rickie Borges', 0, 0, 0)
INSERT dbo.Supplier(Oid, Contact, ProfitByMaterialAsPayer, ProfitByMaterialAsPayee, CostByMaterialAsPayer) VALUES ('1a361dba-2edd-6ebd-324d-4c0f86f26090', N'Megan Keen', 1, 0, 1)
INSERT dbo.Supplier(Oid, Contact, ProfitByMaterialAsPayer, ProfitByMaterialAsPayee, CostByMaterialAsPayer) VALUES ('5984fdaa-1e0e-68c7-3e2b-e89ea5388e0b', N'Angie Byers', 0, 0, 0)
INSERT dbo.Supplier(Oid, Contact, ProfitByMaterialAsPayer, ProfitByMaterialAsPayee, CostByMaterialAsPayer) VALUES ('669afd3f-720a-6e34-1902-ce5da15ac776', N'Wilburn Kinney', 0, 0, 1)
INSERT dbo.Supplier(Oid, Contact, ProfitByMaterialAsPayer, ProfitByMaterialAsPayee, CostByMaterialAsPayer) VALUES ('397bc919-4888-5ab2-402b-e89ea5388e0b', N'Emerson Mace', 1, 1, 0)
INSERT dbo.Supplier(Oid, Contact, ProfitByMaterialAsPayer, ProfitByMaterialAsPayee, CostByMaterialAsPayer) VALUES ('7959e1dd-2e0b-4306-7a7e-3e3b283cabde', N'Reuben Elam', 0, 0, 0)
INSERT dbo.Supplier(Oid, Contact, ProfitByMaterialAsPayer, ProfitByMaterialAsPayee, CostByMaterialAsPayer) VALUES ('499200b3-46a5-60a7-f196-94965a4eaa62', N'Otto Tirado', 1, 0, 1)
INSERT dbo.Supplier(Oid, Contact, ProfitByMaterialAsPayer, ProfitByMaterialAsPayee, CostByMaterialAsPayer) VALUES ('43624c49-472d-4810-f296-94965a4eaa62', N'Wilmer Pinto', 0, 1, 1)
INSERT dbo.Supplier(Oid, Contact, ProfitByMaterialAsPayer, ProfitByMaterialAsPayee, CostByMaterialAsPayer) VALUES ('4abdf3c0-7507-7423-304d-4c0f86f26090', N'Cheryll Sorensen', 0, 0, 1)
INSERT dbo.Supplier(Oid, Contact, ProfitByMaterialAsPayer, ProfitByMaterialAsPayee, CostByMaterialAsPayer) VALUES ('7e919581-5fd4-1caf-5776-66508ad02725', N'Adam Faulk', 1, 0, 0)
INSERT dbo.Supplier(Oid, Contact, ProfitByMaterialAsPayer, ProfitByMaterialAsPayee, CostByMaterialAsPayer) VALUES ('24fee4c1-709c-79d6-1802-ce5da15ac776', N'Andria Carnes', 1, 1, 1)
INSERT dbo.Supplier(Oid, Contact, ProfitByMaterialAsPayer, ProfitByMaterialAsPayee, CostByMaterialAsPayer) VALUES ('699acaa2-66da-563a-1702-ce5da15ac776', N'Adrian Briscoe', 1, 0, 1)
INSERT dbo.Supplier(Oid, Contact, ProfitByMaterialAsPayer, ProfitByMaterialAsPayee, CostByMaterialAsPayer) VALUES ('14735d5d-67ff-5dad-412b-e89ea5388e0b', N'Ila Melendez', 0, 0, 0)
INSERT dbo.Supplier(Oid, Contact, ProfitByMaterialAsPayer, ProfitByMaterialAsPayee, CostByMaterialAsPayer) VALUES ('244bd1b5-7428-4b87-0702-eefebbd653b8', N'Rudy Riggins', 0, 1, 0)
INSERT dbo.Supplier(Oid, Contact, ProfitByMaterialAsPayer, ProfitByMaterialAsPayee, CostByMaterialAsPayer) VALUES ('5ebb6116-1627-3f70-0602-eefebbd653b8', N'August Mercer', 0, 0, 0)
INSERT dbo.Supplier(Oid, Contact, ProfitByMaterialAsPayer, ProfitByMaterialAsPayee, CostByMaterialAsPayer) VALUES ('228bfc03-38db-4741-f096-94965a4eaa62', N'Cherish Ames', 0, 0, 0)
INSERT dbo.Supplier(Oid, Contact, ProfitByMaterialAsPayer, ProfitByMaterialAsPayee, CostByMaterialAsPayer) VALUES ('6c4c1f9b-1644-2620-5976-66508ad02725', N'Beau Otero', 0, 0, 0)
GO

--
-- Set NOEXEC to off
--

SET NOEXEC OFF
GO