--
-- Script was generated by Devart dbForge Data Generator for SQL Server, Version 4.2.52.0
-- Product Home Page: http://www.devart.com/dbforge/sql/data-generator/
-- Script date 19.06.2019 21:40:12
-- Target server version: 14.00.2014
-- Target connection string: Data Source=DESKTOP-CMO0QAI\SQLEXPRESS01;Encrypt=False;Integrated Security=True;User ID=DESKTOP-CMO0QAI\Veotani
--



SET LANGUAGE 'Russian'
SET DATEFORMAT ymd
SET ARITHABORT, ANSI_PADDING, ANSI_WARNINGS, CONCAT_NULL_YIELDS_NULL, QUOTED_IDENTIFIER, ANSI_NULLS, NOCOUNT ON
SET NUMERIC_ROUNDABORT, IMPLICIT_TRANSACTIONS, XACT_ABORT OFF
GO

--
-- Backing up database PaymentData
--
--
-- Create backup folder
--
IF OBJECT_ID('xp_create_subdir') IS NOT NULL
  EXEC xp_create_subdir N'C:\Program Files\Microsoft SQL Server\MSSQL14.SQLEXPRESS01\MSSQL\Backup'
--
-- Backup database to the file with the name: <database_name>_<yyyy>_<mm>_<dd>_<hh>_<mi>.bak
--
DECLARE @db_name SYSNAME
SET @db_name = N'PaymentData'

DECLARE @filepath NVARCHAR(4000)
SET @filepath =
/*define base part*/ N'C:\Program Files\Microsoft SQL Server\MSSQL14.SQLEXPRESS01\MSSQL\Backup\' + @db_name + '_' +
/*append date*/ REPLACE(CONVERT(NVARCHAR(10), GETDATE(), 102), '.', '_') + '_' +
/*append time*/ REPLACE(CONVERT(NVARCHAR(5), GETDATE(), 108), ':', '_') + '.bak'

DECLARE @SQL NVARCHAR(MAX)
SET @SQL = 
    N'BACKUP DATABASE ' + QUOTENAME(@db_name) + ' TO DISK = @filepath WITH INIT' + 
      CASE WHEN EXISTS(
                SELECT value
                FROM sys.configurations
                WHERE name = 'backup compression default'
          )
        THEN ', COMPRESSION'
        ELSE ''
      END

EXEC sys.sp_executesql @SQL, N'@filepath NVARCHAR(4000)', @filepath = @filepath
GO

USE PaymentData
GO

IF DB_NAME() <> N'PaymentData' SET NOEXEC ON
GO

--
-- Disabling DML triggers for dbo.PaymentParticipant
--
DISABLE TRIGGER ALL ON dbo.PaymentParticipant
GO

--
-- Disabling DML triggers for dbo.Project
--
DISABLE TRIGGER ALL ON dbo.Project
GO

--
-- Disabling DML triggers for dbo.Payment
--
DISABLE TRIGGER ALL ON dbo.Payment
GO
--
-- Delete data from the table 'dbo.Supplier'
--
TRUNCATE TABLE dbo.Supplier
GO
--
-- Delete data from the table 'dbo.Payment'
--
TRUNCATE TABLE dbo.Payment
GO
--
-- Delete data from the table 'dbo.Cashbox'
--
TRUNCATE TABLE dbo.Cashbox
GO
--
-- Delete data from the table 'dbo.Bank'
--
TRUNCATE TABLE dbo.Bank
GO
--
-- Delete data from the table 'dbo.Project'
--
DELETE dbo.Project
GO
--
-- Delete data from the table 'dbo.Employee'
--
DELETE dbo.Employee
GO
--
-- Delete data from the table 'dbo.Client'
--
DELETE dbo.Client
GO

--
-- Delete data from the table 'dbo.PaymentParticipant'
--
DELETE dbo.PaymentParticipant
GO
--
-- Delete data from the table 'dbo.PaymentCategory'
--
DELETE dbo.PaymentCategory
GO
--
-- Delete data from the table 'dbo.AccountType'
--
DELETE dbo.AccountType
GO

--
-- Inserting data into table dbo.AccountType
--
INSERT dbo.AccountType(Oid, Name, OptimisticLockField, GCRecord) VALUES ('142cb08f-7c31-21fa-8e90-67245e8b283e', N'Letha241', -43, 3)
INSERT dbo.AccountType(Oid, Name, OptimisticLockField, GCRecord) VALUES ('469b3ece-744a-45d5-957d-e8c757976496', N'Mollie1975', -2085986561, -503869800)
INSERT dbo.AccountType(Oid, Name, OptimisticLockField, GCRecord) VALUES ('4e272fc4-7875-78d6-7d32-6a1673ffca7c', N'Quintin5', -826037299, 73)
INSERT dbo.AccountType(Oid, Name, OptimisticLockField, GCRecord) VALUES ('17120d02-6ab5-3e43-18cb-66948daf6128', N'Kathern49', -433904017, -576992442)
INSERT dbo.AccountType(Oid, Name, OptimisticLockField, GCRecord) VALUES ('11452b0c-768e-5ff7-0d63-eeb1d8ed8cef', N'Felisa221', -608309088, -160030359)
INSERT dbo.AccountType(Oid, Name, OptimisticLockField, GCRecord) VALUES ('768f8e64-7d10-20c9-967d-e8c757976496', N'Shenita2027', -1042831474, -549751213)
INSERT dbo.AccountType(Oid, Name, OptimisticLockField, GCRecord) VALUES ('4577565a-7e3e-493a-74dd-867949feb8b5', N'Arnita2004', -697061317, -82528001)
INSERT dbo.AccountType(Oid, Name, OptimisticLockField, GCRecord) VALUES ('7686595d-16d5-33b3-0080-e8e2a817c80e', N'Woodrow2009', -1403191989, -815769465)
INSERT dbo.AccountType(Oid, Name, OptimisticLockField, GCRecord) VALUES ('59d19422-6657-452e-a7db-e5d54223c257', N'Chantel318', 6389, -1956156509)
INSERT dbo.AccountType(Oid, Name, OptimisticLockField, GCRecord) VALUES ('2bbbd485-6df2-536a-7e32-6a1673ffca7c', N'Aisha2010', -1477677474, -461222556)
GO

--
-- Inserting data into table dbo.PaymentCategory
--
INSERT dbo.PaymentCategory(Oid, Name, OptimisticLockField, GCRecord, ProfitByMaterial, CostByMaterial, NotInPaymentParticipantProfit) VALUES ('2a951a0f-259c-2832-7dcc-ee92bf437a3f', N'Accessories', -463293378, 3, 0, 1, 0)
INSERT dbo.PaymentCategory(Oid, Name, OptimisticLockField, GCRecord, ProfitByMaterial, CostByMaterial, NotInPaymentParticipantProfit) VALUES ('49b5613c-112f-5d16-636f-d59c8dd9bef2', N'Computers', -1501329100, -2090539160, 1, 0, 0)
INSERT dbo.PaymentCategory(Oid, Name, OptimisticLockField, GCRecord, ProfitByMaterial, CostByMaterial, NotInPaymentParticipantProfit) VALUES ('26a546dc-51ef-474e-ec75-f433c80be791', N'Garden', 67, -1298511159, 1, 0, 1)
INSERT dbo.PaymentCategory(Oid, Name, OptimisticLockField, GCRecord, ProfitByMaterial, CostByMaterial, NotInPaymentParticipantProfit) VALUES ('60b82625-3612-24de-9617-6d44a4db1359', N'Jewelry', -940489305, -730023638, 0, 0, 1)
INSERT dbo.PaymentCategory(Oid, Name, OptimisticLockField, GCRecord, ProfitByMaterial, CostByMaterial, NotInPaymentParticipantProfit) VALUES ('359963d8-1e69-5220-7ecc-ee92bf437a3f', N'Accessories', -1163814149, -598152306, 0, 1, 0)
INSERT dbo.PaymentCategory(Oid, Name, OptimisticLockField, GCRecord, ProfitByMaterial, CostByMaterial, NotInPaymentParticipantProfit) VALUES ('2181e1b4-3cf9-2495-bbec-c0283040ad25', N'Garden', -865590283, -497829609, 1, 1, 0)
INSERT dbo.PaymentCategory(Oid, Name, OptimisticLockField, GCRecord, ProfitByMaterial, CostByMaterial, NotInPaymentParticipantProfit) VALUES ('4ef150ce-6a97-2441-241c-bd61bb603dc5', N'Toys', -8, -1272245938, 1, 0, 1)
INSERT dbo.PaymentCategory(Oid, Name, OptimisticLockField, GCRecord, ProfitByMaterial, CostByMaterial, NotInPaymentParticipantProfit) VALUES ('1869fe35-23c5-7aef-d42a-7682e3734d78', N'Games', -1541817106, 56, 0, 1, 0)
INSERT dbo.PaymentCategory(Oid, Name, OptimisticLockField, GCRecord, ProfitByMaterial, CostByMaterial, NotInPaymentParticipantProfit) VALUES ('44cbba58-64e2-12c7-9717-6d44a4db1359', N'Home', -2036831691, 84, 1, 1, 0)
INSERT dbo.PaymentCategory(Oid, Name, OptimisticLockField, GCRecord, ProfitByMaterial, CostByMaterial, NotInPaymentParticipantProfit) VALUES ('58e9cca7-69fc-2741-0cd1-3eb0d6c8a3ab', N'Movies', -361358126, -1979878984, 1, 0, 1)
GO

--
-- Inserting data into table dbo.PaymentParticipant
--
INSERT dbo.PaymentParticipant(Oid, Balance, Name, OptimisticLockField, GCRecord, ObjectType, ActiveFrom, InactiveFrom, BankDetails, Balance2, Balance3) VALUES ('31364645-14ed-27fc-d711-56e108b1c222', 6, N'JUDBY5719P', -1849585943, -880027700, -2057953104, '1995-02-08 14:13:12.910', '2013-10-17 03:40:11.040', N'CDZFQ1644E', 14, 37)
INSERT dbo.PaymentParticipant(Oid, Balance, Name, OptimisticLockField, GCRecord, ObjectType, ActiveFrom, InactiveFrom, BankDetails, Balance2, Balance3) VALUES ('394b238c-2ef4-4298-5333-57d1d013a38f', 86, N'MNEKF9538G', -766581882, -1237494025, 13, '1975-08-22 17:54:54.900', '1991-11-16 22:29:23.850', N'CHSFO5424Y', 57, 1)
INSERT dbo.PaymentParticipant(Oid, Balance, Name, OptimisticLockField, GCRecord, ObjectType, ActiveFrom, InactiveFrom, BankDetails, Balance2, Balance3) VALUES ('5db23f21-65b9-3ea7-244c-4663158f29cd', 27, N'KKPKA5313F', -1561801187, -1503667975, -3268, '1982-01-02 11:49:36.800', '2004-10-31 13:48:56.560', N'WTHTG6928X', 12, 70)
INSERT dbo.PaymentParticipant(Oid, Balance, Name, OptimisticLockField, GCRecord, ObjectType, ActiveFrom, InactiveFrom, BankDetails, Balance2, Balance3) VALUES ('61b9cb60-344e-7294-f363-8a7ba31d9960', 74, N'SIGFU1662T', -84, 708, -1252141232, '1977-08-24 23:39:00.890', '1976-01-12 18:58:42.260', N'PMGBC9232Z', 70, 88)
INSERT dbo.PaymentParticipant(Oid, Balance, Name, OptimisticLockField, GCRecord, ObjectType, ActiveFrom, InactiveFrom, BankDetails, Balance2, Balance3) VALUES ('72fe93fd-517a-1729-db18-0ccabe85ff46', 10, N'NMNGK4455I', -1614312267, -1048650424, -2045713596, '1970-12-17 08:51:02.390', '1982-11-14 05:55:52.950', N'BPTLL5413X', 30, 41)
INSERT dbo.PaymentParticipant(Oid, Balance, Name, OptimisticLockField, GCRecord, ObjectType, ActiveFrom, InactiveFrom, BankDetails, Balance2, Balance3) VALUES ('6e33d899-6a6c-5534-bfc6-d72f24192909', 29, N'BLBCX2871H', -1909791908, -1542031234, -45, '2000-05-07 03:02:09.440', '2007-12-24 05:14:27.050', N'CZYTM8632G', 30, 37)
INSERT dbo.PaymentParticipant(Oid, Balance, Name, OptimisticLockField, GCRecord, ObjectType, ActiveFrom, InactiveFrom, BankDetails, Balance2, Balance3) VALUES ('21d97f61-513d-59dc-abb3-cad96b318fc3', 12, N'BXJCI6279F', -1784893508, -2041217293, -5607, '2013-03-01 01:15:22.930', '1990-12-13 11:00:55.800', N'NYJGW4461K', 55, 60)
INSERT dbo.PaymentParticipant(Oid, Balance, Name, OptimisticLockField, GCRecord, ObjectType, ActiveFrom, InactiveFrom, BankDetails, Balance2, Balance3) VALUES ('28048e4e-650a-6f62-3a97-c414fa26c3e6', 87, N'GIZJF9756Q', -840748626, -1427532365, -1302707293, '1978-11-15 04:40:01.290', '2008-10-26 08:01:14.790', N'EVCCK2625T', 24, 84)
INSERT dbo.PaymentParticipant(Oid, Balance, Name, OptimisticLockField, GCRecord, ObjectType, ActiveFrom, InactiveFrom, BankDetails, Balance2, Balance3) VALUES ('33c6d4c6-4389-65c9-d811-56e108b1c222', 17, N'ECUHP3592P', -1154467762, -1566134516, -405123311, '2016-12-15 10:25:36.390', '2014-05-09 18:50:00.470', N'PEKPO3853K', 40, 46)
INSERT dbo.PaymentParticipant(Oid, Balance, Name, OptimisticLockField, GCRecord, ObjectType, ActiveFrom, InactiveFrom, BankDetails, Balance2, Balance3) VALUES ('493bb3e1-766d-55a9-c0c6-d72f24192909', 71, N'UINBI1677F', -1075602905, -8788, -994262518, '2004-12-19 10:32:20.500', '1991-08-09 15:09:05.020', N'WPUGU6742X', 49, 2)
GO

--
-- Inserting data into table dbo.Client
--
INSERT dbo.Client(Oid, FirstName, SecondName, Phone) VALUES ('493bb3e1-766d-55a9-c0c6-d72f24192909', N'Elwood', N'Coleman', N'(877) 128-5657')
INSERT dbo.Client(Oid, FirstName, SecondName, Phone) VALUES ('72fe93fd-517a-1729-db18-0ccabe85ff46', N'Lindsey', N'Fife', N'(615) 958-2687')
INSERT dbo.Client(Oid, FirstName, SecondName, Phone) VALUES ('31364645-14ed-27fc-d711-56e108b1c222', N'Deedra', N'Severson', N'(904) 187-6158')
INSERT dbo.Client(Oid, FirstName, SecondName, Phone) VALUES ('6e33d899-6a6c-5534-bfc6-d72f24192909', N'Rayford', N'Turney', N'(389) 664-8463')
INSERT dbo.Client(Oid, FirstName, SecondName, Phone) VALUES ('394b238c-2ef4-4298-5333-57d1d013a38f', N'Sonny', N'Mattox', N'(224) 768-0727')
INSERT dbo.Client(Oid, FirstName, SecondName, Phone) VALUES ('21d97f61-513d-59dc-abb3-cad96b318fc3', N'Hope', N'Seward', N'(434) 643-2196')
INSERT dbo.Client(Oid, FirstName, SecondName, Phone) VALUES ('5db23f21-65b9-3ea7-244c-4663158f29cd', N'Chandra', N'Turpin', N'(339) 239-5458')
INSERT dbo.Client(Oid, FirstName, SecondName, Phone) VALUES ('28048e4e-650a-6f62-3a97-c414fa26c3e6', N'Charolette', N'Kelsey', N'(402) 533-4967')
INSERT dbo.Client(Oid, FirstName, SecondName, Phone) VALUES ('61b9cb60-344e-7294-f363-8a7ba31d9960', N'Kim', N'Mattson', N'(326) 891-3864')
INSERT dbo.Client(Oid, FirstName, SecondName, Phone) VALUES ('33c6d4c6-4389-65c9-d811-56e108b1c222', N'Randolph', N'Overby', N'(685) 825-8109')
GO

--
-- Inserting data into table dbo.Employee
--
INSERT dbo.Employee(Oid, BusyUntil, SecondName, Stuff, HourPrice, Patronymic, PlanfixId, PlanfixMoneyRequestTask) VALUES ('493bb3e1-766d-55a9-c0c6-d72f24192909', '1995-04-10 18:11:16.630', N'Sousa', -391015816, 1999, N'1ZP9U3B3F', 1, N'3')
INSERT dbo.Employee(Oid, BusyUntil, SecondName, Stuff, HourPrice, Patronymic, PlanfixId, PlanfixMoneyRequestTask) VALUES ('61b9cb60-344e-7294-f363-8a7ba31d9960', '1989-01-26 07:53:04.740', N'Welker', -616262821, 1903, N'1R8JR9K8X09X0623723033L629L3W63C26G8ZY369VZ66VZSF0012P5MI037QU262BR63R3H', 2, N'863S39')
INSERT dbo.Employee(Oid, BusyUntil, SecondName, Stuff, HourPrice, Patronymic, PlanfixId, PlanfixMoneyRequestTask) VALUES ('33c6d4c6-4389-65c9-d811-56e108b1c222', '2000-02-18 03:09:15.010', N'Douglass', -4122, 115, N'OK2XVQX1ULF345708Y6658CO6U02S7FKB6C5F0BH77H4A9G3MI6HJGZ539A01JDEW8N7T954', 3, N'1K2M6M018K73F7S')
INSERT dbo.Employee(Oid, BusyUntil, SecondName, Stuff, HourPrice, Patronymic, PlanfixId, PlanfixMoneyRequestTask) VALUES ('72fe93fd-517a-1729-db18-0ccabe85ff46', '2011-04-17 17:45:11.330', N'Pittman', 6717, 756, N'7YLLXP58E3R4778', 4, N'36L121G02H0RIE2')
INSERT dbo.Employee(Oid, BusyUntil, SecondName, Stuff, HourPrice, Patronymic, PlanfixId, PlanfixMoneyRequestTask) VALUES ('31364645-14ed-27fc-d711-56e108b1c222', '1971-03-09 14:52:15.330', N'Godwin', -1845662322, 1030, N'89Y4W', 5, N'70901I03W')
INSERT dbo.Employee(Oid, BusyUntil, SecondName, Stuff, HourPrice, Patronymic, PlanfixId, PlanfixMoneyRequestTask) VALUES ('6e33d899-6a6c-5534-bfc6-d72f24192909', '1994-09-19 23:08:16.010', N'Loveless', -358640399, 586, N'8CQL9', 6, N'T705H0T18O998')
INSERT dbo.Employee(Oid, BusyUntil, SecondName, Stuff, HourPrice, Patronymic, PlanfixId, PlanfixMoneyRequestTask) VALUES ('394b238c-2ef4-4298-5333-57d1d013a38f', '2002-08-10 02:50:15.050', N'South', -1879078749, 1642, N'6D02RRCDE142QX9YL52JLZS6314LV6E4QX5W4484NN87378859PA23EEN8WZTL46190FE12908KWD52051I03H5YAQUAG76SJNUG', 7, N'465K8Y93FG6EG391H6PPAOY2UOX1GP80VCA')
INSERT dbo.Employee(Oid, BusyUntil, SecondName, Stuff, HourPrice, Patronymic, PlanfixId, PlanfixMoneyRequestTask) VALUES ('21d97f61-513d-59dc-abb3-cad96b318fc3', '1985-03-10 00:30:00.960', N'Bobbitt', -1450989276, 1282, N'BBUN8IQ68MV3', 8, N'8CP063')
INSERT dbo.Employee(Oid, BusyUntil, SecondName, Stuff, HourPrice, Patronymic, PlanfixId, PlanfixMoneyRequestTask) VALUES ('5db23f21-65b9-3ea7-244c-4663158f29cd', '1993-05-03 01:21:06.790', N'Dove', -468759293, 883, N'17', 9, N'HA')
INSERT dbo.Employee(Oid, BusyUntil, SecondName, Stuff, HourPrice, Patronymic, PlanfixId, PlanfixMoneyRequestTask) VALUES ('28048e4e-650a-6f62-3a97-c414fa26c3e6', '1975-12-28 01:59:27.910', N'Mena', -804943989, 1646, N'24ER2Q186LR5709LM55H2WP96AK37BZ4JA9R7ZH789FU8SK8856MVT87P485ETQSN9UT2A3J4U6P34L26N14JG9L9883935PZK32', 10, N'09VS')
GO

UPDATE dbo.Employee SET Head = '493bb3e1-766d-55a9-c0c6-d72f24192909'
GO

--
-- Inserting data into table dbo.Project
--
INSERT dbo.Project(Oid, Name, Address, Client, Manager, Foreman, OptimisticLockField, GCRecord, Balance, BalanceByMaterial, BalanceByWork, PlaningStartDate, Status, FinishDate, Area, WorkPriceRate, WorkersPriceRate, RemainderTheAdvance, PlanfixWorkTask, PlanfixChangeRequestTask, UseAnalytics) VALUES ('3c085312-6a93-27c6-9377-d197b06147a8', N'Handy9', N'864 Ironwood Lane, Keith Building, Columbia, SC, 91786', '61b9cb60-344e-7294-f363-8a7ba31d9960', '33c6d4c6-4389-65c9-d811-56e108b1c222', '28048e4e-650a-6f62-3a97-c414fa26c3e6', 4063, -118836618, 40, 69, 76, '2012-05-23 14:41:21.400', -1296762022, '2018-02-10 00:00:00.000', -327203779, 4063.85, -5602005218.26, 901, N'Z87TV556YP4NK2P98I580SB391D4PVC', N'3EXKK109516207E8NM9G56637HL3H8XWHMW61BO689633N6A7YSU', 0)
INSERT dbo.Project(Oid, Name, Address, Client, Manager, Foreman, OptimisticLockField, GCRecord, Balance, BalanceByMaterial, BalanceByWork, PlaningStartDate, Status, FinishDate, Area, WorkPriceRate, WorkersPriceRate, RemainderTheAdvance, PlanfixWorkTask, PlanfixChangeRequestTask, UseAnalytics) VALUES ('28e0e5dc-6ef2-2562-f22c-20ada5f246eb', N'Kristofer2020', N'2955 East Riverside Ct, Sacramento, California, 42552', '394b238c-2ef4-4298-5333-57d1d013a38f', '61b9cb60-344e-7294-f363-8a7ba31d9960', '33c6d4c6-4389-65c9-d811-56e108b1c222', -622406296, -502746807, 75, 7, 77, '1988-09-24 14:59:12.950', -973658950, '2009-02-10 00:00:00.000', 881, -71098407860.3, -64634889635.53, -10, N'H7FUW7V32L4KP838JPLWM39339B9', N'09O', 1)
INSERT dbo.Project(Oid, Name, Address, Client, Manager, Foreman, OptimisticLockField, GCRecord, Balance, BalanceByMaterial, BalanceByWork, PlaningStartDate, Status, FinishDate, Area, WorkPriceRate, WorkersPriceRate, RemainderTheAdvance, PlanfixWorkTask, PlanfixChangeRequestTask, UseAnalytics) VALUES ('1aa795ec-2f2f-3600-acc2-4f4995f9e0c1', N'Louise1972', N'752 Mountain Pkwy, Judge Bldg, Jefferson City, Missouri, 93286', '33c6d4c6-4389-65c9-d811-56e108b1c222', '493bb3e1-766d-55a9-c0c6-d72f24192909', '33c6d4c6-4389-65c9-d811-56e108b1c222', -1083770020, -1329268339, 26, 58, 76, '2006-06-26 10:36:00.340', 7691, '2017-10-18 00:00:00.000', -1384422066, 59042054945.58, 42091094904.8, -2034132615, N'46Q3EQY56D05', N'2N722G1IW4S31S', 1)
INSERT dbo.Project(Oid, Name, Address, Client, Manager, Foreman, OptimisticLockField, GCRecord, Balance, BalanceByMaterial, BalanceByWork, PlaningStartDate, Status, FinishDate, Area, WorkPriceRate, WorkersPriceRate, RemainderTheAdvance, PlanfixWorkTask, PlanfixChangeRequestTask, UseAnalytics) VALUES ('7ef53436-328a-70dc-3865-2901bec7844e', N'Guthrie44', N'3136 South Prospect Hill Circle, Standard Bldg, Boise, ID, 36929', '31364645-14ed-27fc-d711-56e108b1c222', '61b9cb60-344e-7294-f363-8a7ba31d9960', '493bb3e1-766d-55a9-c0c6-d72f24192909', 60, -1612669135, 6, 96, 5, '2008-06-04 13:21:25.180', -1404247616, '2019-10-23 00:00:00.000', 5354, 60.72, 24731060554.57, 54, N'VO0J2X2OFX2Q55MM151609Z566J5NXZ0759L299H2KR2Z636411M', N'I', 0)
INSERT dbo.Project(Oid, Name, Address, Client, Manager, Foreman, OptimisticLockField, GCRecord, Balance, BalanceByMaterial, BalanceByWork, PlaningStartDate, Status, FinishDate, Area, WorkPriceRate, WorkersPriceRate, RemainderTheAdvance, PlanfixWorkTask, PlanfixChangeRequestTask, UseAnalytics) VALUES ('3fbd5745-3a37-4b21-25e2-6211d310be16', N'Ada1968', N'108 Waterview Highway, 2nd FL, Lincoln, NE, 15094', '61b9cb60-344e-7294-f363-8a7ba31d9960', '31364645-14ed-27fc-d711-56e108b1c222', '6e33d899-6a6c-5534-bfc6-d72f24192909', -1252910433, -531727704, 14, 47, 82, '1992-06-21 21:47:22.060', -933486699, '2014-10-16 00:00:00.000', -1021984591, 81676231925.6, -14492194141.49, -1210025259, N'RQZSJ68EV059V0U4B1Q4I01508J0676F77710BYI77A291', N'264V17NLLN510G2JN46GF2P', 1)
INSERT dbo.Project(Oid, Name, Address, Client, Manager, Foreman, OptimisticLockField, GCRecord, Balance, BalanceByMaterial, BalanceByWork, PlaningStartDate, Status, FinishDate, Area, WorkPriceRate, WorkersPriceRate, RemainderTheAdvance, PlanfixWorkTask, PlanfixChangeRequestTask, UseAnalytics) VALUES ('4bf6e08f-7344-16e4-201a-ab4fd92feb34', N'Riley1962', N'3887 W Ironwood Hwy, Baton Rouge, LA, 95786', '394b238c-2ef4-4298-5333-57d1d013a38f', '394b238c-2ef4-4298-5333-57d1d013a38f', '493bb3e1-766d-55a9-c0c6-d72f24192909', 6244, -46, 62, 19, 36, '1972-11-16 10:57:00.050', -2881, '2009-01-07 00:00:00.000', -1153260117, 6244.55, -46.22, -2034688848, N'12EP0ENYO1N57Z0XN', N'2ED2143KZ950M', 1)
INSERT dbo.Project(Oid, Name, Address, Client, Manager, Foreman, OptimisticLockField, GCRecord, Balance, BalanceByMaterial, BalanceByWork, PlaningStartDate, Status, FinishDate, Area, WorkPriceRate, WorkersPriceRate, RemainderTheAdvance, PlanfixWorkTask, PlanfixChangeRequestTask, UseAnalytics) VALUES ('63b09ce3-3cfd-6242-dde1-a1fbc05aadd1', N'Ilene1982', N'2693 E Prospect Hill Ct, Columbia, South Carolina, 15107', '61b9cb60-344e-7294-f363-8a7ba31d9960', '72fe93fd-517a-1729-db18-0ccabe85ff46', '394b238c-2ef4-4298-5333-57d1d013a38f', -1927255975, -662705001, 94, 33, 39, '1989-12-26 23:46:50.680', -1841533059, '2016-03-18 00:00:00.000', -709302419, -98833247695.06, 77343317472.9, -1, N'O3R8XM5H', N'8N3VK44', 1)
INSERT dbo.Project(Oid, Name, Address, Client, Manager, Foreman, OptimisticLockField, GCRecord, Balance, BalanceByMaterial, BalanceByWork, PlaningStartDate, Status, FinishDate, Area, WorkPriceRate, WorkersPriceRate, RemainderTheAdvance, PlanfixWorkTask, PlanfixChangeRequestTask, UseAnalytics) VALUES ('48b02f77-34a8-1981-9477-d197b06147a8', N'Israel7', N'680 East Oak Loop, First Security Building, Charleston, WV, 56491', '493bb3e1-766d-55a9-c0c6-d72f24192909', '33c6d4c6-4389-65c9-d811-56e108b1c222', '28048e4e-650a-6f62-3a97-c414fa26c3e6', -1471976677, -1040399935, 19, 44, 31, '1989-08-07 18:11:56.810', -241293207, '2019-11-10 00:00:00.000', -1420904999, 90202243150.32, -90502700342.94, 7, N'F71798074F4VQXXGS2QA0YD8552C026LT94W3ZV7P7T67L117BKM7I78O0698N5', N'WX2H8Q2J6', 0)
INSERT dbo.Project(Oid, Name, Address, Client, Manager, Foreman, OptimisticLockField, GCRecord, Balance, BalanceByMaterial, BalanceByWork, PlaningStartDate, Status, FinishDate, Area, WorkPriceRate, WorkersPriceRate, RemainderTheAdvance, PlanfixWorkTask, PlanfixChangeRequestTask, UseAnalytics) VALUES ('210a7146-6ee6-49dc-adc2-4f4995f9e0c1', N'Mabel1979', N'600 Sharp Hill Avenue, Comcast Building, Atlanta, Georgia, 55818', '28048e4e-650a-6f62-3a97-c414fa26c3e6', '493bb3e1-766d-55a9-c0c6-d72f24192909', '21d97f61-513d-59dc-abb3-cad96b318fc3', 7441, -99, 74, 43, 7, '2000-11-20 09:23:35.600', -53635403, '2009-03-04 00:00:00.000', -1953219514, 7441.49, -99.78, -185196050, N'7L6T07M325NGIV2PB58P2ZB17EJ21Y1H', N'7MT5AJ8TFD41QA0DQ1197', 1)
INSERT dbo.Project(Oid, Name, Address, Client, Manager, Foreman, OptimisticLockField, GCRecord, Balance, BalanceByMaterial, BalanceByWork, PlaningStartDate, Status, FinishDate, Area, WorkPriceRate, WorkersPriceRate, RemainderTheAdvance, PlanfixWorkTask, PlanfixChangeRequestTask, UseAnalytics) VALUES ('398d9b1b-5ac3-375b-272e-c4457c8cc573', N'Falk492', N'781 SE Farmview Circle, Sacramento, California, 14402', '72fe93fd-517a-1729-db18-0ccabe85ff46', '394b238c-2ef4-4298-5333-57d1d013a38f', '394b238c-2ef4-4298-5333-57d1d013a38f', -310595831, -1836108288, 25, 31, 78, '1972-08-30 23:26:56.750', -819653370, '2016-05-27 00:00:00.000', -1950682099, -84349821124.53, 35937589167.17, -1215404370, N'Y6B5199', N'38K56P3L4H5PZ3X1F92C6628W7FATQ2378X08BX957T6', 1)
GO

--
-- Inserting data into table dbo.Bank
--
INSERT dbo.Bank(Oid, AccountType) VALUES ('28048e4e-650a-6f62-3a97-c414fa26c3e6', '4e272fc4-7875-78d6-7d32-6a1673ffca7c')
INSERT dbo.Bank(Oid, AccountType) VALUES ('61b9cb60-344e-7294-f363-8a7ba31d9960', '4e272fc4-7875-78d6-7d32-6a1673ffca7c')
INSERT dbo.Bank(Oid, AccountType) VALUES ('493bb3e1-766d-55a9-c0c6-d72f24192909', '7686595d-16d5-33b3-0080-e8e2a817c80e')
INSERT dbo.Bank(Oid, AccountType) VALUES ('33c6d4c6-4389-65c9-d811-56e108b1c222', '469b3ece-744a-45d5-957d-e8c757976496')
INSERT dbo.Bank(Oid, AccountType) VALUES ('72fe93fd-517a-1729-db18-0ccabe85ff46', '2bbbd485-6df2-536a-7e32-6a1673ffca7c')
INSERT dbo.Bank(Oid, AccountType) VALUES ('31364645-14ed-27fc-d711-56e108b1c222', '768f8e64-7d10-20c9-967d-e8c757976496')
INSERT dbo.Bank(Oid, AccountType) VALUES ('6e33d899-6a6c-5534-bfc6-d72f24192909', '2bbbd485-6df2-536a-7e32-6a1673ffca7c')
INSERT dbo.Bank(Oid, AccountType) VALUES ('394b238c-2ef4-4298-5333-57d1d013a38f', '7686595d-16d5-33b3-0080-e8e2a817c80e')
INSERT dbo.Bank(Oid, AccountType) VALUES ('21d97f61-513d-59dc-abb3-cad96b318fc3', '59d19422-6657-452e-a7db-e5d54223c257')
INSERT dbo.Bank(Oid, AccountType) VALUES ('5db23f21-65b9-3ea7-244c-4663158f29cd', '4577565a-7e3e-493a-74dd-867949feb8b5')
GO

--
-- Inserting data into table dbo.Cashbox
--
INSERT dbo.Cashbox(Oid, AccountType) VALUES ('493bb3e1-766d-55a9-c0c6-d72f24192909', '469b3ece-744a-45d5-957d-e8c757976496')
INSERT dbo.Cashbox(Oid, AccountType) VALUES ('21d97f61-513d-59dc-abb3-cad96b318fc3', '142cb08f-7c31-21fa-8e90-67245e8b283e')
INSERT dbo.Cashbox(Oid, AccountType) VALUES ('5db23f21-65b9-3ea7-244c-4663158f29cd', '4577565a-7e3e-493a-74dd-867949feb8b5')
INSERT dbo.Cashbox(Oid, AccountType) VALUES ('28048e4e-650a-6f62-3a97-c414fa26c3e6', '469b3ece-744a-45d5-957d-e8c757976496')
INSERT dbo.Cashbox(Oid, AccountType) VALUES ('61b9cb60-344e-7294-f363-8a7ba31d9960', '59d19422-6657-452e-a7db-e5d54223c257')
INSERT dbo.Cashbox(Oid, AccountType) VALUES ('33c6d4c6-4389-65c9-d811-56e108b1c222', '2bbbd485-6df2-536a-7e32-6a1673ffca7c')
INSERT dbo.Cashbox(Oid, AccountType) VALUES ('72fe93fd-517a-1729-db18-0ccabe85ff46', '768f8e64-7d10-20c9-967d-e8c757976496')
INSERT dbo.Cashbox(Oid, AccountType) VALUES ('31364645-14ed-27fc-d711-56e108b1c222', '7686595d-16d5-33b3-0080-e8e2a817c80e')
INSERT dbo.Cashbox(Oid, AccountType) VALUES ('6e33d899-6a6c-5534-bfc6-d72f24192909', '4577565a-7e3e-493a-74dd-867949feb8b5')
INSERT dbo.Cashbox(Oid, AccountType) VALUES ('394b238c-2ef4-4298-5333-57d1d013a38f', '768f8e64-7d10-20c9-967d-e8c757976496')
GO

--
-- Inserting data into table dbo.Payment
--
INSERT dbo.Payment(Oid, Amount, Category, Project, Justification, Comment, Date, Payer, Payee, OptimisticLockField, GCRecord, CreateDate, CheckNumber, IsAuthorized, Number) VALUES ('4ac29d56-58aa-17b5-5865-a41d0e078d49', 79, '60b82625-3612-24de-9617-6d44a4db1359', '48b02f77-34a8-1981-9477-d197b06147a8', N'0P0', N'Aperiam itaque voluptatem dolor molestiae.', '2014-08-11 22:24:19.170', '72fe93fd-517a-1729-db18-0ccabe85ff46', '72fe93fd-517a-1729-db18-0ccabe85ff46', -6673, 5412, '1994-07-10 19:58:31.050', N'20893', 0, N'65221')
INSERT dbo.Payment(Oid, Amount, Category, Project, Justification, Comment, Date, Payer, Payee, OptimisticLockField, GCRecord, CreateDate, CheckNumber, IsAuthorized, Number) VALUES ('1ddeb8b3-47c4-3566-f0ff-0bf8e460a224', 48, '44cbba58-64e2-12c7-9717-6d44a4db1359', '28e0e5dc-6ef2-2562-f22c-20ada5f246eb', N'9Z33035N6L29NLVHE7', N'Suscipit consequatur eveniet. Vitae et eum blanditiis? Incidunt iste.', '1996-01-30 20:16:22.400', '6e33d899-6a6c-5534-bfc6-d72f24192909', '72fe93fd-517a-1729-db18-0ccabe85ff46', 178, -1976555263, '1998-12-27 20:17:41.370', N'16066', 1, N'90723')
INSERT dbo.Payment(Oid, Amount, Category, Project, Justification, Comment, Date, Payer, Payee, OptimisticLockField, GCRecord, CreateDate, CheckNumber, IsAuthorized, Number) VALUES ('2d46bab3-4f6b-69a8-71b0-22cff29e2663', 32, '60b82625-3612-24de-9617-6d44a4db1359', '63b09ce3-3cfd-6242-dde1-a1fbc05aadd1', N'YFR70283XWDWVKY3CJ8MN', N'Vitae corrupti culpa in. Veniam nulla ut eum! Animi voluptates.', '1997-02-06 19:59:12.450', '72fe93fd-517a-1729-db18-0ccabe85ff46', '61b9cb60-344e-7294-f363-8a7ba31d9960', -1787229939, -181813882, '1974-10-11 12:28:52.360', N'96117', 1, N'42972')
INSERT dbo.Payment(Oid, Amount, Category, Project, Justification, Comment, Date, Payer, Payee, OptimisticLockField, GCRecord, CreateDate, CheckNumber, IsAuthorized, Number) VALUES ('28fac2a7-3b08-4b3b-d8b4-8d4600c9080b', 61, '1869fe35-23c5-7aef-d42a-7682e3734d78', '3c085312-6a93-27c6-9377-d197b06147a8', N'U94TO1Y8', N'Commodi eum et amet unde. Adipisci et similique repellat. Pariatur dolor.', '1985-02-18 17:25:43.660', '493bb3e1-766d-55a9-c0c6-d72f24192909', '31364645-14ed-27fc-d711-56e108b1c222', -1561621358, -1571886306, '1988-07-02 04:34:14.260', N'83115', 0, N'77230')
INSERT dbo.Payment(Oid, Amount, Category, Project, Justification, Comment, Date, Payer, Payee, OptimisticLockField, GCRecord, CreateDate, CheckNumber, IsAuthorized, Number) VALUES ('12b28924-2015-5d35-f1ff-0bf8e460a224', 14, '26a546dc-51ef-474e-ec75-f433c80be791', '1aa795ec-2f2f-3600-acc2-4f4995f9e0c1', N'EWDMWP5D50L4MZ8QZ43FOI2553VXE2', N'Voluptatem voluptas vel. Et libero. Iste nulla. Voluptatem fugiat. Fugit.', '1998-12-16 20:03:14.450', '493bb3e1-766d-55a9-c0c6-d72f24192909', '28048e4e-650a-6f62-3a97-c414fa26c3e6', -591007475, -713316031, '2015-04-20 12:34:03.500', N'16502', 0, N'84031')
INSERT dbo.Payment(Oid, Amount, Category, Project, Justification, Comment, Date, Payer, Payee, OptimisticLockField, GCRecord, CreateDate, CheckNumber, IsAuthorized, Number) VALUES ('6cb25a5f-3341-5f1d-d9b4-8d4600c9080b', 65, '58e9cca7-69fc-2741-0cd1-3eb0d6c8a3ab', '63b09ce3-3cfd-6242-dde1-a1fbc05aadd1', N'6045T32X575Q2FQ2', N'Voluptas minima. Sed aut est quisquam! Ut qui laboriosam natus eaque.', '1972-09-12 08:21:44.020', '33c6d4c6-4389-65c9-d811-56e108b1c222', '72fe93fd-517a-1729-db18-0ccabe85ff46', -851505665, -1968872305, '1975-08-29 01:11:11.070', N'07797', 0, N'20870')
INSERT dbo.Payment(Oid, Amount, Category, Project, Justification, Comment, Date, Payer, Payee, OptimisticLockField, GCRecord, CreateDate, CheckNumber, IsAuthorized, Number) VALUES ('7b65a1d7-52df-5fb9-16cf-1ab46ebdb0f4', 2, '60b82625-3612-24de-9617-6d44a4db1359', '1aa795ec-2f2f-3600-acc2-4f4995f9e0c1', N'2A844G7ZC828V594X8XLE', N'Nulla labore deserunt neque et. Sed voluptatem. Eos error! Illo aut.', '1991-05-31 05:17:39.080', '61b9cb60-344e-7294-f363-8a7ba31d9960', '33c6d4c6-4389-65c9-d811-56e108b1c222', -4, -246950798, '1975-11-11 07:13:05.650', N'04990', 0, N'55225')
INSERT dbo.Payment(Oid, Amount, Category, Project, Justification, Comment, Date, Payer, Payee, OptimisticLockField, GCRecord, CreateDate, CheckNumber, IsAuthorized, Number) VALUES ('4037b27c-61ef-3836-e061-aec1e6494175', 15, '2181e1b4-3cf9-2495-bbec-c0283040ad25', '63b09ce3-3cfd-6242-dde1-a1fbc05aadd1', N'0279EOJ88B4M0GAY16GGI7609N5M98B48BN7D8KYQ59V3707DPEH6GC954021L0RIX2QYET0M5454UU9U8Y264RT096XVHB3IMQP', N'Ea fuga neque et aut. Error dolores! Sed deleniti. Rerum odio.', '2010-02-24 15:00:04.080', '61b9cb60-344e-7294-f363-8a7ba31d9960', '394b238c-2ef4-4298-5333-57d1d013a38f', -1819425930, 74, '1973-12-12 02:34:30.510', N'74235', 0, N'71398')
INSERT dbo.Payment(Oid, Amount, Category, Project, Justification, Comment, Date, Payer, Payee, OptimisticLockField, GCRecord, CreateDate, CheckNumber, IsAuthorized, Number) VALUES ('3fe29540-7182-343d-f9ac-2c73cbe1da8e', 21, '49b5613c-112f-5d16-636f-d59c8dd9bef2', '3c085312-6a93-27c6-9377-d197b06147a8', N'33VT98X6YC1VKHN2511', N'Rem amet et. Laudantium non nihil temporibus necessitatibus.', '2009-07-12 17:24:29.800', '394b238c-2ef4-4298-5333-57d1d013a38f', '72fe93fd-517a-1729-db18-0ccabe85ff46', -42887057, -633046652, '1986-07-04 10:45:02.000', N'51507', 0, N'58328')
INSERT dbo.Payment(Oid, Amount, Category, Project, Justification, Comment, Date, Payer, Payee, OptimisticLockField, GCRecord, CreateDate, CheckNumber, IsAuthorized, Number) VALUES ('7053ee6c-11c6-39a4-f2ff-0bf8e460a224', 78, '2181e1b4-3cf9-2495-bbec-c0283040ad25', '28e0e5dc-6ef2-2562-f22c-20ada5f246eb', N'54SF26Q875NNI236FV5', N'Libero quaerat magni. Est quia consequuntur. Quia quo. Autem aut eum aliquam.', '2018-03-14 19:44:34.400', '21d97f61-513d-59dc-abb3-cad96b318fc3', '5db23f21-65b9-3ea7-244c-4663158f29cd', -1975297929, -1263239233, '2016-01-10 22:19:26.690', N'35489', 0, N'89987')
GO

--
-- Inserting data into table dbo.Supplier
--
INSERT dbo.Supplier(Oid, Contact, ProfitByMaterialAsPayer, ProfitByMaterialAsPayee, CostByMaterialAsPayer) VALUES ('493bb3e1-766d-55a9-c0c6-d72f24192909', N'Michael Johnson', 1, 0, 1)
INSERT dbo.Supplier(Oid, Contact, ProfitByMaterialAsPayer, ProfitByMaterialAsPayee, CostByMaterialAsPayer) VALUES ('5db23f21-65b9-3ea7-244c-4663158f29cd', N'Kina Abraham', 0, 0, 1)
INSERT dbo.Supplier(Oid, Contact, ProfitByMaterialAsPayer, ProfitByMaterialAsPayee, CostByMaterialAsPayer) VALUES ('28048e4e-650a-6f62-3a97-c414fa26c3e6', N'Alexis Laflamme', 0, 1, 1)
INSERT dbo.Supplier(Oid, Contact, ProfitByMaterialAsPayer, ProfitByMaterialAsPayee, CostByMaterialAsPayer) VALUES ('61b9cb60-344e-7294-f363-8a7ba31d9960', N'Julienne Baxley', 0, 1, 1)
INSERT dbo.Supplier(Oid, Contact, ProfitByMaterialAsPayer, ProfitByMaterialAsPayee, CostByMaterialAsPayer) VALUES ('33c6d4c6-4389-65c9-d811-56e108b1c222', N'Adolfo Bergeron', 0, 1, 0)
INSERT dbo.Supplier(Oid, Contact, ProfitByMaterialAsPayer, ProfitByMaterialAsPayee, CostByMaterialAsPayer) VALUES ('72fe93fd-517a-1729-db18-0ccabe85ff46', N'Garry Metzger', 0, 0, 0)
INSERT dbo.Supplier(Oid, Contact, ProfitByMaterialAsPayer, ProfitByMaterialAsPayee, CostByMaterialAsPayer) VALUES ('31364645-14ed-27fc-d711-56e108b1c222', N'Cathrine Southerland', 1, 0, 1)
INSERT dbo.Supplier(Oid, Contact, ProfitByMaterialAsPayer, ProfitByMaterialAsPayee, CostByMaterialAsPayer) VALUES ('6e33d899-6a6c-5534-bfc6-d72f24192909', N'Emely Shull', 1, 0, 1)
INSERT dbo.Supplier(Oid, Contact, ProfitByMaterialAsPayer, ProfitByMaterialAsPayee, CostByMaterialAsPayer) VALUES ('394b238c-2ef4-4298-5333-57d1d013a38f', N'Charlsie Alston', 0, 0, 0)
INSERT dbo.Supplier(Oid, Contact, ProfitByMaterialAsPayer, ProfitByMaterialAsPayee, CostByMaterialAsPayer) VALUES ('21d97f61-513d-59dc-abb3-cad96b318fc3', N'Yevette Vanwinkle', 1, 0, 1)
GO

--
-- Enabling DML triggers for dbo.PaymentParticipant
--
ENABLE TRIGGER ALL ON dbo.PaymentParticipant
GO

--
-- Enabling DML triggers for dbo.Project
--
ENABLE TRIGGER ALL ON dbo.Project
GO

--
-- Enabling DML triggers for dbo.Payment
--
ENABLE TRIGGER ALL ON dbo.Payment
GO

--
-- Set NOEXEC to off
--

SET NOEXEC OFF
GO